ds,Year,Month,y
1/1/2010,2010,1,161
1/2/2010,2010,1,197
1/3/2010,2010,1,189
1/4/2010,2010,1,185
1/5/2010,2010,1,153
1/6/2010,2010,1,155
1/7/2010,2010,1,166
1/8/2010,2010,1,168
1/9/2010,2010,1,133
1/10/2010,2010,1,159
1/11/2010,2010,1,159
1/12/2010,2010,1,167
1/13/2010,2010,1,169
1/14/2010,2010,1,171
1/15/2010,2010,1,185
1/16/2010,2010,1,175
1/17/2010,2010,1,157
1/18/2010,2010,1,181
1/19/2010,2010,1,171
1/20/2010,2010,1,166
1/21/2010,2010,1,184
1/22/2010,2010,1,178
1/23/2010,2010,1,145
1/24/2010,2010,1,173
1/25/2010,2010,1,208
1/26/2010,2010,1,177
1/27/2010,2010,1,166
1/28/2010,2010,1,170
1/29/2010,2010,1,183
1/30/2010,2010,1,161
1/31/2010,2010,1,152
2/1/2010,2010,2,169
2/2/2010,2010,2,167
2/3/2010,2010,2,147
2/4/2010,2010,2,168
2/5/2010,2010,2,140
2/6/2010,2010,2,179
2/7/2010,2010,2,156
2/8/2010,2010,2,180
2/9/2010,2010,2,160
2/10/2010,2010,2,164
2/11/2010,2010,2,153
2/12/2010,2010,2,152
2/13/2010,2010,2,165
2/14/2010,2010,2,156
2/15/2010,2010,2,186
2/16/2010,2010,2,185
2/17/2010,2010,2,168
2/18/2010,2010,2,188
2/19/2010,2010,2,172
2/20/2010,2010,2,177
2/21/2010,2010,2,175
2/22/2010,2010,2,219
2/23/2010,2010,2,185
2/24/2010,2010,2,172
2/25/2010,2010,2,176
2/26/2010,2010,2,163
2/27/2010,2010,2,159
2/28/2010,2010,2,157
3/1/2010,2010,3,224
3/2/2010,2010,3,182
3/3/2010,2010,3,167
3/4/2010,2010,3,176
3/5/2010,2010,3,171
3/6/2010,2010,3,171
3/7/2010,2010,3,191
3/8/2010,2010,3,223
3/9/2010,2010,3,169
3/10/2010,2010,3,167
3/11/2010,2010,3,174
3/12/2010,2010,3,187
3/13/2010,2010,3,169
3/14/2010,2010,3,202
3/15/2010,2010,3,198
3/16/2010,2010,3,198
3/17/2010,2010,3,183
3/18/2010,2010,3,179
3/19/2010,2010,3,183
3/20/2010,2010,3,160
3/21/2010,2010,3,151
3/22/2010,2010,3,216
3/23/2010,2010,3,195
3/24/2010,2010,3,192
3/25/2010,2010,3,172
3/26/2010,2010,3,169
3/27/2010,2010,3,179
3/28/2010,2010,3,186
3/29/2010,2010,3,194
3/30/2010,2010,3,195
3/31/2010,2010,3,181
4/1/2010,2010,4,192
4/2/2010,2010,4,198
4/3/2010,2010,4,206
4/4/2010,2010,4,169
4/5/2010,2010,4,193
4/6/2010,2010,4,185
4/7/2010,2010,4,169
4/8/2010,2010,4,174
4/9/2010,2010,4,170
4/10/2010,2010,4,177
4/11/2010,2010,4,179
4/12/2010,2010,4,176
4/13/2010,2010,4,194
4/14/2010,2010,4,165
4/15/2010,2010,4,180
4/16/2010,2010,4,176
4/17/2010,2010,4,164
4/18/2010,2010,4,154
4/19/2010,2010,4,196
4/20/2010,2010,4,193
4/21/2010,2010,4,206
4/22/2010,2010,4,177
4/23/2010,2010,4,172
4/24/2010,2010,4,168
4/25/2010,2010,4,188
4/26/2010,2010,4,205
4/27/2010,2010,4,189
4/28/2010,2010,4,182
4/29/2010,2010,4,168
4/30/2010,2010,4,155
5/1/2010,2010,5,159
5/2/2010,2010,5,198
5/3/2010,2010,5,195
5/4/2010,2010,5,172
5/5/2010,2010,5,188
5/6/2010,2010,5,188
5/7/2010,2010,5,164
5/8/2010,2010,5,162
5/9/2010,2010,5,163
5/10/2010,2010,5,199
5/11/2010,2010,5,185
5/12/2010,2010,5,181
5/13/2010,2010,5,155
5/14/2010,2010,5,184
5/15/2010,2010,5,171
5/16/2010,2010,5,183
5/17/2010,2010,5,186
5/18/2010,2010,5,210
5/19/2010,2010,5,190
5/20/2010,2010,5,192
5/21/2010,2010,5,193
5/22/2010,2010,5,183
5/23/2010,2010,5,180
5/24/2010,2010,5,184
5/25/2010,2010,5,181
5/26/2010,2010,5,178
5/27/2010,2010,5,173
5/28/2010,2010,5,180
5/29/2010,2010,5,167
5/30/2010,2010,5,159
5/31/2010,2010,5,185
6/1/2010,2010,6,195
6/2/2010,2010,6,183
6/3/2010,2010,6,167
6/4/2010,2010,6,185
6/5/2010,2010,6,189
6/6/2010,2010,6,154
6/7/2010,2010,6,191
6/8/2010,2010,6,178
6/9/2010,2010,6,192
6/10/2010,2010,6,182
6/11/2010,2010,6,153
6/12/2010,2010,6,195
6/13/2010,2010,6,195
6/14/2010,2010,6,201
6/15/2010,2010,6,220
6/16/2010,2010,6,143
6/17/2010,2010,6,168
6/18/2010,2010,6,146
6/19/2010,2010,6,166
6/20/2010,2010,6,166
6/21/2010,2010,6,183
6/22/2010,2010,6,167
6/23/2010,2010,6,211
6/24/2010,2010,6,193
6/25/2010,2010,6,185
6/26/2010,2010,6,151
6/27/2010,2010,6,172
6/28/2010,2010,6,218
6/29/2010,2010,6,205
6/30/2010,2010,6,190
7/1/2010,2010,7,149
7/2/2010,2010,7,153
7/3/2010,2010,7,176
7/4/2010,2010,7,168
7/5/2010,2010,7,202
7/6/2010,2010,7,196
7/7/2010,2010,7,164
7/8/2010,2010,7,198
7/9/2010,2010,7,175
7/10/2010,2010,7,178
7/11/2010,2010,7,191
7/12/2010,2010,7,188
7/13/2010,2010,7,188
7/14/2010,2010,7,179
7/15/2010,2010,7,158
7/16/2010,2010,7,185
7/17/2010,2010,7,172
7/18/2010,2010,7,174
7/19/2010,2010,7,209
7/20/2010,2010,7,183
7/21/2010,2010,7,193
7/22/2010,2010,7,195
7/23/2010,2010,7,172
7/24/2010,2010,7,175
7/25/2010,2010,7,191
7/26/2010,2010,7,182
7/27/2010,2010,7,191
7/28/2010,2010,7,193
7/29/2010,2010,7,164
7/30/2010,2010,7,171
7/31/2010,2010,7,169
8/1/2010,2010,8,182
8/2/2010,2010,8,193
8/3/2010,2010,8,194
8/4/2010,2010,8,170
8/5/2010,2010,8,150
8/6/2010,2010,8,176
8/7/2010,2010,8,161
8/8/2010,2010,8,164
8/9/2010,2010,8,194
8/10/2010,2010,8,180
8/11/2010,2010,8,174
8/12/2010,2010,8,176
8/13/2010,2010,8,171
8/14/2010,2010,8,171
8/15/2010,2010,8,192
8/16/2010,2010,8,177
8/17/2010,2010,8,151
8/18/2010,2010,8,176
8/19/2010,2010,8,186
8/20/2010,2010,8,185
8/21/2010,2010,8,174
8/22/2010,2010,8,166
8/23/2010,2010,8,191
8/24/2010,2010,8,165
8/25/2010,2010,8,177
8/26/2010,2010,8,198
8/27/2010,2010,8,182
8/28/2010,2010,8,167
8/29/2010,2010,8,175
8/30/2010,2010,8,212
8/31/2010,2010,8,188
9/1/2010,2010,9,176
9/2/2010,2010,9,184
9/3/2010,2010,9,172
9/4/2010,2010,9,185
9/5/2010,2010,9,194
9/6/2010,2010,9,184
9/7/2010,2010,9,216
9/8/2010,2010,9,180
9/9/2010,2010,9,189
9/10/2010,2010,9,177
9/11/2010,2010,9,174
9/12/2010,2010,9,181
9/13/2010,2010,9,202
9/14/2010,2010,9,202
9/15/2010,2010,9,177
9/16/2010,2010,9,194
9/17/2010,2010,9,175
9/18/2010,2010,9,199
9/19/2010,2010,9,166
9/20/2010,2010,9,205
9/21/2010,2010,9,192
9/22/2010,2010,9,205
9/23/2010,2010,9,170
9/24/2010,2010,9,160
9/25/2010,2010,9,169
9/26/2010,2010,9,185
9/27/2010,2010,9,203
9/28/2010,2010,9,167
9/29/2010,2010,9,180
9/30/2010,2010,9,167
10/1/2010,2010,10,153
10/2/2010,2010,10,182
10/3/2010,2010,10,174
10/4/2010,2010,10,192
10/5/2010,2010,10,172
10/6/2010,2010,10,157
10/7/2010,2010,10,175
10/8/2010,2010,10,178
10/9/2010,2010,10,165
10/10/2010,2010,10,165
10/11/2010,2010,10,190
10/12/2010,2010,10,186
10/13/2010,2010,10,179
10/14/2010,2010,10,173
10/15/2010,2010,10,198
10/16/2010,2010,10,180
10/17/2010,2010,10,179
10/18/2010,2010,10,210
10/19/2010,2010,10,191
10/20/2010,2010,10,171
10/21/2010,2010,10,198
10/22/2010,2010,10,184
10/23/2010,2010,10,179
10/24/2010,2010,10,188
10/25/2010,2010,10,206
10/26/2010,2010,10,176
10/27/2010,2010,10,193
10/28/2010,2010,10,183
10/29/2010,2010,10,149
10/30/2010,2010,10,166
10/31/2010,2010,10,157
11/1/2010,2010,11,199
11/2/2010,2010,11,172
11/3/2010,2010,11,185
11/4/2010,2010,11,169
11/5/2010,2010,11,184
11/6/2010,2010,11,140
11/7/2010,2010,11,168
11/8/2010,2010,11,193
11/9/2010,2010,11,174
11/10/2010,2010,11,166
11/11/2010,2010,11,195
11/12/2010,2010,11,166
11/13/2010,2010,11,181
11/14/2010,2010,11,177
11/15/2010,2010,11,197
11/16/2010,2010,11,191
11/17/2010,2010,11,171
11/18/2010,2010,11,159
11/19/2010,2010,11,165
11/20/2010,2010,11,167
11/21/2010,2010,11,192
11/22/2010,2010,11,202
11/23/2010,2010,11,194
11/24/2010,2010,11,176
11/25/2010,2010,11,136
11/26/2010,2010,11,177
11/27/2010,2010,11,202
11/28/2010,2010,11,177
11/29/2010,2010,11,207
11/30/2010,2010,11,198
12/1/2010,2010,12,179
12/2/2010,2010,12,167
12/3/2010,2010,12,155
12/4/2010,2010,12,174
12/5/2010,2010,12,189
12/6/2010,2010,12,191
12/7/2010,2010,12,169
12/8/2010,2010,12,181
12/9/2010,2010,12,186
12/10/2010,2010,12,164
12/11/2010,2010,12,166
12/12/2010,2010,12,186
12/13/2010,2010,12,192
12/14/2010,2010,12,170
12/15/2010,2010,12,166
12/16/2010,2010,12,193
12/17/2010,2010,12,191
12/18/2010,2010,12,196
12/19/2010,2010,12,194
12/20/2010,2010,12,202
12/21/2010,2010,12,182
12/22/2010,2010,12,169
12/23/2010,2010,12,156
12/24/2010,2010,12,158
12/25/2010,2010,12,178
12/26/2010,2010,12,207
12/27/2010,2010,12,211
12/28/2010,2010,12,188
12/29/2010,2010,12,192
12/30/2010,2010,12,199
12/31/2010,2010,12,196
1/1/2011,2011,1,224
1/2/2011,2011,1,207
1/3/2011,2011,1,221
1/4/2011,2011,1,195
1/5/2011,2011,1,190
1/6/2011,2011,1,228
1/7/2011,2011,1,203
1/8/2011,2011,1,189
1/9/2011,2011,1,172
1/10/2011,2011,1,202
1/11/2011,2011,1,205
1/12/2011,2011,1,171
1/13/2011,2011,1,168
1/14/2011,2011,1,166
1/15/2011,2011,1,176
1/16/2011,2011,1,166
1/17/2011,2011,1,176
1/18/2011,2011,1,179
1/19/2011,2011,1,204
1/20/2011,2011,1,191
1/21/2011,2011,1,209
1/22/2011,2011,1,181
1/23/2011,2011,1,177
1/24/2011,2011,1,212
1/25/2011,2011,1,196
1/26/2011,2011,1,180
1/27/2011,2011,1,170
1/28/2011,2011,1,203
1/29/2011,2011,1,169
1/30/2011,2011,1,182
1/31/2011,2011,1,197
2/1/2011,2011,2,196
2/2/2011,2011,2,187
2/3/2011,2011,2,190
2/4/2011,2011,2,200
2/5/2011,2011,2,165
2/6/2011,2011,2,182
2/7/2011,2011,2,197
2/8/2011,2011,2,174
2/9/2011,2011,2,195
2/10/2011,2011,2,182
2/11/2011,2011,2,196
2/12/2011,2011,2,161
2/13/2011,2011,2,177
2/14/2011,2011,2,186
2/15/2011,2011,2,188
2/16/2011,2011,2,176
2/17/2011,2011,2,196
2/18/2011,2011,2,214
2/19/2011,2011,2,163
2/20/2011,2011,2,191
2/21/2011,2011,2,211
2/22/2011,2011,2,204
2/23/2011,2011,2,190
2/24/2011,2011,2,199
2/25/2011,2011,2,193
2/26/2011,2011,2,185
2/27/2011,2011,2,190
2/28/2011,2011,2,214
3/1/2011,2011,3,182
3/2/2011,2011,3,183
3/3/2011,2011,3,186
3/4/2011,2011,3,187
3/5/2011,2011,3,176
3/6/2011,2011,3,175
3/7/2011,2011,3,203
3/8/2011,2011,3,201
3/9/2011,2011,3,184
3/10/2011,2011,3,186
3/11/2011,2011,3,189
3/12/2011,2011,3,186
3/13/2011,2011,3,183
3/14/2011,2011,3,216
3/15/2011,2011,3,196
3/16/2011,2011,3,181
3/17/2011,2011,3,179
3/18/2011,2011,3,186
3/19/2011,2011,3,177
3/20/2011,2011,3,193
3/21/2011,2011,3,218
3/22/2011,2011,3,190
3/23/2011,2011,3,202
3/24/2011,2011,3,164
3/25/2011,2011,3,183
3/26/2011,2011,3,178
3/27/2011,2011,3,196
3/28/2011,2011,3,180
3/29/2011,2011,3,193
3/30/2011,2011,3,211
3/31/2011,2011,3,170
4/1/2011,2011,4,170
4/2/2011,2011,4,192
4/3/2011,2011,4,179
4/4/2011,2011,4,226
4/5/2011,2011,4,178
4/6/2011,2011,4,179
4/7/2011,2011,4,212
4/8/2011,2011,4,200
4/9/2011,2011,4,162
4/10/2011,2011,4,192
4/11/2011,2011,4,193
4/12/2011,2011,4,181
4/13/2011,2011,4,163
4/14/2011,2011,4,189
4/15/2011,2011,4,165
4/16/2011,2011,4,158
4/17/2011,2011,4,177
4/18/2011,2011,4,204
4/19/2011,2011,4,179
4/20/2011,2011,4,175
4/21/2011,2011,4,187
4/22/2011,2011,4,174
4/23/2011,2011,4,192
4/24/2011,2011,4,192
4/25/2011,2011,4,204
4/26/2011,2011,4,199
4/27/2011,2011,4,208
4/28/2011,2011,4,167
4/29/2011,2011,4,181
4/30/2011,2011,4,149
5/1/2011,2011,5,158
5/2/2011,2011,5,205
5/3/2011,2011,5,185
5/4/2011,2011,5,208
5/5/2011,2011,5,177
5/6/2011,2011,5,174
5/7/2011,2011,5,180
5/8/2011,2011,5,162
5/9/2011,2011,5,215
5/10/2011,2011,5,194
5/11/2011,2011,5,173
5/12/2011,2011,5,167
5/13/2011,2011,5,179
5/14/2011,2011,5,199
5/15/2011,2011,5,177
5/16/2011,2011,5,206
5/17/2011,2011,5,176
5/18/2011,2011,5,171
5/19/2011,2011,5,186
5/20/2011,2011,5,186
5/21/2011,2011,5,188
5/22/2011,2011,5,196
5/23/2011,2011,5,213
5/24/2011,2011,5,181
5/25/2011,2011,5,167
5/26/2011,2011,5,163
5/27/2011,2011,5,185
5/28/2011,2011,5,169
5/29/2011,2011,5,161
5/30/2011,2011,5,185
5/31/2011,2011,5,191
6/1/2011,2011,6,184
6/2/2011,2011,6,178
6/3/2011,2011,6,159
6/4/2011,2011,6,167
6/5/2011,2011,6,189
6/6/2011,2011,6,192
6/7/2011,2011,6,190
6/8/2011,2011,6,173
6/9/2011,2011,6,171
6/10/2011,2011,6,153
6/11/2011,2011,6,164
6/12/2011,2011,6,187
6/13/2011,2011,6,191
6/14/2011,2011,6,192
6/15/2011,2011,6,180
6/16/2011,2011,6,177
6/17/2011,2011,6,167
6/18/2011,2011,6,158
6/19/2011,2011,6,178
6/20/2011,2011,6,195
6/21/2011,2011,6,202
6/22/2011,2011,6,180
6/23/2011,2011,6,163
6/24/2011,2011,6,155
6/25/2011,2011,6,175
6/26/2011,2011,6,175
6/27/2011,2011,6,194
6/28/2011,2011,6,163
6/29/2011,2011,6,166
6/30/2011,2011,6,178
7/1/2011,2011,7,160
7/2/2011,2011,7,158
7/3/2011,2011,7,170
7/4/2011,2011,7,183
7/5/2011,2011,7,188
7/6/2011,2011,7,170
7/7/2011,2011,7,176
7/8/2011,2011,7,178
7/9/2011,2011,7,178
7/10/2011,2011,7,182
7/11/2011,2011,7,199
7/12/2011,2011,7,177
7/13/2011,2011,7,180
7/14/2011,2011,7,188
7/15/2011,2011,7,184
7/16/2011,2011,7,188
7/17/2011,2011,7,162
7/18/2011,2011,7,211
7/19/2011,2011,7,183
7/20/2011,2011,7,179
7/21/2011,2011,7,156
7/22/2011,2011,7,176
7/23/2011,2011,7,178
7/24/2011,2011,7,173
7/25/2011,2011,7,203
7/26/2011,2011,7,191
7/27/2011,2011,7,158
7/28/2011,2011,7,145
7/29/2011,2011,7,163
7/30/2011,2011,7,186
7/31/2011,2011,7,179
8/1/2011,2011,8,187
8/2/2011,2011,8,168
8/3/2011,2011,8,176
8/4/2011,2011,8,188
8/5/2011,2011,8,185
8/6/2011,2011,8,188
8/7/2011,2011,8,165
8/8/2011,2011,8,177
8/9/2011,2011,8,181
8/10/2011,2011,8,177
8/11/2011,2011,8,200
8/12/2011,2011,8,187
8/13/2011,2011,8,173
8/14/2011,2011,8,159
8/15/2011,2011,8,174
8/16/2011,2011,8,172
8/17/2011,2011,8,173
8/18/2011,2011,8,178
8/19/2011,2011,8,175
8/20/2011,2011,8,176
8/21/2011,2011,8,178
8/22/2011,2011,8,211
8/23/2011,2011,8,190
8/24/2011,2011,8,204
8/25/2011,2011,8,175
8/26/2011,2011,8,189
8/27/2011,2011,8,178
8/28/2011,2011,8,192
8/29/2011,2011,8,195
8/30/2011,2011,8,175
8/31/2011,2011,8,164
9/1/2011,2011,9,181
9/2/2011,2011,9,197
9/3/2011,2011,9,173
9/4/2011,2011,9,185
9/5/2011,2011,9,199
9/6/2011,2011,9,198
9/7/2011,2011,9,173
9/8/2011,2011,9,194
9/9/2011,2011,9,194
9/10/2011,2011,9,183
9/11/2011,2011,9,197
9/12/2011,2011,9,189
9/13/2011,2011,9,162
9/14/2011,2011,9,192
9/15/2011,2011,9,168
9/16/2011,2011,9,185
9/17/2011,2011,9,169
9/18/2011,2011,9,167
9/19/2011,2011,9,195
9/20/2011,2011,9,184
9/21/2011,2011,9,167
9/22/2011,2011,9,176
9/23/2011,2011,9,168
9/24/2011,2011,9,177
9/25/2011,2011,9,194
9/26/2011,2011,9,190
9/27/2011,2011,9,180
9/28/2011,2011,9,177
9/29/2011,2011,9,183
9/30/2011,2011,9,188
10/1/2011,2011,10,151
10/2/2011,2011,10,182
10/3/2011,2011,10,176
10/4/2011,2011,10,217
10/5/2011,2011,10,171
10/6/2011,2011,10,194
10/7/2011,2011,10,166
10/8/2011,2011,10,157
10/9/2011,2011,10,169
10/10/2011,2011,10,197
10/11/2011,2011,10,181
10/12/2011,2011,10,180
10/13/2011,2011,10,182
10/14/2011,2011,10,170
10/15/2011,2011,10,163
10/16/2011,2011,10,180
10/17/2011,2011,10,203
10/18/2011,2011,10,182
10/19/2011,2011,10,172
10/20/2011,2011,10,167
10/21/2011,2011,10,173
10/22/2011,2011,10,163
10/23/2011,2011,10,171
10/24/2011,2011,10,166
10/25/2011,2011,10,154
10/26/2011,2011,10,167
10/27/2011,2011,10,189
10/28/2011,2011,10,165
10/29/2011,2011,10,172
10/30/2011,2011,10,175
10/31/2011,2011,10,158
11/1/2011,2011,11,211
11/2/2011,2011,11,174
11/3/2011,2011,11,176
11/4/2011,2011,11,189
11/5/2011,2011,11,156
11/6/2011,2011,11,202
11/7/2011,2011,11,190
11/8/2011,2011,11,178
11/9/2011,2011,11,183
11/10/2011,2011,11,191
11/11/2011,2011,11,173
11/12/2011,2011,11,164
11/13/2011,2011,11,184
11/14/2011,2011,11,210
11/15/2011,2011,11,198
11/16/2011,2011,11,180
11/17/2011,2011,11,167
11/18/2011,2011,11,176
11/19/2011,2011,11,184
11/20/2011,2011,11,174
11/21/2011,2011,11,192
11/22/2011,2011,11,183
11/23/2011,2011,11,151
11/24/2011,2011,11,151
11/25/2011,2011,11,200
11/26/2011,2011,11,196
11/27/2011,2011,11,191
11/28/2011,2011,11,210
11/29/2011,2011,11,186
11/30/2011,2011,11,191
12/1/2011,2011,12,188
12/2/2011,2011,12,154
12/3/2011,2011,12,160
12/4/2011,2011,12,169
12/5/2011,2011,12,187
12/6/2011,2011,12,186
12/7/2011,2011,12,171
12/8/2011,2011,12,167
12/9/2011,2011,12,186
12/10/2011,2011,12,171
12/11/2011,2011,12,177
12/12/2011,2011,12,204
12/13/2011,2011,12,179
12/14/2011,2011,12,172
12/15/2011,2011,12,159
12/16/2011,2011,12,179
12/17/2011,2011,12,181
12/18/2011,2011,12,162
12/19/2011,2011,12,181
12/20/2011,2011,12,185
12/21/2011,2011,12,183
12/22/2011,2011,12,186
12/23/2011,2011,12,187
12/24/2011,2011,12,157
12/25/2011,2011,12,151
12/26/2011,2011,12,231
12/27/2011,2011,12,211
12/28/2011,2011,12,177
12/29/2011,2011,12,192
12/30/2011,2011,12,193
12/31/2011,2011,12,158
1/1/2012,2012,1,179
1/2/2012,2012,1,218
1/3/2012,2012,1,188
1/4/2012,2012,1,180
1/5/2012,2012,1,175
1/6/2012,2012,1,188
1/7/2012,2012,1,159
1/8/2012,2012,1,187
1/9/2012,2012,1,187
1/10/2012,2012,1,191
1/11/2012,2012,1,170
1/12/2012,2012,1,190
1/13/2012,2012,1,179
1/14/2012,2012,1,171
1/15/2012,2012,1,166
1/16/2012,2012,1,194
1/17/2012,2012,1,197
1/18/2012,2012,1,206
1/19/2012,2012,1,190
1/20/2012,2012,1,179
1/21/2012,2012,1,188
1/22/2012,2012,1,193
1/23/2012,2012,1,224
1/24/2012,2012,1,201
1/25/2012,2012,1,204
1/26/2012,2012,1,181
1/27/2012,2012,1,198
1/28/2012,2012,1,207
1/29/2012,2012,1,205
1/30/2012,2012,1,197
1/31/2012,2012,1,188
2/1/2012,2012,2,216
2/2/2012,2012,2,197
2/3/2012,2012,2,197
2/4/2012,2012,2,205
2/5/2012,2012,2,190
2/6/2012,2012,2,225
2/7/2012,2012,2,222
2/8/2012,2012,2,179
2/9/2012,2012,2,195
2/10/2012,2012,2,191
2/11/2012,2012,2,155
2/12/2012,2012,2,162
2/13/2012,2012,2,198
2/14/2012,2012,2,172
2/15/2012,2012,2,214
2/16/2012,2012,2,184
2/17/2012,2012,2,194
2/18/2012,2012,2,206
2/19/2012,2012,2,196
2/20/2012,2012,2,198
2/21/2012,2012,2,203
2/22/2012,2012,2,197
2/23/2012,2012,2,197
2/24/2012,2012,2,201
2/25/2012,2012,2,215
2/26/2012,2012,2,177
2/27/2012,2012,2,225
2/28/2012,2012,2,218
2/29/2012,2012,2,214
3/1/2012,2012,3,193
3/2/2012,2012,3,182
3/3/2012,2012,3,201
3/4/2012,2012,3,212
3/5/2012,2012,3,222
3/6/2012,2012,3,209
3/7/2012,2012,3,216
3/8/2012,2012,3,190
3/9/2012,2012,3,215
3/10/2012,2012,3,205
3/11/2012,2012,3,182
3/12/2012,2012,3,235
3/13/2012,2012,3,216
3/14/2012,2012,3,212
3/15/2012,2012,3,210
3/16/2012,2012,3,184
3/17/2012,2012,3,197
3/18/2012,2012,3,200
3/19/2012,2012,3,217
3/20/2012,2012,3,211
3/21/2012,2012,3,215
3/22/2012,2012,3,177
3/23/2012,2012,3,197
3/24/2012,2012,3,199
3/25/2012,2012,3,199
3/26/2012,2012,3,219
3/27/2012,2012,3,223
3/28/2012,2012,3,203
3/29/2012,2012,3,199
3/30/2012,2012,3,192
3/31/2012,2012,3,180
4/1/2012,2012,4,214
4/2/2012,2012,4,214
4/3/2012,2012,4,197
4/4/2012,2012,4,189
4/5/2012,2012,4,196
4/6/2012,2012,4,180
4/7/2012,2012,4,182
4/8/2012,2012,4,180
4/9/2012,2012,4,209
4/10/2012,2012,4,196
4/11/2012,2012,4,213
4/12/2012,2012,4,201
4/13/2012,2012,4,208
4/14/2012,2012,4,184
4/15/2012,2012,4,193
4/16/2012,2012,4,189
4/17/2012,2012,4,200
4/18/2012,2012,4,212
4/19/2012,2012,4,193
4/20/2012,2012,4,187
4/21/2012,2012,4,194
4/22/2012,2012,4,192
4/23/2012,2012,4,218
4/24/2012,2012,4,196
4/25/2012,2012,4,179
4/26/2012,2012,4,162
4/27/2012,2012,4,186
4/28/2012,2012,4,186
4/29/2012,2012,4,193
4/30/2012,2012,4,235
5/1/2012,2012,5,193
5/2/2012,2012,5,235
5/3/2012,2012,5,191
5/4/2012,2012,5,201
5/5/2012,2012,5,185
5/6/2012,2012,5,199
5/7/2012,2012,5,197
5/8/2012,2012,5,206
5/9/2012,2012,5,172
5/10/2012,2012,5,198
5/11/2012,2012,5,196
5/12/2012,2012,5,177
5/13/2012,2012,5,194
5/14/2012,2012,5,217
5/15/2012,2012,5,193
5/16/2012,2012,5,208
5/17/2012,2012,5,184
5/18/2012,2012,5,185
5/19/2012,2012,5,193
5/20/2012,2012,5,199
5/21/2012,2012,5,225
5/22/2012,2012,5,189
5/23/2012,2012,5,212
5/24/2012,2012,5,196
5/25/2012,2012,5,213
5/26/2012,2012,5,191
5/27/2012,2012,5,206
5/28/2012,2012,5,204
5/29/2012,2012,5,199
5/30/2012,2012,5,198
5/31/2012,2012,5,197
6/1/2012,2012,6,172
6/2/2012,2012,6,174
6/3/2012,2012,6,210
6/4/2012,2012,6,198
6/5/2012,2012,6,183
6/6/2012,2012,6,205
6/7/2012,2012,6,205
6/8/2012,2012,6,190
6/9/2012,2012,6,188
6/10/2012,2012,6,170
6/11/2012,2012,6,236
6/12/2012,2012,6,193
6/13/2012,2012,6,217
6/14/2012,2012,6,198
6/15/2012,2012,6,216
6/16/2012,2012,6,183
6/17/2012,2012,6,201
6/18/2012,2012,6,224
6/19/2012,2012,6,194
6/20/2012,2012,6,169
6/21/2012,2012,6,182
6/22/2012,2012,6,162
6/23/2012,2012,6,169
6/24/2012,2012,6,172
6/25/2012,2012,6,212
6/26/2012,2012,6,152
6/27/2012,2012,6,172
6/28/2012,2012,6,159
6/29/2012,2012,6,192
6/30/2012,2012,6,206
7/1/2012,2012,7,182
7/2/2012,2012,7,213
7/3/2012,2012,7,191
7/4/2012,2012,7,171
7/5/2012,2012,7,228
7/6/2012,2012,7,215
7/7/2012,2012,7,188
7/8/2012,2012,7,200
7/9/2012,2012,7,210
7/10/2012,2012,7,218
7/11/2012,2012,7,192
7/12/2012,2012,7,197
7/13/2012,2012,7,192
7/14/2012,2012,7,201
7/15/2012,2012,7,210
7/16/2012,2012,7,215
7/17/2012,2012,7,178
7/18/2012,2012,7,190
7/19/2012,2012,7,190
7/20/2012,2012,7,189
7/21/2012,2012,7,220
7/22/2012,2012,7,201
7/23/2012,2012,7,205
7/24/2012,2012,7,195
7/25/2012,2012,7,217
7/26/2012,2012,7,203
7/27/2012,2012,7,190
7/28/2012,2012,7,201
7/29/2012,2012,7,175
7/30/2012,2012,7,234
7/31/2012,2012,7,195
8/1/2012,2012,8,212
8/2/2012,2012,8,180
8/3/2012,2012,8,201
8/4/2012,2012,8,168
8/5/2012,2012,8,182
8/6/2012,2012,8,215
8/7/2012,2012,8,193
8/8/2012,2012,8,202
8/9/2012,2012,8,204
8/10/2012,2012,8,191
8/11/2012,2012,8,169
8/12/2012,2012,8,175
8/13/2012,2012,8,194
8/14/2012,2012,8,217
8/15/2012,2012,8,185
8/16/2012,2012,8,207
8/17/2012,2012,8,190
8/18/2012,2012,8,168
8/19/2012,2012,8,195
8/20/2012,2012,8,203
8/21/2012,2012,8,193
8/22/2012,2012,8,204
8/23/2012,2012,8,206
8/24/2012,2012,8,205
8/25/2012,2012,8,196
8/26/2012,2012,8,189
8/27/2012,2012,8,205
8/28/2012,2012,8,203
8/29/2012,2012,8,178
8/30/2012,2012,8,219
8/31/2012,2012,8,201
9/1/2012,2012,9,192
9/2/2012,2012,9,205
9/3/2012,2012,9,222
9/4/2012,2012,9,232
9/5/2012,2012,9,205
9/6/2012,2012,9,203
9/7/2012,2012,9,196
9/8/2012,2012,9,188
9/9/2012,2012,9,196
9/10/2012,2012,9,243
9/11/2012,2012,9,225
9/12/2012,2012,9,197
9/13/2012,2012,9,205
9/14/2012,2012,9,184
9/15/2012,2012,9,189
9/16/2012,2012,9,197
9/17/2012,2012,9,232
9/18/2012,2012,9,201
9/19/2012,2012,9,208
9/20/2012,2012,9,207
9/21/2012,2012,9,199
9/22/2012,2012,9,172
9/23/2012,2012,9,203
9/24/2012,2012,9,221
9/25/2012,2012,9,202
9/26/2012,2012,9,197
9/27/2012,2012,9,217
9/28/2012,2012,9,200
9/29/2012,2012,9,200
9/30/2012,2012,9,188
10/1/2012,2012,10,218
10/2/2012,2012,10,215
10/3/2012,2012,10,211
10/4/2012,2012,10,190
10/5/2012,2012,10,201
10/6/2012,2012,10,189
10/7/2012,2012,10,213
10/8/2012,2012,10,210
10/9/2012,2012,10,232
10/10/2012,2012,10,223
10/11/2012,2012,10,182
10/12/2012,2012,10,194
10/13/2012,2012,10,183
10/14/2012,2012,10,199
10/15/2012,2012,10,229
10/16/2012,2012,10,207
10/17/2012,2012,10,223
10/18/2012,2012,10,191
10/19/2012,2012,10,179
10/20/2012,2012,10,173
10/21/2012,2012,10,221
10/22/2012,2012,10,224
10/23/2012,2012,10,198
10/24/2012,2012,10,204
10/25/2012,2012,10,212
10/26/2012,2012,10,218
10/27/2012,2012,10,185
10/28/2012,2012,10,180
10/29/2012,2012,10,207
10/30/2012,2012,10,179
10/31/2012,2012,10,168
11/1/2012,2012,11,212
11/2/2012,2012,11,208
11/3/2012,2012,11,201
11/4/2012,2012,11,200
11/5/2012,2012,11,228
11/6/2012,2012,11,212
11/7/2012,2012,11,196
11/8/2012,2012,11,195
11/9/2012,2012,11,205
11/10/2012,2012,11,196
11/11/2012,2012,11,208
11/12/2012,2012,11,234
11/13/2012,2012,11,227
11/14/2012,2012,11,195
11/15/2012,2012,11,219
11/16/2012,2012,11,177
11/17/2012,2012,11,205
11/18/2012,2012,11,184
11/19/2012,2012,11,225
11/20/2012,2012,11,182
11/21/2012,2012,11,188
11/22/2012,2012,11,160
11/23/2012,2012,11,210
11/24/2012,2012,11,222
11/25/2012,2012,11,198
11/26/2012,2012,11,243
11/27/2012,2012,11,204
11/28/2012,2012,11,205
11/29/2012,2012,11,197
11/30/2012,2012,11,203
12/1/2012,2012,12,183
12/2/2012,2012,12,219
12/3/2012,2012,12,242
12/4/2012,2012,12,211
12/5/2012,2012,12,216
12/6/2012,2012,12,227
12/7/2012,2012,12,209
12/8/2012,2012,12,200
12/9/2012,2012,12,196
12/10/2012,2012,12,232
12/11/2012,2012,12,227
12/12/2012,2012,12,212
12/13/2012,2012,12,198
12/14/2012,2012,12,219
12/15/2012,2012,12,197
12/16/2012,2012,12,204
12/17/2012,2012,12,236
12/18/2012,2012,12,221
12/19/2012,2012,12,214
12/20/2012,2012,12,183
12/21/2012,2012,12,180
12/22/2012,2012,12,194
12/23/2012,2012,12,245
12/24/2012,2012,12,178
12/25/2012,2012,12,193
12/26/2012,2012,12,220
12/27/2012,2012,12,227
12/28/2012,2012,12,241
12/29/2012,2012,12,246
12/30/2012,2012,12,220
12/31/2012,2012,12,223
1/1/2013,2013,1,253
1/2/2013,2013,1,252
1/3/2013,2013,1,236
1/4/2013,2013,1,204
1/5/2013,2013,1,200
1/6/2013,2013,1,203
1/7/2013,2013,1,204
1/8/2013,2013,1,205
1/9/2013,2013,1,208
1/10/2013,2013,1,218
1/11/2013,2013,1,191
1/12/2013,2013,1,219
1/13/2013,2013,1,208
1/14/2013,2013,1,229
1/15/2013,2013,1,186
1/16/2013,2013,1,201
1/17/2013,2013,1,210
1/18/2013,2013,1,209
1/19/2013,2013,1,196
1/20/2013,2013,1,192
1/21/2013,2013,1,188
1/22/2013,2013,1,218
1/23/2013,2013,1,190
1/24/2013,2013,1,218
1/25/2013,2013,1,192
1/26/2013,2013,1,190
1/27/2013,2013,1,190
1/28/2013,2013,1,233
1/29/2013,2013,1,206
1/30/2013,2013,1,192
1/31/2013,2013,1,178
2/1/2013,2013,2,197
2/2/2013,2013,2,183
2/3/2013,2013,2,189
2/4/2013,2013,2,244
2/5/2013,2013,2,197
2/6/2013,2013,2,208
2/7/2013,2013,2,208
2/8/2013,2013,2,215
2/9/2013,2013,2,212
2/10/2013,2013,2,197
2/11/2013,2013,2,229
2/12/2013,2013,2,218
2/13/2013,2013,2,182
2/14/2013,2013,2,200
2/15/2013,2013,2,180
2/16/2013,2013,2,187
2/17/2013,2013,2,205
2/18/2013,2013,2,193
2/19/2013,2013,2,214
2/20/2013,2013,2,193
2/21/2013,2013,2,211
2/22/2013,2013,2,210
2/23/2013,2013,2,181
2/24/2013,2013,2,213
2/25/2013,2013,2,228
2/26/2013,2013,2,222
2/27/2013,2013,2,206
2/28/2013,2013,2,204
3/1/2013,2013,3,182
3/2/2013,2013,3,198
3/3/2013,2013,3,180
3/4/2013,2013,3,211
3/5/2013,2013,3,215
3/6/2013,2013,3,188
3/7/2013,2013,3,199
3/8/2013,2013,3,207
3/9/2013,2013,3,190
3/10/2013,2013,3,214
3/11/2013,2013,3,231
3/12/2013,2013,3,207
3/13/2013,2013,3,206
3/14/2013,2013,3,211
3/15/2013,2013,3,197
3/16/2013,2013,3,193
3/17/2013,2013,3,201
3/18/2013,2013,3,239
3/19/2013,2013,3,222
3/20/2013,2013,3,202
3/21/2013,2013,3,209
3/22/2013,2013,3,195
3/23/2013,2013,3,233
3/24/2013,2013,3,185
3/25/2013,2013,3,221
3/26/2013,2013,3,191
3/27/2013,2013,3,192
3/28/2013,2013,3,195
3/29/2013,2013,3,164
3/30/2013,2013,3,189
3/31/2013,2013,3,192
4/1/2013,2013,4,252
4/2/2013,2013,4,232
4/3/2013,2013,4,208
4/4/2013,2013,4,206
4/5/2013,2013,4,185
4/6/2013,2013,4,197
4/7/2013,2013,4,221
4/8/2013,2013,4,229
4/9/2013,2013,4,222
4/10/2013,2013,4,203
4/11/2013,2013,4,231
4/12/2013,2013,4,209
4/13/2013,2013,4,198
4/14/2013,2013,4,201
4/15/2013,2013,4,240
4/16/2013,2013,4,226
4/17/2013,2013,4,210
4/18/2013,2013,4,202
4/19/2013,2013,4,214
4/20/2013,2013,4,189
4/21/2013,2013,4,202
4/22/2013,2013,4,212
4/23/2013,2013,4,216
4/24/2013,2013,4,190
4/25/2013,2013,4,211
4/26/2013,2013,4,189
4/27/2013,2013,4,200
4/28/2013,2013,4,191
4/29/2013,2013,4,208
4/30/2013,2013,4,193
5/1/2013,2013,5,219
5/2/2013,2013,5,180
5/3/2013,2013,5,205
5/4/2013,2013,5,192
5/5/2013,2013,5,200
5/6/2013,2013,5,246
5/7/2013,2013,5,214
5/8/2013,2013,5,218
5/9/2013,2013,5,208
5/10/2013,2013,5,192
5/11/2013,2013,5,199
5/12/2013,2013,5,177
5/13/2013,2013,5,229
5/14/2013,2013,5,205
5/15/2013,2013,5,202
5/16/2013,2013,5,175
5/17/2013,2013,5,201
5/18/2013,2013,5,192
5/19/2013,2013,5,199
5/20/2013,2013,5,226
5/21/2013,2013,5,201
5/22/2013,2013,5,203
5/23/2013,2013,5,210
5/24/2013,2013,5,198
5/25/2013,2013,5,200
5/26/2013,2013,5,188
5/27/2013,2013,5,216
5/28/2013,2013,5,252
5/29/2013,2013,5,199
5/30/2013,2013,5,201
5/31/2013,2013,5,191
6/1/2013,2013,6,188
6/2/2013,2013,6,155
6/3/2013,2013,6,240
6/4/2013,2013,6,197
6/5/2013,2013,6,181
6/6/2013,2013,6,194
6/7/2013,2013,6,204
6/8/2013,2013,6,206
6/9/2013,2013,6,203
6/10/2013,2013,6,228
6/11/2013,2013,6,187
6/12/2013,2013,6,195
6/13/2013,2013,6,197
6/14/2013,2013,6,195
6/15/2013,2013,6,191
6/16/2013,2013,6,187
6/17/2013,2013,6,216
6/18/2013,2013,6,233
6/19/2013,2013,6,205
6/20/2013,2013,6,210
6/21/2013,2013,6,207
6/22/2013,2013,6,209
6/23/2013,2013,6,187
6/24/2013,2013,6,222
6/25/2013,2013,6,221
6/26/2013,2013,6,195
6/27/2013,2013,6,207
6/28/2013,2013,6,201
6/29/2013,2013,6,187
6/30/2013,2013,6,183
7/1/2013,2013,7,227
7/2/2013,2013,7,221
7/3/2013,2013,7,199
7/4/2013,2013,7,172
7/5/2013,2013,7,226
7/6/2013,2013,7,216
7/7/2013,2013,7,209
7/8/2013,2013,7,255
7/9/2013,2013,7,207
7/10/2013,2013,7,188
7/11/2013,2013,7,202
7/12/2013,2013,7,188
7/13/2013,2013,7,190
7/14/2013,2013,7,194
7/15/2013,2013,7,203
7/16/2013,2013,7,201
7/17/2013,2013,7,216
7/18/2013,2013,7,203
7/19/2013,2013,7,223
7/20/2013,2013,7,198
7/21/2013,2013,7,186
7/22/2013,2013,7,236
7/23/2013,2013,7,227
7/24/2013,2013,7,186
7/25/2013,2013,7,206
7/26/2013,2013,7,197
7/27/2013,2013,7,186
7/28/2013,2013,7,205
7/29/2013,2013,7,240
7/30/2013,2013,7,170
7/31/2013,2013,7,211
8/1/2013,2013,8,205
8/2/2013,2013,8,191
8/3/2013,2013,8,182
8/4/2013,2013,8,195
8/5/2013,2013,8,204
8/6/2013,2013,8,200
8/7/2013,2013,8,219
8/8/2013,2013,8,203
8/9/2013,2013,8,183
8/10/2013,2013,8,195
8/11/2013,2013,8,206
8/12/2013,2013,8,205
8/13/2013,2013,8,206
8/14/2013,2013,8,176
8/15/2013,2013,8,186
8/16/2013,2013,8,196
8/17/2013,2013,8,197
8/18/2013,2013,8,202
8/19/2013,2013,8,222
8/20/2013,2013,8,219
8/21/2013,2013,8,196
8/22/2013,2013,8,216
8/23/2013,2013,8,203
8/24/2013,2013,8,180
8/25/2013,2013,8,191
8/26/2013,2013,8,212
8/27/2013,2013,8,215
8/28/2013,2013,8,200
8/29/2013,2013,8,209
8/30/2013,2013,8,184
8/31/2013,2013,8,200
9/1/2013,2013,9,203
9/2/2013,2013,9,262
9/3/2013,2013,9,255
9/4/2013,2013,9,232
9/5/2013,2013,9,247
9/6/2013,2013,9,219
9/7/2013,2013,9,183
9/8/2013,2013,9,225
9/9/2013,2013,9,253
9/10/2013,2013,9,210
9/11/2013,2013,9,225
9/12/2013,2013,9,215
9/13/2013,2013,9,196
9/14/2013,2013,9,231
9/15/2013,2013,9,200
9/16/2013,2013,9,228
9/17/2013,2013,9,225
9/18/2013,2013,9,238
9/19/2013,2013,9,238
9/20/2013,2013,9,202
9/21/2013,2013,9,191
9/22/2013,2013,9,207
9/23/2013,2013,9,230
9/24/2013,2013,9,228
9/25/2013,2013,9,176
9/26/2013,2013,9,212
9/27/2013,2013,9,216
9/28/2013,2013,9,208
9/29/2013,2013,9,209
9/30/2013,2013,9,214
10/1/2013,2013,10,207
10/2/2013,2013,10,209
10/3/2013,2013,10,202
10/4/2013,2013,10,219
10/5/2013,2013,10,208
10/6/2013,2013,10,186
10/7/2013,2013,10,223
10/8/2013,2013,10,220
10/9/2013,2013,10,226
10/10/2013,2013,10,209
10/11/2013,2013,10,211
10/12/2013,2013,10,190
10/13/2013,2013,10,213
10/14/2013,2013,10,258
10/15/2013,2013,10,228
10/16/2013,2013,10,232
10/17/2013,2013,10,211
10/18/2013,2013,10,201
10/19/2013,2013,10,218
10/20/2013,2013,10,211
10/21/2013,2013,10,235
10/22/2013,2013,10,216
10/23/2013,2013,10,192
10/24/2013,2013,10,200
10/25/2013,2013,10,204
10/26/2013,2013,10,197
10/27/2013,2013,10,197
10/28/2013,2013,10,219
10/29/2013,2013,10,237
10/30/2013,2013,10,204
10/31/2013,2013,10,197
11/1/2013,2013,11,214
11/2/2013,2013,11,198
11/3/2013,2013,11,222
11/4/2013,2013,11,196
11/5/2013,2013,11,219
11/6/2013,2013,11,230
11/7/2013,2013,11,219
11/8/2013,2013,11,206
11/9/2013,2013,11,209
11/10/2013,2013,11,206
11/11/2013,2013,11,239
11/12/2013,2013,11,195
11/13/2013,2013,11,221
11/14/2013,2013,11,201
11/15/2013,2013,11,207
11/16/2013,2013,11,226
11/17/2013,2013,11,227
11/18/2013,2013,11,229
11/19/2013,2013,11,223
11/20/2013,2013,11,224
11/21/2013,2013,11,238
11/22/2013,2013,11,231
11/23/2013,2013,11,202
11/24/2013,2013,11,185
11/25/2013,2013,11,206
11/26/2013,2013,11,241
11/27/2013,2013,11,190
11/28/2013,2013,11,153
11/29/2013,2013,11,243
11/30/2013,2013,11,210
12/1/2013,2013,12,198
12/2/2013,2013,12,219
12/3/2013,2013,12,214
12/4/2013,2013,12,199
12/5/2013,2013,12,203
12/6/2013,2013,12,226
12/7/2013,2013,12,192
12/8/2013,2013,12,203
12/9/2013,2013,12,221
12/10/2013,2013,12,216
12/11/2013,2013,12,212
12/12/2013,2013,12,214
12/13/2013,2013,12,184
12/14/2013,2013,12,192
12/15/2013,2013,12,185
12/16/2013,2013,12,222
12/17/2013,2013,12,194
12/18/2013,2013,12,205
12/19/2013,2013,12,197
12/20/2013,2013,12,209
12/21/2013,2013,12,194
12/22/2013,2013,12,205
12/23/2013,2013,12,227
12/24/2013,2013,12,189
12/25/2013,2013,12,163
12/26/2013,2013,12,236
12/27/2013,2013,12,241
12/28/2013,2013,12,202
12/29/2013,2013,12,224
12/30/2013,2013,12,234
12/31/2013,2013,12,198
1/1/2014,2014,1,217
1/2/2014,2014,1,230
1/3/2014,2014,1,205
1/4/2014,2014,1,203
1/5/2014,2014,1,203
1/6/2014,2014,1,213
1/7/2014,2014,1,183
1/8/2014,2014,1,207
1/9/2014,2014,1,223
1/10/2014,2014,1,212
1/11/2014,2014,1,220
1/12/2014,2014,1,204
1/13/2014,2014,1,223
1/14/2014,2014,1,225
1/15/2014,2014,1,191
1/16/2014,2014,1,171
1/17/2014,2014,1,198
1/18/2014,2014,1,204
1/19/2014,2014,1,192
1/20/2014,2014,1,217
1/21/2014,2014,1,239
1/22/2014,2014,1,201
1/23/2014,2014,1,194
1/24/2014,2014,1,208
1/25/2014,2014,1,205
1/26/2014,2014,1,209
1/27/2014,2014,1,235
1/28/2014,2014,1,230
1/29/2014,2014,1,190
1/30/2014,2014,1,210
1/31/2014,2014,1,201
2/1/2014,2014,2,217
2/2/2014,2014,2,202
2/3/2014,2014,2,279
2/4/2014,2014,2,235
2/5/2014,2014,2,220
2/6/2014,2014,2,185
2/7/2014,2014,2,215
2/8/2014,2014,2,197
2/9/2014,2014,2,179
2/10/2014,2014,2,241
2/11/2014,2014,2,226
2/12/2014,2014,2,176
2/13/2014,2014,2,201
2/14/2014,2014,2,209
2/15/2014,2014,2,209
2/16/2014,2014,2,216
2/17/2014,2014,2,231
2/18/2014,2014,2,225
2/19/2014,2014,2,210
2/20/2014,2014,2,236
2/21/2014,2014,2,224
2/22/2014,2014,2,190
2/23/2014,2014,2,207
2/24/2014,2014,2,242
2/25/2014,2014,2,235
2/26/2014,2014,2,203
2/27/2014,2014,2,243
2/28/2014,2014,2,208
3/1/2014,2014,3,209
3/2/2014,2014,3,198
3/3/2014,2014,3,229
3/4/2014,2014,3,210
3/5/2014,2014,3,201
3/6/2014,2014,3,243
3/7/2014,2014,3,216
3/8/2014,2014,3,204
3/9/2014,2014,3,182
3/10/2014,2014,3,244
3/11/2014,2014,3,260
3/12/2014,2014,3,253
3/13/2014,2014,3,220
3/14/2014,2014,3,192
3/15/2014,2014,3,206
3/16/2014,2014,3,225
3/17/2014,2014,3,237
3/18/2014,2014,3,229
3/19/2014,2014,3,219
3/20/2014,2014,3,237
3/21/2014,2014,3,211
3/22/2014,2014,3,226
3/23/2014,2014,3,233
3/24/2014,2014,3,234
3/25/2014,2014,3,215
3/26/2014,2014,3,205
3/27/2014,2014,3,197
3/28/2014,2014,3,219
3/29/2014,2014,3,211
3/30/2014,2014,3,205
3/31/2014,2014,3,232
4/1/2014,2014,4,201
4/2/2014,2014,4,234
4/3/2014,2014,4,230
4/4/2014,2014,4,213
4/5/2014,2014,4,199
4/6/2014,2014,4,234
4/7/2014,2014,4,249
4/8/2014,2014,4,239
4/9/2014,2014,4,221
4/10/2014,2014,4,239
4/11/2014,2014,4,223
4/12/2014,2014,4,210
4/13/2014,2014,4,211
4/14/2014,2014,4,225
4/15/2014,2014,4,202
4/16/2014,2014,4,235
4/17/2014,2014,4,218
4/18/2014,2014,4,229
4/19/2014,2014,4,191
4/20/2014,2014,4,196
4/21/2014,2014,4,236
4/22/2014,2014,4,221
4/23/2014,2014,4,251
4/24/2014,2014,4,203
4/25/2014,2014,4,226
4/26/2014,2014,4,207
4/27/2014,2014,4,215
4/28/2014,2014,4,243
4/29/2014,2014,4,230
4/30/2014,2014,4,227
5/1/2014,2014,5,233
5/2/2014,2014,5,216
5/3/2014,2014,5,225
5/4/2014,2014,5,204
5/5/2014,2014,5,254
5/6/2014,2014,5,250
5/7/2014,2014,5,240
5/8/2014,2014,5,255
5/9/2014,2014,5,238
5/10/2014,2014,5,200
5/11/2014,2014,5,196
5/12/2014,2014,5,267
5/13/2014,2014,5,229
5/14/2014,2014,5,239
5/15/2014,2014,5,209
5/16/2014,2014,5,220
5/17/2014,2014,5,214
5/18/2014,2014,5,219
5/19/2014,2014,5,227
5/20/2014,2014,5,229
5/21/2014,2014,5,240
5/22/2014,2014,5,186
5/23/2014,2014,5,218
5/24/2014,2014,5,210
5/25/2014,2014,5,218
5/26/2014,2014,5,222
5/27/2014,2014,5,265
5/28/2014,2014,5,236
5/29/2014,2014,5,217
5/30/2014,2014,5,215
5/31/2014,2014,5,201
6/1/2014,2014,6,227
6/2/2014,2014,6,266
6/3/2014,2014,6,241
6/4/2014,2014,6,225
6/5/2014,2014,6,208
6/6/2014,2014,6,199
6/7/2014,2014,6,199
6/8/2014,2014,6,209
6/9/2014,2014,6,244
6/10/2014,2014,6,206
6/11/2014,2014,6,212
6/12/2014,2014,6,218
6/13/2014,2014,6,224
6/14/2014,2014,6,213
6/15/2014,2014,6,208
6/16/2014,2014,6,235
6/17/2014,2014,6,210
6/18/2014,2014,6,209
6/19/2014,2014,6,222
6/20/2014,2014,6,228
6/21/2014,2014,6,206
6/22/2014,2014,6,197
6/23/2014,2014,6,245
6/24/2014,2014,6,207
6/25/2014,2014,6,226
6/26/2014,2014,6,201
6/27/2014,2014,6,238
6/28/2014,2014,6,217
6/29/2014,2014,6,207
6/30/2014,2014,6,219
7/1/2014,2014,7,208
7/2/2014,2014,7,189
7/3/2014,2014,7,196
7/4/2014,2014,7,185
7/5/2014,2014,7,209
7/6/2014,2014,7,212
7/7/2014,2014,7,243
7/8/2014,2014,7,220
7/9/2014,2014,7,243
7/10/2014,2014,7,199
7/11/2014,2014,7,228
7/12/2014,2014,7,215
7/13/2014,2014,7,208
7/14/2014,2014,7,245
7/15/2014,2014,7,238
7/16/2014,2014,7,223
7/17/2014,2014,7,234
7/18/2014,2014,7,200
7/19/2014,2014,7,207
7/20/2014,2014,7,227
7/21/2014,2014,7,208
7/22/2014,2014,7,218
7/23/2014,2014,7,218
7/24/2014,2014,7,207
7/25/2014,2014,7,186
7/26/2014,2014,7,208
7/27/2014,2014,7,219
7/28/2014,2014,7,212
7/29/2014,2014,7,213
7/30/2014,2014,7,232
7/31/2014,2014,7,229
8/1/2014,2014,8,195
8/2/2014,2014,8,203
8/3/2014,2014,8,199
8/4/2014,2014,8,211
8/5/2014,2014,8,233
8/6/2014,2014,8,210
8/7/2014,2014,8,198
8/8/2014,2014,8,212
8/9/2014,2014,8,191
8/10/2014,2014,8,216
8/11/2014,2014,8,225
8/12/2014,2014,8,236
8/13/2014,2014,8,210
8/14/2014,2014,8,207
8/15/2014,2014,8,232
8/16/2014,2014,8,218
8/17/2014,2014,8,220
8/18/2014,2014,8,224
8/19/2014,2014,8,248
8/20/2014,2014,8,249
8/21/2014,2014,8,230
8/22/2014,2014,8,196
8/23/2014,2014,8,213
8/24/2014,2014,8,215
8/25/2014,2014,8,276
8/26/2014,2014,8,241
8/27/2014,2014,8,230
8/28/2014,2014,8,209
8/29/2014,2014,8,210
8/30/2014,2014,8,207
8/31/2014,2014,8,217
9/1/2014,2014,9,223
9/2/2014,2014,9,253
9/3/2014,2014,9,261
9/4/2014,2014,9,255
9/5/2014,2014,9,225
9/6/2014,2014,9,203
9/7/2014,2014,9,209
9/8/2014,2014,9,281
9/9/2014,2014,9,222
9/10/2014,2014,9,235
9/11/2014,2014,9,246
9/12/2014,2014,9,239
9/13/2014,2014,9,217
9/14/2014,2014,9,213
9/15/2014,2014,9,248
9/16/2014,2014,9,258
9/17/2014,2014,9,264
9/18/2014,2014,9,232
9/19/2014,2014,9,215
9/20/2014,2014,9,194
9/21/2014,2014,9,223
9/22/2014,2014,9,248
9/23/2014,2014,9,226
9/24/2014,2014,9,221
9/25/2014,2014,9,237
9/26/2014,2014,9,210
9/27/2014,2014,9,197
9/28/2014,2014,9,237
9/29/2014,2014,9,254
9/30/2014,2014,9,218
10/1/2014,2014,10,225
10/2/2014,2014,10,223
10/3/2014,2014,10,220
10/4/2014,2014,10,219
10/5/2014,2014,10,242
10/6/2014,2014,10,265
10/7/2014,2014,10,236
10/8/2014,2014,10,249
10/9/2014,2014,10,263
10/10/2014,2014,10,217
10/11/2014,2014,10,224
10/12/2014,2014,10,222
10/13/2014,2014,10,273
10/14/2014,2014,10,244
10/15/2014,2014,10,220
10/16/2014,2014,10,214
10/17/2014,2014,10,240
10/18/2014,2014,10,215
10/19/2014,2014,10,201
10/20/2014,2014,10,254
10/21/2014,2014,10,236
10/22/2014,2014,10,235
10/23/2014,2014,10,217
10/24/2014,2014,10,215
10/25/2014,2014,10,198
10/26/2014,2014,10,223
10/27/2014,2014,10,267
10/28/2014,2014,10,246
10/29/2014,2014,10,217
10/30/2014,2014,10,212
10/31/2014,2014,10,181
11/1/2014,2014,11,202
11/2/2014,2014,11,229
11/3/2014,2014,11,253
11/4/2014,2014,11,217
11/5/2014,2014,11,232
11/6/2014,2014,11,228
11/7/2014,2014,11,224
11/8/2014,2014,11,225
11/9/2014,2014,11,196
11/10/2014,2014,11,269
11/11/2014,2014,11,226
11/12/2014,2014,11,241
11/13/2014,2014,11,246
11/14/2014,2014,11,214
11/15/2014,2014,11,215
11/16/2014,2014,11,204
11/17/2014,2014,11,245
11/18/2014,2014,11,201
11/19/2014,2014,11,190
11/20/2014,2014,11,212
11/21/2014,2014,11,242
11/22/2014,2014,11,233
11/23/2014,2014,11,207
11/24/2014,2014,11,291
11/25/2014,2014,11,222
11/26/2014,2014,11,199
11/27/2014,2014,11,170
11/28/2014,2014,11,249
11/29/2014,2014,11,226
11/30/2014,2014,11,250
12/1/2014,2014,12,276
12/2/2014,2014,12,248
12/3/2014,2014,12,247
12/4/2014,2014,12,230
12/5/2014,2014,12,218
12/6/2014,2014,12,209
12/7/2014,2014,12,240
12/8/2014,2014,12,232
12/9/2014,2014,12,252
12/10/2014,2014,12,249
12/11/2014,2014,12,213
12/12/2014,2014,12,234
12/13/2014,2014,12,185
12/14/2014,2014,12,182
12/15/2014,2014,12,240
12/16/2014,2014,12,247
12/17/2014,2014,12,244
12/18/2014,2014,12,243
12/19/2014,2014,12,247
12/20/2014,2014,12,227
12/21/2014,2014,12,232
12/22/2014,2014,12,267
12/23/2014,2014,12,269
12/24/2014,2014,12,190
12/25/2014,2014,12,184
12/26/2014,2014,12,284
12/27/2014,2014,12,283
12/28/2014,2014,12,277
12/29/2014,2014,12,263
12/30/2014,2014,12,280
12/31/2014,2014,12,208
1/1/2015,2015,1,235
1/2/2015,2015,1,283
1/3/2015,2015,1,248
1/4/2015,2015,1,234
1/5/2015,2015,1,290
1/6/2015,2015,1,261
1/7/2015,2015,1,253
1/8/2015,2015,1,233
1/9/2015,2015,1,205
1/10/2015,2015,1,200
1/11/2015,2015,1,218
1/12/2015,2015,1,230
1/13/2015,2015,1,242
1/14/2015,2015,1,265
1/15/2015,2015,1,223
1/16/2015,2015,1,238
1/17/2015,2015,1,200
1/18/2015,2015,1,214
1/19/2015,2015,1,255
1/20/2015,2015,1,249
1/21/2015,2015,1,220
1/22/2015,2015,1,234
1/23/2015,2015,1,216
1/24/2015,2015,1,181
1/25/2015,2015,1,209
1/26/2015,2015,1,244
1/27/2015,2015,1,242
1/28/2015,2015,1,226
1/29/2015,2015,1,237
1/30/2015,2015,1,233
1/31/2015,2015,1,213
2/1/2015,2015,2,189
2/2/2015,2015,2,267
2/3/2015,2015,2,216
2/4/2015,2015,2,251
2/5/2015,2015,2,248
2/6/2015,2015,2,223
2/7/2015,2015,2,198
2/8/2015,2015,2,210
2/9/2015,2015,2,234
2/10/2015,2015,2,242
2/11/2015,2015,2,204
2/12/2015,2015,2,221
2/13/2015,2015,2,185
2/14/2015,2015,2,219
2/15/2015,2015,2,210
2/16/2015,2015,2,239
2/17/2015,2015,2,247
2/18/2015,2015,2,215
2/19/2015,2015,2,226
2/20/2015,2015,2,210
2/21/2015,2015,2,235
2/22/2015,2015,2,219
2/23/2015,2015,2,309
2/24/2015,2015,2,283
2/25/2015,2015,2,256
2/26/2015,2015,2,260
2/27/2015,2015,2,228
2/28/2015,2015,2,237
3/1/2015,2015,3,207
3/2/2015,2015,3,262
3/3/2015,2015,3,257
3/4/2015,2015,3,248
3/5/2015,2015,3,253
3/6/2015,2015,3,214
3/7/2015,2015,3,238
3/8/2015,2015,3,220
3/9/2015,2015,3,285
3/10/2015,2015,3,294
3/11/2015,2015,3,229
3/12/2015,2015,3,267
3/13/2015,2015,3,231
3/14/2015,2015,3,242
3/15/2015,2015,3,221
3/16/2015,2015,3,263
3/17/2015,2015,3,268
3/18/2015,2015,3,242
3/19/2015,2015,3,248
3/20/2015,2015,3,210
3/21/2015,2015,3,207
3/22/2015,2015,3,231
3/23/2015,2015,3,259
3/24/2015,2015,3,240
3/25/2015,2015,3,243
3/26/2015,2015,3,270
3/27/2015,2015,3,243
3/28/2015,2015,3,194
3/29/2015,2015,3,216
3/30/2015,2015,3,243
3/31/2015,2015,3,256
4/1/2015,2015,4,210
4/2/2015,2015,4,210
4/3/2015,2015,4,196
4/4/2015,2015,4,219
4/5/2015,2015,4,208
4/6/2015,2015,4,256
4/7/2015,2015,4,254
4/8/2015,2015,4,235
4/9/2015,2015,4,262
4/10/2015,2015,4,253
4/11/2015,2015,4,214
4/12/2015,2015,4,219
4/13/2015,2015,4,268
4/14/2015,2015,4,220
4/15/2015,2015,4,223
4/16/2015,2015,4,226
4/17/2015,2015,4,229
4/18/2015,2015,4,232
4/19/2015,2015,4,205
4/20/2015,2015,4,240
4/21/2015,2015,4,240
4/22/2015,2015,4,257
4/23/2015,2015,4,230
4/24/2015,2015,4,212
4/25/2015,2015,4,235
4/26/2015,2015,4,222
4/27/2015,2015,4,250
4/28/2015,2015,4,248
4/29/2015,2015,4,240
4/30/2015,2015,4,233
5/1/2015,2015,5,196
5/2/2015,2015,5,200
5/3/2015,2015,5,244
5/4/2015,2015,5,253
5/5/2015,2015,5,232
5/6/2015,2015,5,206
5/7/2015,2015,5,222
5/8/2015,2015,5,212
5/9/2015,2015,5,224
5/10/2015,2015,5,216
5/11/2015,2015,5,241
5/12/2015,2015,5,253
5/13/2015,2015,5,236
5/14/2015,2015,5,226
5/15/2015,2015,5,221
5/16/2015,2015,5,209
5/17/2015,2015,5,214
5/18/2015,2015,5,250
5/19/2015,2015,5,228
5/20/2015,2015,5,227
5/21/2015,2015,5,217
5/22/2015,2015,5,233
5/23/2015,2015,5,222
5/24/2015,2015,5,207
5/25/2015,2015,5,235
5/26/2015,2015,5,281
5/27/2015,2015,5,227
5/28/2015,2015,5,201
5/29/2015,2015,5,224
5/30/2015,2015,5,232
5/31/2015,2015,5,203
6/1/2015,2015,6,236
6/2/2015,2015,6,221
6/3/2015,2015,6,225
6/4/2015,2015,6,222
6/5/2015,2015,6,216
6/6/2015,2015,6,211
6/7/2015,2015,6,226
6/8/2015,2015,6,261
6/9/2015,2015,6,243
6/10/2015,2015,6,176
6/11/2015,2015,6,226
6/12/2015,2015,6,236
6/13/2015,2015,6,184
6/14/2015,2015,6,216
6/15/2015,2015,6,234
6/16/2015,2015,6,243
6/17/2015,2015,6,234
6/18/2015,2015,6,208
6/19/2015,2015,6,209
6/20/2015,2015,6,213
6/21/2015,2015,6,211
6/22/2015,2015,6,233
6/23/2015,2015,6,224
6/24/2015,2015,6,214
6/25/2015,2015,6,221
6/26/2015,2015,6,210
6/27/2015,2015,6,206
6/28/2015,2015,6,226
6/29/2015,2015,6,244
6/30/2015,2015,6,237
7/1/2015,2015,7,207
7/2/2015,2015,7,214
7/3/2015,2015,7,195
7/4/2015,2015,7,183
7/5/2015,2015,7,200
7/6/2015,2015,7,243
7/7/2015,2015,7,242
7/8/2015,2015,7,230
7/9/2015,2015,7,216
7/10/2015,2015,7,238
7/11/2015,2015,7,202
7/12/2015,2015,7,176
7/13/2015,2015,7,242
7/14/2015,2015,7,240
7/15/2015,2015,7,218
7/16/2015,2015,7,242
7/17/2015,2015,7,228
7/18/2015,2015,7,210
7/19/2015,2015,7,219
7/20/2015,2015,7,243
7/21/2015,2015,7,223
7/22/2015,2015,7,212
7/23/2015,2015,7,216
7/24/2015,2015,7,248
7/25/2015,2015,7,199
7/26/2015,2015,7,202
7/27/2015,2015,7,273
7/28/2015,2015,7,229
7/29/2015,2015,7,215
7/30/2015,2015,7,217
7/31/2015,2015,7,219
8/1/2015,2015,8,221
8/2/2015,2015,8,217
8/3/2015,2015,8,266
8/4/2015,2015,8,219
8/5/2015,2015,8,245
8/6/2015,2015,8,241
8/7/2015,2015,8,212
8/8/2015,2015,8,206
8/9/2015,2015,8,222
8/10/2015,2015,8,255
8/11/2015,2015,8,256
8/12/2015,2015,8,236
8/13/2015,2015,8,212
8/14/2015,2015,8,248
8/15/2015,2015,8,209
8/16/2015,2015,8,225
8/17/2015,2015,8,259
8/18/2015,2015,8,222
8/19/2015,2015,8,245
8/20/2015,2015,8,223
8/21/2015,2015,8,225
8/22/2015,2015,8,216
8/23/2015,2015,8,225
8/24/2015,2015,8,255
8/25/2015,2015,8,236
8/26/2015,2015,8,209
8/27/2015,2015,8,202
8/28/2015,2015,8,210
8/29/2015,2015,8,231
8/30/2015,2015,8,223
8/31/2015,2015,8,237
9/1/2015,2015,9,260
9/2/2015,2015,9,213
9/3/2015,2015,9,226
9/4/2015,2015,9,223
9/5/2015,2015,9,220
9/6/2015,2015,9,239
9/7/2015,2015,9,227
9/8/2015,2015,9,241
9/9/2015,2015,9,270
9/10/2015,2015,9,255
9/11/2015,2015,9,245
9/12/2015,2015,9,206
9/13/2015,2015,9,203
9/14/2015,2015,9,239
9/15/2015,2015,9,213
9/16/2015,2015,9,221
9/17/2015,2015,9,243
9/18/2015,2015,9,249
9/19/2015,2015,9,195
9/20/2015,2015,9,236
9/21/2015,2015,9,265
9/22/2015,2015,9,246
9/23/2015,2015,9,239
9/24/2015,2015,9,234
9/25/2015,2015,9,216
9/26/2015,2015,9,209
9/27/2015,2015,9,202
9/28/2015,2015,9,268
9/29/2015,2015,9,250
9/30/2015,2015,9,236
10/1/2015,2015,10,227
10/2/2015,2015,10,218
10/3/2015,2015,10,225
10/4/2015,2015,10,224
10/5/2015,2015,10,253
10/6/2015,2015,10,230
10/7/2015,2015,10,237
10/8/2015,2015,10,255
10/9/2015,2015,10,226
10/10/2015,2015,10,214
10/11/2015,2015,10,211
10/12/2015,2015,10,274
10/13/2015,2015,10,229
10/14/2015,2015,10,238
10/15/2015,2015,10,237
10/16/2015,2015,10,243
10/17/2015,2015,10,202
10/18/2015,2015,10,207
10/19/2015,2015,10,263
10/20/2015,2015,10,245
10/21/2015,2015,10,229
10/22/2015,2015,10,231
10/23/2015,2015,10,208
10/24/2015,2015,10,216
10/25/2015,2015,10,242
10/26/2015,2015,10,265
10/27/2015,2015,10,244
10/28/2015,2015,10,244
10/29/2015,2015,10,212
10/30/2015,2015,10,206
10/31/2015,2015,10,187
11/1/2015,2015,11,232
11/2/2015,2015,11,270
11/3/2015,2015,11,244
11/4/2015,2015,11,242
11/5/2015,2015,11,236
11/6/2015,2015,11,232
11/7/2015,2015,11,192
11/8/2015,2015,11,236
11/9/2015,2015,11,259
11/10/2015,2015,11,270
11/11/2015,2015,11,245
11/12/2015,2015,11,247
11/13/2015,2015,11,206
11/14/2015,2015,11,209
11/15/2015,2015,11,246
11/16/2015,2015,11,249
11/17/2015,2015,11,255
11/18/2015,2015,11,220
11/19/2015,2015,11,244
11/20/2015,2015,11,245
11/21/2015,2015,11,180
11/22/2015,2015,11,237
11/23/2015,2015,11,259
11/24/2015,2015,11,210
11/25/2015,2015,11,212
11/26/2015,2015,11,160
11/27/2015,2015,11,248
11/28/2015,2015,11,233
11/29/2015,2015,11,213
11/30/2015,2015,11,281
12/1/2015,2015,12,248
12/2/2015,2015,12,242
12/3/2015,2015,12,220
12/4/2015,2015,12,227
12/5/2015,2015,12,229
12/6/2015,2015,12,233
12/7/2015,2015,12,279
12/8/2015,2015,12,240
12/9/2015,2015,12,253
12/10/2015,2015,12,209
12/11/2015,2015,12,228
12/12/2015,2015,12,224
12/13/2015,2015,12,223
12/14/2015,2015,12,285
12/15/2015,2015,12,241
12/16/2015,2015,12,251
12/17/2015,2015,12,223
12/18/2015,2015,12,234
12/19/2015,2015,12,196
12/20/2015,2015,12,216
12/21/2015,2015,12,278
12/22/2015,2015,12,217
12/23/2015,2015,12,228
12/24/2015,2015,12,193
12/25/2015,2015,12,220
12/26/2015,2015,12,266
12/27/2015,2015,12,273
12/28/2015,2015,12,292
12/29/2015,2015,12,260
12/30/2015,2015,12,263
12/31/2015,2015,12,190
1/1/2016,2016,1,222
1/2/2016,2016,1,241
1/3/2016,2016,1,221
1/4/2016,2016,1,267
1/5/2016,2016,1,260
1/6/2016,2016,1,218
1/7/2016,2016,1,218
1/8/2016,2016,1,263
1/9/2016,2016,1,227
1/10/2016,2016,1,220
1/11/2016,2016,1,224
1/12/2016,2016,1,225
1/13/2016,2016,1,220
1/14/2016,2016,1,235
1/15/2016,2016,1,226
1/16/2016,2016,1,213
1/17/2016,2016,1,214
1/18/2016,2016,1,225
1/19/2016,2016,1,266
1/20/2016,2016,1,249
1/21/2016,2016,1,227
1/22/2016,2016,1,220
1/23/2016,2016,1,167
1/24/2016,2016,1,229
1/25/2016,2016,1,239
1/26/2016,2016,1,237
1/27/2016,2016,1,228
1/28/2016,2016,1,242
1/29/2016,2016,1,224
1/30/2016,2016,1,238
1/31/2016,2016,1,222
2/1/2016,2016,2,287
2/2/2016,2016,2,263
2/3/2016,2016,2,265
2/4/2016,2016,2,271
2/5/2016,2016,2,226
2/6/2016,2016,2,257
2/7/2016,2016,2,237
2/8/2016,2016,2,273
2/9/2016,2016,2,254
2/10/2016,2016,2,259
2/11/2016,2016,2,263
2/12/2016,2016,2,251
2/13/2016,2016,2,225
2/14/2016,2016,2,243
2/15/2016,2016,2,277
2/16/2016,2016,2,307
2/17/2016,2016,2,257
2/18/2016,2016,2,266
2/19/2016,2016,2,260
2/20/2016,2016,2,256
2/21/2016,2016,2,285
2/22/2016,2016,2,282
2/23/2016,2016,2,273
2/24/2016,2016,2,281
2/25/2016,2016,2,250
2/26/2016,2016,2,248
2/27/2016,2016,2,218
2/28/2016,2016,2,270
2/29/2016,2016,2,280
3/1/2016,2016,3,290
3/2/2016,2016,3,277
3/3/2016,2016,3,273
3/4/2016,2016,3,267
3/5/2016,2016,3,255
3/6/2016,2016,3,268
3/7/2016,2016,3,305
3/8/2016,2016,3,270
3/9/2016,2016,3,297
3/10/2016,2016,3,276
3/11/2016,2016,3,267
3/12/2016,2016,3,217
3/13/2016,2016,3,234
3/14/2016,2016,3,277
3/15/2016,2016,3,287
3/16/2016,2016,3,268
3/17/2016,2016,3,263
3/18/2016,2016,3,230
3/19/2016,2016,3,208
3/20/2016,2016,3,246
3/21/2016,2016,3,254
3/22/2016,2016,3,236
3/23/2016,2016,3,231
3/24/2016,2016,3,241
3/25/2016,2016,3,216
3/26/2016,2016,3,229
3/27/2016,2016,3,214
3/28/2016,2016,3,296
3/29/2016,2016,3,286
3/30/2016,2016,3,271
3/31/2016,2016,3,229
4/1/2016,2016,4,227
4/2/2016,2016,4,203
4/3/2016,2016,4,207
4/4/2016,2016,4,286
4/5/2016,2016,4,258
4/6/2016,2016,4,248
4/7/2016,2016,4,263
4/8/2016,2016,4,246
4/9/2016,2016,4,209
4/10/2016,2016,4,231
4/11/2016,2016,4,268
4/12/2016,2016,4,284
4/13/2016,2016,4,243
4/14/2016,2016,4,255
4/15/2016,2016,4,243
4/16/2016,2016,4,218
4/17/2016,2016,4,245
4/18/2016,2016,4,275
4/19/2016,2016,4,256
4/20/2016,2016,4,260
4/21/2016,2016,4,259
4/22/2016,2016,4,224
4/23/2016,2016,4,217
4/24/2016,2016,4,239
4/25/2016,2016,4,286
4/26/2016,2016,4,247
4/27/2016,2016,4,241
4/28/2016,2016,4,238
4/29/2016,2016,4,238
4/30/2016,2016,4,194
5/1/2016,2016,5,251
5/2/2016,2016,5,289
5/3/2016,2016,5,259
5/4/2016,2016,5,237
5/5/2016,2016,5,250
5/6/2016,2016,5,227
5/7/2016,2016,5,201
5/8/2016,2016,5,214
5/9/2016,2016,5,298
5/10/2016,2016,5,254
5/11/2016,2016,5,267
5/12/2016,2016,5,236
5/13/2016,2016,5,215
5/14/2016,2016,5,228
5/15/2016,2016,5,238
5/16/2016,2016,5,263
5/17/2016,2016,5,229
5/18/2016,2016,5,238
5/19/2016,2016,5,235
5/20/2016,2016,5,242
5/21/2016,2016,5,224
5/22/2016,2016,5,242
5/23/2016,2016,5,276
5/24/2016,2016,5,235
5/25/2016,2016,5,240
5/26/2016,2016,5,226
5/27/2016,2016,5,238
5/28/2016,2016,5,214
5/29/2016,2016,5,237
5/30/2016,2016,5,275
5/31/2016,2016,5,270
6/1/2016,2016,6,222
6/2/2016,2016,6,228
6/3/2016,2016,6,239
6/4/2016,2016,6,210
6/5/2016,2016,6,233
6/6/2016,2016,6,239
6/7/2016,2016,6,236
6/8/2016,2016,6,224
6/9/2016,2016,6,212
6/10/2016,2016,6,233
6/11/2016,2016,6,213
6/12/2016,2016,6,202
6/13/2016,2016,6,249
6/14/2016,2016,6,255
6/15/2016,2016,6,225
6/16/2016,2016,6,222
6/17/2016,2016,6,239
6/18/2016,2016,6,184
6/19/2016,2016,6,182
6/20/2016,2016,6,267
6/21/2016,2016,6,249
6/22/2016,2016,6,223
6/23/2016,2016,6,218
6/24/2016,2016,6,205
6/25/2016,2016,6,193
6/26/2016,2016,6,214
6/27/2016,2016,6,273
6/28/2016,2016,6,213
6/29/2016,2016,6,204
6/30/2016,2016,6,209
7/1/2016,2016,7,226
7/2/2016,2016,7,208
7/3/2016,2016,7,211
7/4/2016,2016,7,223
7/5/2016,2016,7,285
7/6/2016,2016,7,235
7/7/2016,2016,7,240
7/8/2016,2016,7,230
7/9/2016,2016,7,203
7/10/2016,2016,7,221
7/11/2016,2016,7,278
7/12/2016,2016,7,225
7/13/2016,2016,7,236
7/14/2016,2016,7,233
7/15/2016,2016,7,230
7/16/2016,2016,7,206
7/17/2016,2016,7,205
7/18/2016,2016,7,230
7/19/2016,2016,7,220
7/20/2016,2016,7,229
7/21/2016,2016,7,227
7/22/2016,2016,7,225
7/23/2016,2016,7,193
7/24/2016,2016,7,214
7/25/2016,2016,7,212
7/26/2016,2016,7,208
7/27/2016,2016,7,222
7/28/2016,2016,7,217
7/29/2016,2016,7,197
7/30/2016,2016,7,183
7/31/2016,2016,7,230
8/1/2016,2016,8,241
8/2/2016,2016,8,233
8/3/2016,2016,8,252
8/4/2016,2016,8,218
8/5/2016,2016,8,238
8/6/2016,2016,8,227
8/7/2016,2016,8,200
8/8/2016,2016,8,256
8/9/2016,2016,8,213
8/10/2016,2016,8,213
8/11/2016,2016,8,236
8/12/2016,2016,8,207
8/13/2016,2016,8,204
8/14/2016,2016,8,178
8/15/2016,2016,8,223
8/16/2016,2016,8,246
8/17/2016,2016,8,238
8/18/2016,2016,8,191
8/19/2016,2016,8,231
8/20/2016,2016,8,216
8/21/2016,2016,8,215
8/22/2016,2016,8,277
8/23/2016,2016,8,253
8/24/2016,2016,8,238
8/25/2016,2016,8,240
8/26/2016,2016,8,220
8/27/2016,2016,8,219
8/28/2016,2016,8,211
8/29/2016,2016,8,243
8/30/2016,2016,8,251
8/31/2016,2016,8,231
9/1/2016,2016,9,225
9/2/2016,2016,9,220
9/3/2016,2016,9,194
9/4/2016,2016,9,247
9/5/2016,2016,9,242
9/6/2016,2016,9,278
9/7/2016,2016,9,250
9/8/2016,2016,9,209
9/9/2016,2016,9,223
9/10/2016,2016,9,222
9/11/2016,2016,9,235
9/12/2016,2016,9,265
9/13/2016,2016,9,244
9/14/2016,2016,9,233
9/15/2016,2016,9,241
9/16/2016,2016,9,241
9/17/2016,2016,9,218
9/18/2016,2016,9,234
9/19/2016,2016,9,265
9/20/2016,2016,9,248
9/21/2016,2016,9,215
9/22/2016,2016,9,258
9/23/2016,2016,9,219
9/24/2016,2016,9,213
9/25/2016,2016,9,217
9/26/2016,2016,9,255
9/27/2016,2016,9,257
9/28/2016,2016,9,219
9/29/2016,2016,9,219
9/30/2016,2016,9,211
10/1/2016,2016,10,207
10/2/2016,2016,10,204
10/3/2016,2016,10,281
10/4/2016,2016,10,246
10/5/2016,2016,10,233
10/6/2016,2016,10,161
10/7/2016,2016,10,142
10/8/2016,2016,10,253
10/9/2016,2016,10,245
10/10/2016,2016,10,241
10/11/2016,2016,10,265
10/12/2016,2016,10,226
10/13/2016,2016,10,270
10/14/2016,2016,10,205
10/15/2016,2016,10,215
10/16/2016,2016,10,212
10/17/2016,2016,10,255
10/18/2016,2016,10,244
10/19/2016,2016,10,229
10/20/2016,2016,10,214
10/21/2016,2016,10,229
10/22/2016,2016,10,201
10/23/2016,2016,10,186
10/24/2016,2016,10,248
10/25/2016,2016,10,224
10/26/2016,2016,10,210
10/27/2016,2016,10,228
10/28/2016,2016,10,216
10/29/2016,2016,10,210
10/30/2016,2016,10,214
10/31/2016,2016,10,246
11/1/2016,2016,11,241
11/2/2016,2016,11,224
11/3/2016,2016,11,229
11/4/2016,2016,11,223
11/5/2016,2016,11,189
11/6/2016,2016,11,208
11/7/2016,2016,11,233
11/8/2016,2016,11,191
11/9/2016,2016,11,226
11/10/2016,2016,11,222
11/11/2016,2016,11,248
11/12/2016,2016,11,222
11/13/2016,2016,11,213
11/14/2016,2016,11,270
11/15/2016,2016,11,224
11/16/2016,2016,11,229
11/17/2016,2016,11,230
11/18/2016,2016,11,225
11/19/2016,2016,11,218
11/20/2016,2016,11,224
11/21/2016,2016,11,224
11/22/2016,2016,11,220
11/23/2016,2016,11,210
11/24/2016,2016,11,175
11/25/2016,2016,11,231
11/26/2016,2016,11,239
11/27/2016,2016,11,259
11/28/2016,2016,11,259
11/29/2016,2016,11,294
11/30/2016,2016,11,246
12/1/2016,2016,12,261
12/2/2016,2016,12,207
12/3/2016,2016,12,209
12/4/2016,2016,12,235
12/5/2016,2016,12,275
12/6/2016,2016,12,208
12/7/2016,2016,12,251
12/8/2016,2016,12,229
12/9/2016,2016,12,227
12/10/2016,2016,12,167
12/11/2016,2016,12,225
12/12/2016,2016,12,253
12/13/2016,2016,12,241
12/14/2016,2016,12,254
12/15/2016,2016,12,260
12/16/2016,2016,12,204
12/17/2016,2016,12,212
12/18/2016,2016,12,232
12/19/2016,2016,12,275
12/20/2016,2016,12,233
12/21/2016,2016,12,213
12/22/2016,2016,12,215
12/23/2016,2016,12,221
12/24/2016,2016,12,194
12/25/2016,2016,12,203
12/26/2016,2016,12,259
12/27/2016,2016,12,307
12/28/2016,2016,12,257
12/29/2016,2016,12,263
12/30/2016,2016,12,203
12/31/2016,2016,12,217
1/1/2017,2017,1,247
1/2/2017,2017,1,284
1/3/2017,2017,1,272
1/4/2017,2017,1,268
1/5/2017,2017,1,260
1/6/2017,2017,1,256
1/7/2017,2017,1,230
1/8/2017,2017,1,217
1/9/2017,2017,1,243
1/10/2017,2017,1,221
1/11/2017,2017,1,227
1/12/2017,2017,1,219
1/13/2017,2017,1,256
1/14/2017,2017,1,210
1/15/2017,2017,1,216
1/16/2017,2017,1,260
1/17/2017,2017,1,246
1/18/2017,2017,1,245
1/19/2017,2017,1,265
1/20/2017,2017,1,248
1/21/2017,2017,1,224
1/22/2017,2017,1,204
1/23/2017,2017,1,264
1/24/2017,2017,1,223
1/25/2017,2017,1,247
1/26/2017,2017,1,226
1/27/2017,2017,1,227
1/28/2017,2017,1,201
1/29/2017,2017,1,196
1/30/2017,2017,1,239
1/31/2017,2017,1,233
2/1/2017,2017,2,241
2/2/2017,2017,2,237
2/3/2017,2017,2,247
2/4/2017,2017,2,217
2/5/2017,2017,2,201
2/6/2017,2017,2,282
2/7/2017,2017,2,282
2/8/2017,2017,2,254
2/9/2017,2017,2,273
2/10/2017,2017,2,222
2/11/2017,2017,2,224
2/12/2017,2017,2,232
2/13/2017,2017,2,282
2/14/2017,2017,2,229
2/15/2017,2017,2,281
2/16/2017,2017,2,234
2/17/2017,2017,2,235
2/18/2017,2017,2,236
2/19/2017,2017,2,206
2/20/2017,2017,2,288
2/21/2017,2017,2,259
2/22/2017,2017,2,239
2/23/2017,2017,2,236
2/24/2017,2017,2,249
2/25/2017,2017,2,218
2/26/2017,2017,2,212
2/27/2017,2017,2,278
2/28/2017,2017,2,242
3/1/2017,2017,3,228
3/2/2017,2017,3,246
3/3/2017,2017,3,236
3/4/2017,2017,3,237
3/5/2017,2017,3,233
3/6/2017,2017,3,270
3/7/2017,2017,3,237
3/8/2017,2017,3,235
3/9/2017,2017,3,266
3/10/2017,2017,3,233
3/11/2017,2017,3,210
3/12/2017,2017,3,225
3/13/2017,2017,3,289
3/14/2017,2017,3,274
3/15/2017,2017,3,232
3/16/2017,2017,3,229
3/17/2017,2017,3,226
3/18/2017,2017,3,253
3/19/2017,2017,3,218
3/20/2017,2017,3,261
3/21/2017,2017,3,254
3/22/2017,2017,3,235
3/23/2017,2017,3,229
3/24/2017,2017,3,245
3/25/2017,2017,3,193
3/26/2017,2017,3,214
3/27/2017,2017,3,249
3/28/2017,2017,3,258
3/29/2017,2017,3,255
3/30/2017,2017,3,253
3/31/2017,2017,3,265
4/1/2017,2017,4,227
4/2/2017,2017,4,216
4/3/2017,2017,4,300
4/4/2017,2017,4,221
4/5/2017,2017,4,232
4/6/2017,2017,4,263
4/7/2017,2017,4,245
4/8/2017,2017,4,205
4/9/2017,2017,4,221
4/10/2017,2017,4,262
4/11/2017,2017,4,227
4/12/2017,2017,4,232
4/13/2017,2017,4,240
4/14/2017,2017,4,244
4/15/2017,2017,4,203
4/16/2017,2017,4,215
4/17/2017,2017,4,255
4/18/2017,2017,4,217
4/19/2017,2017,4,271
4/20/2017,2017,4,228
4/21/2017,2017,4,226
4/22/2017,2017,4,205
4/23/2017,2017,4,269
4/24/2017,2017,4,251
4/25/2017,2017,4,261
4/26/2017,2017,4,229
4/27/2017,2017,4,227
4/28/2017,2017,4,217
4/29/2017,2017,4,210
4/30/2017,2017,4,217
5/1/2017,2017,5,246
5/2/2017,2017,5,251
5/3/2017,2017,5,234
5/4/2017,2017,5,250
5/5/2017,2017,5,226
5/6/2017,2017,5,217
5/7/2017,2017,5,203
5/8/2017,2017,5,261
5/9/2017,2017,5,225
5/10/2017,2017,5,269
5/11/2017,2017,5,224
5/12/2017,2017,5,214
5/13/2017,2017,5,212
5/14/2017,2017,5,204
5/15/2017,2017,5,231
5/16/2017,2017,5,246
5/17/2017,2017,5,252
5/18/2017,2017,5,250
5/19/2017,2017,5,232
5/20/2017,2017,5,208
5/21/2017,2017,5,218
5/22/2017,2017,5,289
5/23/2017,2017,5,229
5/24/2017,2017,5,206
5/25/2017,2017,5,209
5/26/2017,2017,5,237
5/27/2017,2017,5,201
5/28/2017,2017,5,221
5/29/2017,2017,5,220
5/30/2017,2017,5,267
5/31/2017,2017,5,222
6/1/2017,2017,6,234
6/2/2017,2017,6,218
6/3/2017,2017,6,216
6/4/2017,2017,6,214
6/5/2017,2017,6,239
6/6/2017,2017,6,193
6/7/2017,2017,6,209
6/8/2017,2017,6,208
6/9/2017,2017,6,246
6/10/2017,2017,6,185
6/11/2017,2017,6,189
6/12/2017,2017,6,241
6/13/2017,2017,6,260
6/14/2017,2017,6,222
6/15/2017,2017,6,211
6/16/2017,2017,6,241
6/17/2017,2017,6,199
6/18/2017,2017,6,184
6/19/2017,2017,6,257
6/20/2017,2017,6,239
6/21/2017,2017,6,212
6/22/2017,2017,6,217
6/23/2017,2017,6,235
6/24/2017,2017,6,225
6/25/2017,2017,6,187
6/26/2017,2017,6,247
6/27/2017,2017,6,191
6/28/2017,2017,6,231
6/29/2017,2017,6,221
6/30/2017,2017,6,202
7/1/2017,2017,7,207
7/2/2017,2017,7,201
7/3/2017,2017,7,203
7/4/2017,2017,7,171
7/5/2017,2017,7,250
7/6/2017,2017,7,236
7/7/2017,2017,7,197
7/8/2017,2017,7,226
7/9/2017,2017,7,198
7/10/2017,2017,7,245
7/11/2017,2017,7,235
7/12/2017,2017,7,238
7/13/2017,2017,7,220
7/14/2017,2017,7,226
7/15/2017,2017,7,204
7/16/2017,2017,7,198
7/17/2017,2017,7,229
7/18/2017,2017,7,215
7/19/2017,2017,7,213
7/20/2017,2017,7,217
7/21/2017,2017,7,195
7/22/2017,2017,7,190
7/23/2017,2017,7,220
7/24/2017,2017,7,227
7/25/2017,2017,7,226
7/26/2017,2017,7,237
7/27/2017,2017,7,242
7/28/2017,2017,7,227
7/29/2017,2017,7,212
7/30/2017,2017,7,196
7/31/2017,2017,7,205
8/1/2017,2017,8,239
8/2/2017,2017,8,197
8/3/2017,2017,8,228
8/4/2017,2017,8,211
8/5/2017,2017,8,218
8/6/2017,2017,8,208
8/7/2017,2017,8,233
8/8/2017,2017,8,217
8/9/2017,2017,8,227
8/10/2017,2017,8,234
8/11/2017,2017,8,203
8/12/2017,2017,8,204
8/13/2017,2017,8,212
8/14/2017,2017,8,271
8/15/2017,2017,8,265
8/16/2017,2017,8,203
8/17/2017,2017,8,233
8/18/2017,2017,8,229
8/19/2017,2017,8,206
8/20/2017,2017,8,191
8/21/2017,2017,8,229
8/22/2017,2017,8,249
8/23/2017,2017,8,239
8/24/2017,2017,8,244
8/25/2017,2017,8,242
8/26/2017,2017,8,220
8/27/2017,2017,8,224
8/28/2017,2017,8,244
8/29/2017,2017,8,257
8/30/2017,2017,8,228
8/31/2017,2017,8,218
9/1/2017,2017,9,203
9/2/2017,2017,9,225
9/3/2017,2017,9,210
9/4/2017,2017,9,226
9/5/2017,2017,9,259
9/6/2017,2017,9,219
9/7/2017,2017,9,248
9/8/2017,2017,9,187
9/9/2017,2017,9,185
9/10/2017,2017,9,123
9/11/2017,2017,9,268
9/12/2017,2017,9,293
9/13/2017,2017,9,304
9/14/2017,2017,9,255
9/15/2017,2017,9,252
9/16/2017,2017,9,214
9/17/2017,2017,9,210
9/18/2017,2017,9,244
9/19/2017,2017,9,229
9/20/2017,2017,9,243
9/21/2017,2017,9,233
9/22/2017,2017,9,219
9/23/2017,2017,9,233
9/24/2017,2017,9,190
9/25/2017,2017,9,285
9/26/2017,2017,9,229
9/27/2017,2017,9,248
9/28/2017,2017,9,235
9/29/2017,2017,9,229
9/30/2017,2017,9,225
10/1/2017,2017,10,193
10/2/2017,2017,10,274
10/3/2017,2017,10,227
10/4/2017,2017,10,240
10/5/2017,2017,10,224
10/6/2017,2017,10,239
10/7/2017,2017,10,216
10/8/2017,2017,10,192
10/9/2017,2017,10,295
10/10/2017,2017,10,238
10/11/2017,2017,10,239
10/12/2017,2017,10,217
10/13/2017,2017,10,211
10/14/2017,2017,10,185
10/15/2017,2017,10,232
10/16/2017,2017,10,270
10/17/2017,2017,10,243
10/18/2017,2017,10,244
10/19/2017,2017,10,224
10/20/2017,2017,10,223
10/21/2017,2017,10,221
10/22/2017,2017,10,205
10/23/2017,2017,10,270
10/24/2017,2017,10,284
10/25/2017,2017,10,250
10/26/2017,2017,10,206
10/27/2017,2017,10,242
10/28/2017,2017,10,188
10/29/2017,2017,10,215
10/30/2017,2017,10,243
10/31/2017,2017,10,209
11/1/2017,2017,11,254
11/2/2017,2017,11,232
11/3/2017,2017,11,236
11/4/2017,2017,11,229
11/5/2017,2017,11,228
11/6/2017,2017,11,273
11/7/2017,2017,11,263
11/8/2017,2017,11,251
11/9/2017,2017,11,237
11/10/2017,2017,11,224
11/11/2017,2017,11,209
11/12/2017,2017,11,236
11/13/2017,2017,11,278
11/14/2017,2017,11,246
11/15/2017,2017,11,244
11/16/2017,2017,11,233
11/17/2017,2017,11,228
11/18/2017,2017,11,217
11/19/2017,2017,11,229
11/20/2017,2017,11,253
11/21/2017,2017,11,227
11/22/2017,2017,11,230
11/23/2017,2017,11,169
11/24/2017,2017,11,212
11/25/2017,2017,11,250
11/26/2017,2017,11,225
11/27/2017,2017,11,279
11/28/2017,2017,11,241
11/29/2017,2017,11,259
11/30/2017,2017,11,249
12/1/2017,2017,12,228
12/2/2017,2017,12,224
12/3/2017,2017,12,231
12/4/2017,2017,12,268
12/5/2017,2017,12,265
12/6/2017,2017,12,242
12/7/2017,2017,12,250
12/8/2017,2017,12,257
12/9/2017,2017,12,219
12/10/2017,2017,12,188
12/11/2017,2017,12,276
12/12/2017,2017,12,232
12/13/2017,2017,12,240
12/14/2017,2017,12,242
12/15/2017,2017,12,232
12/16/2017,2017,12,196
12/17/2017,2017,12,248
12/18/2017,2017,12,240
12/19/2017,2017,12,248
12/20/2017,2017,12,236
12/21/2017,2017,12,245
12/22/2017,2017,12,225
12/23/2017,2017,12,240
12/24/2017,2017,12,201
12/25/2017,2017,12,181
12/26/2017,2017,12,298
12/27/2017,2017,12,261
12/28/2017,2017,12,247
12/29/2017,2017,12,243
12/30/2017,2017,12,217
12/31/2017,2017,12,226
1/1/2018,2018,1,230
1/2/2018,2018,1,267
1/3/2018,2018,1,233
1/4/2018,2018,1,228
1/5/2018,2018,1,218
1/6/2018,2018,1,239
1/7/2018,2018,1,204
1/8/2018,2018,1,266
1/9/2018,2018,1,278
1/10/2018,2018,1,253
1/11/2018,2018,1,245
1/12/2018,2018,1,271
1/13/2018,2018,1,211
1/14/2018,2018,1,216
1/15/2018,2018,1,275
1/16/2018,2018,1,258
1/17/2018,2018,1,252
1/18/2018,2018,1,218
1/19/2018,2018,1,245
1/20/2018,2018,1,239
1/21/2018,2018,1,260
1/22/2018,2018,1,316
1/23/2018,2018,1,285
1/24/2018,2018,1,259
1/25/2018,2018,1,256
1/26/2018,2018,1,255
1/27/2018,2018,1,264
1/28/2018,2018,1,248
1/29/2018,2018,1,311
1/30/2018,2018,1,232
1/31/2018,2018,1,266
2/1/2018,2018,2,271
2/2/2018,2018,2,249
2/3/2018,2018,2,264
2/4/2018,2018,2,218
2/5/2018,2018,2,331
2/6/2018,2018,2,283
2/7/2018,2018,2,249
2/8/2018,2018,2,276
2/9/2018,2018,2,223
2/10/2018,2018,2,220
2/11/2018,2018,2,242
2/12/2018,2018,2,281
2/13/2018,2018,2,265
2/14/2018,2018,2,240
2/15/2018,2018,2,240
2/16/2018,2018,2,228
2/17/2018,2018,2,218
2/18/2018,2018,2,230
2/19/2018,2018,2,276
2/20/2018,2018,2,255
2/21/2018,2018,2,234
2/22/2018,2018,2,227
2/23/2018,2018,2,258
2/24/2018,2018,2,229
2/25/2018,2018,2,226
2/26/2018,2018,2,241
2/27/2018,2018,2,258
2/28/2018,2018,2,244
3/1/2018,2018,3,290
3/2/2018,2018,3,230
3/3/2018,2018,3,250
3/4/2018,2018,3,233
3/5/2018,2018,3,299
3/6/2018,2018,3,254
3/7/2018,2018,3,258
3/8/2018,2018,3,211
3/9/2018,2018,3,228
3/10/2018,2018,3,204
3/11/2018,2018,3,240
3/12/2018,2018,3,270
3/13/2018,2018,3,228
3/14/2018,2018,3,256
3/15/2018,2018,3,223
3/16/2018,2018,3,245
3/17/2018,2018,3,215
3/18/2018,2018,3,230
3/19/2018,2018,3,270
3/20/2018,2018,3,218
3/21/2018,2018,3,218
3/22/2018,2018,3,257
3/23/2018,2018,3,237
3/24/2018,2018,3,203
3/25/2018,2018,3,238
3/26/2018,2018,3,249
3/27/2018,2018,3,218
3/28/2018,2018,3,245
3/29/2018,2018,3,240
3/30/2018,2018,3,212
3/31/2018,2018,3,230
4/1/2018,2018,4,190
4/2/2018,2018,4,262
4/3/2018,2018,4,247
4/4/2018,2018,4,240
4/5/2018,2018,4,218
4/6/2018,2018,4,238
4/7/2018,2018,4,208
4/8/2018,2018,4,213
4/9/2018,2018,4,274
4/10/2018,2018,4,220
4/11/2018,2018,4,259
4/12/2018,2018,4,233
4/13/2018,2018,4,233
4/14/2018,2018,4,200
4/15/2018,2018,4,201
4/16/2018,2018,4,276
4/17/2018,2018,4,260
4/18/2018,2018,4,211
4/19/2018,2018,4,266
4/20/2018,2018,4,228
4/21/2018,2018,4,219
4/22/2018,2018,4,222
4/23/2018,2018,4,265
4/24/2018,2018,4,261
4/25/2018,2018,4,241
4/26/2018,2018,4,256
4/27/2018,2018,4,237
4/28/2018,2018,4,200
4/29/2018,2018,4,219
4/30/2018,2018,4,244
5/1/2018,2018,5,223
5/2/2018,2018,5,246
5/3/2018,2018,5,225
5/4/2018,2018,5,264
5/5/2018,2018,5,212
5/6/2018,2018,5,187
5/7/2018,2018,5,278
5/8/2018,2018,5,241
5/9/2018,2018,5,233
5/10/2018,2018,5,287
5/11/2018,2018,5,219
5/12/2018,2018,5,210
5/13/2018,2018,5,186
5/14/2018,2018,5,247
5/15/2018,2018,5,232
5/16/2018,2018,5,228
5/17/2018,2018,5,214
5/18/2018,2018,5,237
5/19/2018,2018,5,201
5/20/2018,2018,5,213
5/21/2018,2018,5,249
5/22/2018,2018,5,237
5/23/2018,2018,5,221
5/24/2018,2018,5,241
5/25/2018,2018,5,208
5/26/2018,2018,5,217
5/27/2018,2018,5,207
5/28/2018,2018,5,243
5/29/2018,2018,5,267
5/30/2018,2018,5,231
5/31/2018,2018,5,222
6/1/2018,2018,6,208
6/2/2018,2018,6,221
6/3/2018,2018,6,230
6/4/2018,2018,6,233
6/5/2018,2018,6,249
6/6/2018,2018,6,186
6/7/2018,2018,6,226
6/8/2018,2018,6,191
6/9/2018,2018,6,208
6/10/2018,2018,6,226
6/11/2018,2018,6,233
6/12/2018,2018,6,223
6/13/2018,2018,6,220
6/14/2018,2018,6,204
6/15/2018,2018,6,172
6/16/2018,2018,6,191
6/17/2018,2018,6,210
6/18/2018,2018,6,246
6/19/2018,2018,6,237
6/20/2018,2018,6,210
6/21/2018,2018,6,236
6/22/2018,2018,6,220
6/23/2018,2018,6,214
6/24/2018,2018,6,238
6/25/2018,2018,6,254
6/26/2018,2018,6,206
6/27/2018,2018,6,237
6/28/2018,2018,6,230
6/29/2018,2018,6,195
6/30/2018,2018,6,210
7/1/2018,2018,7,215
7/2/2018,2018,7,222
7/3/2018,2018,7,206
7/4/2018,2018,7,180
7/5/2018,2018,7,226
7/6/2018,2018,7,200
7/7/2018,2018,7,209
7/8/2018,2018,7,221
7/9/2018,2018,7,244
7/10/2018,2018,7,256
7/11/2018,2018,7,239
7/12/2018,2018,7,206
7/13/2018,2018,7,208
7/14/2018,2018,7,201
7/15/2018,2018,7,228
7/16/2018,2018,7,245
7/17/2018,2018,7,241
7/18/2018,2018,7,206
7/19/2018,2018,7,214
7/20/2018,2018,7,208
7/21/2018,2018,7,198
7/22/2018,2018,7,186
7/23/2018,2018,7,255
7/24/2018,2018,7,220
7/25/2018,2018,7,217
7/26/2018,2018,7,215
7/27/2018,2018,7,211
7/28/2018,2018,7,199
7/29/2018,2018,7,218
7/30/2018,2018,7,212
7/31/2018,2018,7,212
8/1/2018,2018,8,202
8/2/2018,2018,8,190
8/3/2018,2018,8,230
8/4/2018,2018,8,246
8/5/2018,2018,8,181
8/6/2018,2018,8,259
8/7/2018,2018,8,225
8/8/2018,2018,8,211
8/9/2018,2018,8,218
8/10/2018,2018,8,202
8/11/2018,2018,8,197
8/12/2018,2018,8,190
8/13/2018,2018,8,245
8/14/2018,2018,8,242
8/15/2018,2018,8,214
8/16/2018,2018,8,240
8/17/2018,2018,8,239
8/18/2018,2018,8,233
8/19/2018,2018,8,207
8/20/2018,2018,8,251
8/21/2018,2018,8,203
8/22/2018,2018,8,217
8/23/2018,2018,8,242
8/24/2018,2018,8,201
8/25/2018,2018,8,190
8/26/2018,2018,8,226
8/27/2018,2018,8,250
8/28/2018,2018,8,225
8/29/2018,2018,8,253
8/30/2018,2018,8,182
8/31/2018,2018,8,235
9/1/2018,2018,9,203
9/2/2018,2018,9,227
9/3/2018,2018,9,207
9/4/2018,2018,9,238
9/5/2018,2018,9,284
9/6/2018,2018,9,217
9/7/2018,2018,9,220
9/8/2018,2018,9,204
9/9/2018,2018,9,188
9/10/2018,2018,9,269
9/11/2018,2018,9,253
9/12/2018,2018,9,212
9/13/2018,2018,9,244
9/14/2018,2018,9,212
9/15/2018,2018,9,236
9/16/2018,2018,9,218
9/17/2018,2018,9,261
9/18/2018,2018,9,252
9/19/2018,2018,9,253
9/20/2018,2018,9,211
9/21/2018,2018,9,217
9/22/2018,2018,9,200
9/23/2018,2018,9,228
9/24/2018,2018,9,256
9/25/2018,2018,9,257
9/26/2018,2018,9,224
9/27/2018,2018,9,216
9/28/2018,2018,9,232
9/29/2018,2018,9,193
9/30/2018,2018,9,204
10/1/2018,2018,10,231
10/2/2018,2018,10,221
10/3/2018,2018,10,207
10/4/2018,2018,10,226
10/5/2018,2018,10,200
10/6/2018,2018,10,181
10/7/2018,2018,10,219
10/8/2018,2018,10,270
10/9/2018,2018,10,238
10/10/2018,2018,10,234
10/11/2018,2018,10,224
10/12/2018,2018,10,225
10/13/2018,2018,10,219
10/14/2018,2018,10,203
10/15/2018,2018,10,237
10/16/2018,2018,10,233
10/17/2018,2018,10,244
10/18/2018,2018,10,230
10/19/2018,2018,10,223
10/20/2018,2018,10,218
10/21/2018,2018,10,202
10/22/2018,2018,10,253
10/23/2018,2018,10,242
10/24/2018,2018,10,207
10/25/2018,2018,10,211
10/26/2018,2018,10,236
10/27/2018,2018,10,179
10/28/2018,2018,10,222
10/29/2018,2018,10,250
10/30/2018,2018,10,198
10/31/2018,2018,10,207
11/1/2018,2018,11,231
11/2/2018,2018,11,224
11/3/2018,2018,11,175
11/4/2018,2018,11,228
11/5/2018,2018,11,279
11/6/2018,2018,11,223
11/7/2018,2018,11,235
11/8/2018,2018,11,225
11/9/2018,2018,11,245
11/10/2018,2018,11,208
11/11/2018,2018,11,229
11/12/2018,2018,11,250
11/13/2018,2018,11,249
11/14/2018,2018,11,223
11/15/2018,2018,11,198
11/16/2018,2018,11,188
11/17/2018,2018,11,194
11/18/2018,2018,11,210
11/19/2018,2018,11,272
11/20/2018,2018,11,216
11/21/2018,2018,11,207
11/22/2018,2018,11,158
11/23/2018,2018,11,235
11/24/2018,2018,11,202
11/25/2018,2018,11,249
11/26/2018,2018,11,253
11/27/2018,2018,11,211
11/28/2018,2018,11,214
11/29/2018,2018,11,226
11/30/2018,2018,11,207
12/1/2018,2018,12,200
12/2/2018,2018,12,215
12/3/2018,2018,12,257
12/4/2018,2018,12,237
12/5/2018,2018,12,246
12/6/2018,2018,12,220
12/7/2018,2018,12,202
12/8/2018,2018,12,188
12/9/2018,2018,12,198
12/10/2018,2018,12,254
12/11/2018,2018,12,196
12/12/2018,2018,12,223
12/13/2018,2018,12,213
12/14/2018,2018,12,208
12/15/2018,2018,12,169
12/16/2018,2018,12,199
12/17/2018,2018,12,238
12/18/2018,2018,12,237
12/19/2018,2018,12,205
12/20/2018,2018,12,209
12/21/2018,2018,12,203
12/22/2018,2018,12,182
12/23/2018,2018,12,195
12/24/2018,2018,12,186
12/25/2018,2018,12,191
12/26/2018,2018,12,281
12/27/2018,2018,12,263
12/28/2018,2018,12,229
12/29/2018,2018,12,268
12/30/2018,2018,12,239
12/31/2018,2018,12,206
1/1/2019,2019,1,221
1/2/2019,2019,1,280
1/3/2019,2019,1,235
1/4/2019,2019,1,240
1/5/2019,2019,1,249
1/6/2019,2019,1,212
1/7/2019,2019,1,295
1/8/2019,2019,1,250
1/9/2019,2019,1,218
1/10/2019,2019,1,209
1/11/2019,2019,1,217
1/12/2019,2019,1,201
1/13/2019,2019,1,225
1/14/2019,2019,1,261
1/15/2019,2019,1,218
1/16/2019,2019,1,234
1/17/2019,2019,1,238
1/18/2019,2019,1,210
1/19/2019,2019,1,201
1/20/2019,2019,1,194
1/21/2019,2019,1,215
1/22/2019,2019,1,270
1/23/2019,2019,1,249
1/24/2019,2019,1,246
1/25/2019,2019,1,201
1/26/2019,2019,1,207
1/27/2019,2019,1,163
1/28/2019,2019,1,249
1/29/2019,2019,1,231
1/30/2019,2019,1,204
1/31/2019,2019,1,203
2/1/2019,2019,2,240
2/2/2019,2019,2,234
2/3/2019,2019,2,223
2/4/2019,2019,2,285
2/5/2019,2019,2,254
2/6/2019,2019,2,251
2/7/2019,2019,2,254
2/8/2019,2019,2,227
2/9/2019,2019,2,185
2/10/2019,2019,2,199
2/11/2019,2019,2,282
2/12/2019,2019,2,245
2/13/2019,2019,2,224
2/14/2019,2019,2,234
2/15/2019,2019,2,231
2/16/2019,2019,2,221
2/17/2019,2019,2,230
2/18/2019,2019,2,262
2/19/2019,2019,2,264
2/20/2019,2019,2,238
2/21/2019,2019,2,248
2/22/2019,2019,2,242
2/23/2019,2019,2,222
2/24/2019,2019,2,230
2/25/2019,2019,2,288
2/26/2019,2019,2,226
2/27/2019,2019,2,248
2/28/2019,2019,2,239
3/1/2019,2019,3,222
3/2/2019,2019,3,178
3/3/2019,2019,3,205
3/4/2019,2019,3,256
3/5/2019,2019,3,231
3/6/2019,2019,3,214
3/7/2019,2019,3,216
3/8/2019,2019,3,249
3/9/2019,2019,3,223
3/10/2019,2019,3,225
3/11/2019,2019,3,263
3/12/2019,2019,3,236
3/13/2019,2019,3,279
3/14/2019,2019,3,241
3/15/2019,2019,3,227
3/16/2019,2019,3,209
3/17/2019,2019,3,199
3/18/2019,2019,3,266
3/19/2019,2019,3,239
3/20/2019,2019,3,214
3/21/2019,2019,3,233
3/22/2019,2019,3,231
3/23/2019,2019,3,229
3/24/2019,2019,3,249
3/25/2019,2019,3,288
3/26/2019,2019,3,270
3/27/2019,2019,3,252
3/28/2019,2019,3,255
3/29/2019,2019,3,240
3/30/2019,2019,3,205
3/31/2019,2019,3,218
4/1/2019,2019,4,266
4/2/2019,2019,4,237
4/3/2019,2019,4,260
4/4/2019,2019,4,246
4/5/2019,2019,4,235
4/6/2019,2019,4,202
4/7/2019,2019,4,204
4/8/2019,2019,4,268
4/9/2019,2019,4,236
4/10/2019,2019,4,245
4/11/2019,2019,4,250
4/12/2019,2019,4,227
4/13/2019,2019,4,208
4/14/2019,2019,4,252
4/15/2019,2019,4,241
4/16/2019,2019,4,227
4/17/2019,2019,4,247
4/18/2019,2019,4,243
4/19/2019,2019,4,223
4/20/2019,2019,4,199
4/21/2019,2019,4,198
4/22/2019,2019,4,275
4/23/2019,2019,4,226
4/24/2019,2019,4,223
4/25/2019,2019,4,245
4/26/2019,2019,4,228
4/27/2019,2019,4,210
4/28/2019,2019,4,208
4/29/2019,2019,4,279
4/30/2019,2019,4,264
5/1/2019,2019,5,248
5/2/2019,2019,5,255
5/3/2019,2019,5,252
5/4/2019,2019,5,236
5/5/2019,2019,5,215
5/6/2019,2019,5,269
5/7/2019,2019,5,260
5/8/2019,2019,5,255
5/9/2019,2019,5,223
5/10/2019,2019,5,210
5/11/2019,2019,5,196
5/12/2019,2019,5,185
5/13/2019,2019,5,256
5/14/2019,2019,5,233
5/15/2019,2019,5,231
5/16/2019,2019,5,233
5/17/2019,2019,5,223
5/18/2019,2019,5,216
5/19/2019,2019,5,222
5/20/2019,2019,5,265
5/21/2019,2019,5,259
5/22/2019,2019,5,230
5/23/2019,2019,5,214
5/24/2019,2019,5,216
5/25/2019,2019,5,212
5/26/2019,2019,5,220
5/27/2019,2019,5,248
5/28/2019,2019,5,261
5/29/2019,2019,5,234
5/30/2019,2019,5,239
5/31/2019,2019,5,235
6/1/2019,2019,6,206
6/2/2019,2019,6,219
6/3/2019,2019,6,251
6/4/2019,2019,6,260
6/5/2019,2019,6,229
6/6/2019,2019,6,217
6/7/2019,2019,6,242
6/8/2019,2019,6,223
6/9/2019,2019,6,183
6/10/2019,2019,6,220
6/11/2019,2019,6,216
6/12/2019,2019,6,223
6/13/2019,2019,6,213
6/14/2019,2019,6,219
6/15/2019,2019,6,210
6/16/2019,2019,6,205
6/17/2019,2019,6,252
6/18/2019,2019,6,239
6/19/2019,2019,6,230
6/20/2019,2019,6,221
6/21/2019,2019,6,203
6/22/2019,2019,6,181
6/23/2019,2019,6,207
6/24/2019,2019,6,228
6/25/2019,2019,6,230
6/26/2019,2019,6,215
6/27/2019,2019,6,200
6/28/2019,2019,6,218
6/29/2019,2019,6,218
6/30/2019,2019,6,213
7/1/2019,2019,7,230
7/2/2019,2019,7,238
7/3/2019,2019,7,236
7/4/2019,2019,7,181
7/5/2019,2019,7,229
7/6/2019,2019,7,195
7/7/2019,2019,7,222
7/8/2019,2019,7,271
7/9/2019,2019,7,235
7/10/2019,2019,7,237
7/11/2019,2019,7,241
7/12/2019,2019,7,218
7/13/2019,2019,7,210
7/14/2019,2019,7,218
7/15/2019,2019,7,237
7/16/2019,2019,7,253
7/17/2019,2019,7,220
7/18/2019,2019,7,172
7/19/2019,2019,7,200
7/20/2019,2019,7,188
7/21/2019,2019,7,204
7/22/2019,2019,7,247
7/23/2019,2019,7,236
7/24/2019,2019,7,233
7/25/2019,2019,7,205
7/26/2019,2019,7,201
7/27/2019,2019,7,197
7/28/2019,2019,7,189
7/29/2019,2019,7,243
7/30/2019,2019,7,183
7/31/2019,2019,7,214
8/1/2019,2019,8,225
8/2/2019,2019,8,212
8/3/2019,2019,8,182
8/4/2019,2019,8,217
8/5/2019,2019,8,243
8/6/2019,2019,8,230
8/7/2019,2019,8,218
8/8/2019,2019,8,214
8/9/2019,2019,8,233
8/10/2019,2019,8,181
8/11/2019,2019,8,167
8/12/2019,2019,8,214
8/13/2019,2019,8,251
8/14/2019,2019,8,230
8/15/2019,2019,8,235
8/16/2019,2019,8,226
8/17/2019,2019,8,204
8/18/2019,2019,8,200
8/19/2019,2019,8,249
8/20/2019,2019,8,219
8/21/2019,2019,8,238
8/22/2019,2019,8,231
8/23/2019,2019,8,237
8/24/2019,2019,8,184
8/25/2019,2019,8,248
8/26/2019,2019,8,240
8/27/2019,2019,8,248
8/28/2019,2019,8,238
8/29/2019,2019,8,232
8/30/2019,2019,8,190
8/31/2019,2019,8,214
9/1/2019,2019,9,200
9/2/2019,2019,9,217
9/3/2019,2019,9,184
9/4/2019,2019,9,224
9/5/2019,2019,9,233
9/6/2019,2019,9,238
9/7/2019,2019,9,199
9/8/2019,2019,9,198
9/9/2019,2019,9,240
9/10/2019,2019,9,257
9/11/2019,2019,9,227
9/12/2019,2019,9,207
9/13/2019,2019,9,225
9/14/2019,2019,9,241
9/15/2019,2019,9,232
9/16/2019,2019,9,260
9/17/2019,2019,9,228
9/18/2019,2019,9,216
9/19/2019,2019,9,201
9/20/2019,2019,9,204
9/21/2019,2019,9,186
9/22/2019,2019,9,210
9/23/2019,2019,9,275
9/24/2019,2019,9,211
9/25/2019,2019,9,246
9/26/2019,2019,9,221
9/27/2019,2019,9,211
9/28/2019,2019,9,209
9/29/2019,2019,9,200
9/30/2019,2019,9,248
10/1/2019,2019,10,272
10/2/2019,2019,10,203
10/3/2019,2019,10,214
10/4/2019,2019,10,233
10/5/2019,2019,10,178
10/6/2019,2019,10,231
10/7/2019,2019,10,265
10/8/2019,2019,10,224
10/9/2019,2019,10,255
10/10/2019,2019,10,233
10/11/2019,2019,10,208
10/12/2019,2019,10,209
10/13/2019,2019,10,184
10/14/2019,2019,10,268
10/15/2019,2019,10,226
10/16/2019,2019,10,250
10/17/2019,2019,10,225
10/18/2019,2019,10,195
10/19/2019,2019,10,223
10/20/2019,2019,10,218
10/21/2019,2019,10,245
10/22/2019,2019,10,270
10/23/2019,2019,10,233
10/24/2019,2019,10,236
10/25/2019,2019,10,208
10/26/2019,2019,10,216
10/27/2019,2019,10,174
10/28/2019,2019,10,261
10/29/2019,2019,10,259
10/30/2019,2019,10,210
10/31/2019,2019,10,185
11/1/2019,2019,11,218
11/2/2019,2019,11,215
11/3/2019,2019,11,214
11/4/2019,2019,11,289
11/5/2019,2019,11,251
11/6/2019,2019,11,226
11/7/2019,2019,11,209
11/8/2019,2019,11,232
11/9/2019,2019,11,211
11/10/2019,2019,11,199
11/11/2019,2019,11,244
11/12/2019,2019,11,235
11/13/2019,2019,11,193
11/14/2019,2019,11,211
11/15/2019,2019,11,244
11/16/2019,2019,11,195
11/17/2019,2019,11,198
11/18/2019,2019,11,275
11/19/2019,2019,11,239
11/20/2019,2019,11,207
11/21/2019,2019,11,243
11/22/2019,2019,11,226
11/23/2019,2019,11,231
11/24/2019,2019,11,203
11/25/2019,2019,11,206
11/26/2019,2019,11,188
11/27/2019,2019,11,235
11/28/2019,2019,11,176
11/29/2019,2019,11,229
11/30/2019,2019,11,227
12/1/2019,2019,12,231
12/2/2019,2019,12,262
12/3/2019,2019,12,229
12/4/2019,2019,12,245
12/5/2019,2019,12,229
12/6/2019,2019,12,227
12/7/2019,2019,12,187
12/8/2019,2019,12,207
12/9/2019,2019,12,261
12/10/2019,2019,12,258
12/11/2019,2019,12,230
12/12/2019,2019,12,232
12/13/2019,2019,12,238
12/14/2019,2019,12,218
12/15/2019,2019,12,218
12/16/2019,2019,12,250
12/17/2019,2019,12,243
12/18/2019,2019,12,241
12/19/2019,2019,12,225
12/20/2019,2019,12,189
12/21/2019,2019,12,209
12/22/2019,2019,12,206
12/23/2019,2019,12,229
12/24/2019,2019,12,190
12/25/2019,2019,12,175
12/26/2019,2019,12,260
12/27/2019,2019,12,264
12/28/2019,2019,12,242
12/29/2019,2019,12,257
12/30/2019,2019,12,269
12/31/2019,2019,12,195
1/1/2020,2020,1,
1/2/2020,2020,1,
1/3/2020,2020,1,
1/4/2020,2020,1,
1/5/2020,2020,1,
1/6/2020,2020,1,
1/7/2020,2020,1,
1/8/2020,2020,1,
1/9/2020,2020,1,
1/10/2020,2020,1,
1/11/2020,2020,1,
1/12/2020,2020,1,
1/13/2020,2020,1,
1/14/2020,2020,1,
1/15/2020,2020,1,
1/16/2020,2020,1,
1/17/2020,2020,1,
1/18/2020,2020,1,
1/19/2020,2020,1,
1/20/2020,2020,1,
1/21/2020,2020,1,
1/22/2020,2020,1,
1/23/2020,2020,1,
1/24/2020,2020,1,
1/25/2020,2020,1,
1/26/2020,2020,1,
1/27/2020,2020,1,
1/28/2020,2020,1,
1/29/2020,2020,1,
1/30/2020,2020,1,
1/31/2020,2020,1,
2/1/2020,2020,2,
2/2/2020,2020,2,
2/3/2020,2020,2,
2/4/2020,2020,2,
2/5/2020,2020,2,
2/6/2020,2020,2,
2/7/2020,2020,2,
2/8/2020,2020,2,
2/9/2020,2020,2,
2/10/2020,2020,2,
2/11/2020,2020,2,
2/12/2020,2020,2,
2/13/2020,2020,2,
2/14/2020,2020,2,
2/15/2020,2020,2,
2/16/2020,2020,2,
2/17/2020,2020,2,
2/18/2020,2020,2,
2/19/2020,2020,2,
2/20/2020,2020,2,
2/21/2020,2020,2,
2/22/2020,2020,2,
2/23/2020,2020,2,
2/24/2020,2020,2,
2/25/2020,2020,2,
2/26/2020,2020,2,
2/27/2020,2020,2,
2/28/2020,2020,2,
2/29/2020,2020,2,
3/1/2020,2020,3,
3/2/2020,2020,3,
3/3/2020,2020,3,
3/4/2020,2020,3,
3/5/2020,2020,3,
3/6/2020,2020,3,
3/7/2020,2020,3,
3/8/2020,2020,3,
3/9/2020,2020,3,
3/10/2020,2020,3,
3/11/2020,2020,3,
3/12/2020,2020,3,
3/13/2020,2020,3,
3/14/2020,2020,3,
3/15/2020,2020,3,
3/16/2020,2020,3,
3/17/2020,2020,3,
3/18/2020,2020,3,
3/19/2020,2020,3,
3/20/2020,2020,3,
3/21/2020,2020,3,
3/22/2020,2020,3,
3/23/2020,2020,3,
3/24/2020,2020,3,
3/25/2020,2020,3,
3/26/2020,2020,3,
3/27/2020,2020,3,
3/28/2020,2020,3,
3/29/2020,2020,3,
3/30/2020,2020,3,
3/31/2020,2020,3,
4/1/2020,2020,4,
4/2/2020,2020,4,
4/3/2020,2020,4,
4/4/2020,2020,4,
4/5/2020,2020,4,
4/6/2020,2020,4,
4/7/2020,2020,4,
4/8/2020,2020,4,
4/9/2020,2020,4,
4/10/2020,2020,4,
4/11/2020,2020,4,
4/12/2020,2020,4,
4/13/2020,2020,4,
4/14/2020,2020,4,
4/15/2020,2020,4,
4/16/2020,2020,4,
4/17/2020,2020,4,
4/18/2020,2020,4,
4/19/2020,2020,4,
4/20/2020,2020,4,
4/21/2020,2020,4,
4/22/2020,2020,4,
4/23/2020,2020,4,
4/24/2020,2020,4,
4/25/2020,2020,4,
4/26/2020,2020,4,
4/27/2020,2020,4,
4/28/2020,2020,4,
4/29/2020,2020,4,
4/30/2020,2020,4,
5/1/2020,2020,5,
5/2/2020,2020,5,
5/3/2020,2020,5,
5/4/2020,2020,5,
5/5/2020,2020,5,
5/6/2020,2020,5,
5/7/2020,2020,5,
5/8/2020,2020,5,
5/9/2020,2020,5,
5/10/2020,2020,5,
5/11/2020,2020,5,
5/12/2020,2020,5,
5/13/2020,2020,5,
5/14/2020,2020,5,
5/15/2020,2020,5,
5/16/2020,2020,5,
5/17/2020,2020,5,
5/18/2020,2020,5,
5/19/2020,2020,5,
5/20/2020,2020,5,
5/21/2020,2020,5,
5/22/2020,2020,5,
5/23/2020,2020,5,
5/24/2020,2020,5,
5/25/2020,2020,5,
5/26/2020,2020,5,
5/27/2020,2020,5,
5/28/2020,2020,5,
5/29/2020,2020,5,
5/30/2020,2020,5,
5/31/2020,2020,5,
6/1/2020,2020,6,
6/2/2020,2020,6,
6/3/2020,2020,6,
6/4/2020,2020,6,
6/5/2020,2020,6,
6/6/2020,2020,6,
6/7/2020,2020,6,
6/8/2020,2020,6,
6/9/2020,2020,6,
6/10/2020,2020,6,
6/11/2020,2020,6,
6/12/2020,2020,6,
6/13/2020,2020,6,
6/14/2020,2020,6,
6/15/2020,2020,6,
6/16/2020,2020,6,
6/17/2020,2020,6,
6/18/2020,2020,6,
6/19/2020,2020,6,
6/20/2020,2020,6,
6/21/2020,2020,6,
6/22/2020,2020,6,
6/23/2020,2020,6,
6/24/2020,2020,6,
6/25/2020,2020,6,
6/26/2020,2020,6,
6/27/2020,2020,6,
6/28/2020,2020,6,
6/29/2020,2020,6,
6/30/2020,2020,6,
7/1/2020,2020,7,
7/2/2020,2020,7,
7/3/2020,2020,7,
7/4/2020,2020,7,
7/5/2020,2020,7,
7/6/2020,2020,7,
7/7/2020,2020,7,
7/8/2020,2020,7,
7/9/2020,2020,7,
7/10/2020,2020,7,
7/11/2020,2020,7,
7/12/2020,2020,7,
7/13/2020,2020,7,
7/14/2020,2020,7,
7/15/2020,2020,7,
7/16/2020,2020,7,
7/17/2020,2020,7,
7/18/2020,2020,7,
7/19/2020,2020,7,
7/20/2020,2020,7,
7/21/2020,2020,7,
7/22/2020,2020,7,
7/23/2020,2020,7,
7/24/2020,2020,7,
7/25/2020,2020,7,
7/26/2020,2020,7,
7/27/2020,2020,7,
7/28/2020,2020,7,
7/29/2020,2020,7,
7/30/2020,2020,7,
7/31/2020,2020,7,
8/1/2020,2020,8,
8/2/2020,2020,8,
8/3/2020,2020,8,
8/4/2020,2020,8,
8/5/2020,2020,8,
8/6/2020,2020,8,
8/7/2020,2020,8,
8/8/2020,2020,8,
8/9/2020,2020,8,
8/10/2020,2020,8,
8/11/2020,2020,8,
8/12/2020,2020,8,
8/13/2020,2020,8,
8/14/2020,2020,8,
8/15/2020,2020,8,
8/16/2020,2020,8,
8/17/2020,2020,8,
8/18/2020,2020,8,
8/19/2020,2020,8,
8/20/2020,2020,8,
8/21/2020,2020,8,
8/22/2020,2020,8,
8/23/2020,2020,8,
8/24/2020,2020,8,
8/25/2020,2020,8,
8/26/2020,2020,8,
8/27/2020,2020,8,
8/28/2020,2020,8,
8/29/2020,2020,8,
8/30/2020,2020,8,
8/31/2020,2020,8,
