ds,year,Month,y
1/1/2010,2010,1,58
1/2/2010,2010,1,47
1/3/2010,2010,1,36
1/4/2010,2010,1,29
1/5/2010,2010,1,44
1/6/2010,2010,1,19
1/7/2010,2010,1,25
1/8/2010,2010,1,32
1/9/2010,2010,1,21
1/10/2010,2010,1,46
1/11/2010,2010,1,30
1/12/2010,2010,1,23
1/13/2010,2010,1,16
1/14/2010,2010,1,38
1/15/2010,2010,1,30
1/16/2010,2010,1,41
1/17/2010,2010,1,45
1/18/2010,2010,1,38
1/19/2010,2010,1,46
1/20/2010,2010,1,19
1/21/2010,2010,1,25
1/22/2010,2010,1,30
1/23/2010,2010,1,23
1/24/2010,2010,1,51
1/25/2010,2010,1,32
1/26/2010,2010,1,34
1/27/2010,2010,1,40
1/28/2010,2010,1,30
1/29/2010,2010,1,27
1/30/2010,2010,1,47
1/31/2010,2010,1,43
2/1/2010,2010,2,50
2/2/2010,2010,2,29
2/3/2010,2010,2,32
2/4/2010,2010,2,34
2/5/2010,2010,2,35
2/6/2010,2010,2,39
2/7/2010,2010,2,46
2/8/2010,2010,2,40
2/9/2010,2010,2,35
2/10/2010,2010,2,31
2/11/2010,2010,2,36
2/12/2010,2010,2,27
2/13/2010,2010,2,47
2/14/2010,2010,2,50
2/15/2010,2010,2,44
2/16/2010,2010,2,54
2/17/2010,2010,2,33
2/18/2010,2010,2,43
2/19/2010,2010,2,35
2/20/2010,2010,2,43
2/21/2010,2010,2,43
2/22/2010,2010,2,33
2/23/2010,2010,2,34
2/24/2010,2010,2,40
2/25/2010,2010,2,27
2/26/2010,2010,2,24
2/27/2010,2010,2,34
2/28/2010,2010,2,49
3/1/2010,2010,3,39
3/2/2010,2010,3,34
3/3/2010,2010,3,31
3/4/2010,2010,3,28
3/5/2010,2010,3,39
3/6/2010,2010,3,51
3/7/2010,2010,3,42
3/8/2010,2010,3,57
3/9/2010,2010,3,36
3/10/2010,2010,3,36
3/11/2010,2010,3,40
3/12/2010,2010,3,45
3/13/2010,2010,3,38
3/14/2010,2010,3,49
3/15/2010,2010,3,50
3/16/2010,2010,3,37
3/17/2010,2010,3,49
3/18/2010,2010,3,39
3/19/2010,2010,3,49
3/20/2010,2010,3,45
3/21/2010,2010,3,48
3/22/2010,2010,3,44
3/23/2010,2010,3,40
3/24/2010,2010,3,49
3/25/2010,2010,3,31
3/26/2010,2010,3,46
3/27/2010,2010,3,35
3/28/2010,2010,3,64
3/29/2010,2010,3,48
3/30/2010,2010,3,47
3/31/2010,2010,3,48
4/1/2010,2010,4,51
4/2/2010,2010,4,56
4/3/2010,2010,4,64
4/4/2010,2010,4,60
4/5/2010,2010,4,70
4/6/2010,2010,4,45
4/7/2010,2010,4,55
4/8/2010,2010,4,47
4/9/2010,2010,4,42
4/10/2010,2010,4,43
4/11/2010,2010,4,50
4/12/2010,2010,4,41
4/13/2010,2010,4,41
4/14/2010,2010,4,39
4/15/2010,2010,4,27
4/16/2010,2010,4,37
4/17/2010,2010,4,43
4/18/2010,2010,4,35
4/19/2010,2010,4,49
4/20/2010,2010,4,52
4/21/2010,2010,4,45
4/22/2010,2010,4,44
4/23/2010,2010,4,54
4/24/2010,2010,4,41
4/25/2010,2010,4,46
4/26/2010,2010,4,55
4/27/2010,2010,4,19
4/28/2010,2010,4,29
4/29/2010,2010,4,47
4/30/2010,2010,4,40
5/1/2010,2010,5,50
5/2/2010,2010,5,35
5/3/2010,2010,5,34
5/4/2010,2010,5,36
5/5/2010,2010,5,33
5/6/2010,2010,5,49
5/7/2010,2010,5,38
5/8/2010,2010,5,46
5/9/2010,2010,5,34
5/10/2010,2010,5,42
5/11/2010,2010,5,38
5/12/2010,2010,5,40
5/13/2010,2010,5,42
5/14/2010,2010,5,41
5/15/2010,2010,5,53
5/16/2010,2010,5,32
5/17/2010,2010,5,43
5/18/2010,2010,5,38
5/19/2010,2010,5,32
5/20/2010,2010,5,45
5/21/2010,2010,5,41
5/22/2010,2010,5,45
5/23/2010,2010,5,39
5/24/2010,2010,5,43
5/25/2010,2010,5,55
5/26/2010,2010,5,29
5/27/2010,2010,5,36
5/28/2010,2010,5,36
5/29/2010,2010,5,52
5/30/2010,2010,5,62
5/31/2010,2010,5,42
6/1/2010,2010,6,45
6/2/2010,2010,6,26
6/3/2010,2010,6,27
6/4/2010,2010,6,39
6/5/2010,2010,6,39
6/6/2010,2010,6,34
6/7/2010,2010,6,50
6/8/2010,2010,6,45
6/9/2010,2010,6,46
6/10/2010,2010,6,39
6/11/2010,2010,6,58
6/12/2010,2010,6,43
6/13/2010,2010,6,47
6/14/2010,2010,6,48
6/15/2010,2010,6,40
6/16/2010,2010,6,50
6/17/2010,2010,6,48
6/18/2010,2010,6,35
6/19/2010,2010,6,35
6/20/2010,2010,6,41
6/21/2010,2010,6,51
6/22/2010,2010,6,36
6/23/2010,2010,6,58
6/24/2010,2010,6,52
6/25/2010,2010,6,37
6/26/2010,2010,6,61
6/27/2010,2010,6,52
6/28/2010,2010,6,49
6/29/2010,2010,6,37
6/30/2010,2010,6,39
7/1/2010,2010,7,35
7/2/2010,2010,7,54
7/3/2010,2010,7,48
7/4/2010,2010,7,53
7/5/2010,2010,7,58
7/6/2010,2010,7,57
7/7/2010,2010,7,49
7/8/2010,2010,7,65
7/9/2010,2010,7,55
7/10/2010,2010,7,48
7/11/2010,2010,7,57
7/12/2010,2010,7,55
7/13/2010,2010,7,55
7/14/2010,2010,7,48
7/15/2010,2010,7,49
7/16/2010,2010,7,62
7/17/2010,2010,7,56
7/18/2010,2010,7,53
7/19/2010,2010,7,41
7/20/2010,2010,7,55
7/21/2010,2010,7,52
7/22/2010,2010,7,44
7/23/2010,2010,7,58
7/24/2010,2010,7,42
7/25/2010,2010,7,54
7/26/2010,2010,7,46
7/27/2010,2010,7,29
7/28/2010,2010,7,61
7/29/2010,2010,7,39
7/30/2010,2010,7,52
7/31/2010,2010,7,41
8/1/2010,2010,8,35
8/2/2010,2010,8,45
8/3/2010,2010,8,49
8/4/2010,2010,8,47
8/5/2010,2010,8,36
8/6/2010,2010,8,43
8/7/2010,2010,8,38
8/8/2010,2010,8,47
8/9/2010,2010,8,44
8/10/2010,2010,8,25
8/11/2010,2010,8,26
8/12/2010,2010,8,37
8/13/2010,2010,8,34
8/14/2010,2010,8,43
8/15/2010,2010,8,40
8/16/2010,2010,8,37
8/17/2010,2010,8,31
8/18/2010,2010,8,35
8/19/2010,2010,8,44
8/20/2010,2010,8,35
8/21/2010,2010,8,49
8/22/2010,2010,8,43
8/23/2010,2010,8,35
8/24/2010,2010,8,36
8/25/2010,2010,8,37
8/26/2010,2010,8,29
8/27/2010,2010,8,32
8/28/2010,2010,8,33
8/29/2010,2010,8,43
8/30/2010,2010,8,33
8/31/2010,2010,8,37
9/1/2010,2010,9,31
9/2/2010,2010,9,32
9/3/2010,2010,9,41
9/4/2010,2010,9,47
9/5/2010,2010,9,50
9/6/2010,2010,9,39
9/7/2010,2010,9,29
9/8/2010,2010,9,27
9/9/2010,2010,9,26
9/10/2010,2010,9,30
9/11/2010,2010,9,34
9/12/2010,2010,9,36
9/13/2010,2010,9,33
9/14/2010,2010,9,33
9/15/2010,2010,9,31
9/16/2010,2010,9,25
9/17/2010,2010,9,28
9/18/2010,2010,9,36
9/19/2010,2010,9,32
9/20/2010,2010,9,28
9/21/2010,2010,9,38
9/22/2010,2010,9,26
9/23/2010,2010,9,21
9/24/2010,2010,9,25
9/25/2010,2010,9,29
9/26/2010,2010,9,41
9/27/2010,2010,9,27
9/28/2010,2010,9,25
9/29/2010,2010,9,29
9/30/2010,2010,9,25
10/1/2010,2010,10,29
10/2/2010,2010,10,31
10/3/2010,2010,10,34
10/4/2010,2010,10,28
10/5/2010,2010,10,28
10/6/2010,2010,10,34
10/7/2010,2010,10,32
10/8/2010,2010,10,33
10/9/2010,2010,10,37
10/10/2010,2010,10,35
10/11/2010,2010,10,33
10/12/2010,2010,10,30
10/13/2010,2010,10,27
10/14/2010,2010,10,28
10/15/2010,2010,10,39
10/16/2010,2010,10,35
10/17/2010,2010,10,35
10/18/2010,2010,10,35
10/19/2010,2010,10,27
10/20/2010,2010,10,28
10/21/2010,2010,10,22
10/22/2010,2010,10,31
10/23/2010,2010,10,32
10/24/2010,2010,10,37
10/25/2010,2010,10,21
10/26/2010,2010,10,36
10/27/2010,2010,10,30
10/28/2010,2010,10,33
10/29/2010,2010,10,31
10/30/2010,2010,10,35
10/31/2010,2010,10,31
11/1/2010,2010,11,42
11/2/2010,2010,11,38
11/3/2010,2010,11,41
11/4/2010,2010,11,22
11/5/2010,2010,11,22
11/6/2010,2010,11,22
11/7/2010,2010,11,42
11/8/2010,2010,11,29
11/9/2010,2010,11,47
11/10/2010,2010,11,33
11/11/2010,2010,11,32
11/12/2010,2010,11,40
11/13/2010,2010,11,31
11/14/2010,2010,11,28
11/15/2010,2010,11,34
11/16/2010,2010,11,31
11/17/2010,2010,11,37
11/18/2010,2010,11,26
11/19/2010,2010,11,29
11/20/2010,2010,11,34
11/21/2010,2010,11,42
11/22/2010,2010,11,34
11/23/2010,2010,11,32
11/24/2010,2010,11,28
11/25/2010,2010,11,52
11/26/2010,2010,11,50
11/27/2010,2010,11,60
11/28/2010,2010,11,36
11/29/2010,2010,11,53
11/30/2010,2010,11,31
12/1/2010,2010,12,26
12/2/2010,2010,12,20
12/3/2010,2010,12,30
12/4/2010,2010,12,40
12/5/2010,2010,12,47
12/6/2010,2010,12,48
12/7/2010,2010,12,40
12/8/2010,2010,12,26
12/9/2010,2010,12,38
12/10/2010,2010,12,45
12/11/2010,2010,12,53
12/12/2010,2010,12,51
12/13/2010,2010,12,34
12/14/2010,2010,12,30
12/15/2010,2010,12,36
12/16/2010,2010,12,49
12/17/2010,2010,12,43
12/18/2010,2010,12,55
12/19/2010,2010,12,53
12/20/2010,2010,12,45
12/21/2010,2010,12,61
12/22/2010,2010,12,58
12/23/2010,2010,12,45
12/24/2010,2010,12,53
12/25/2010,2010,12,63
12/26/2010,2010,12,74
12/27/2010,2010,12,57
12/28/2010,2010,12,53
12/29/2010,2010,12,55
12/30/2010,2010,12,63
12/31/2010,2010,12,52
1/1/2011,2011,1,65
1/2/2011,2011,1,61
1/3/2011,2011,1,51
1/4/2011,2011,1,47
1/5/2011,2011,1,43
1/6/2011,2011,1,46
1/7/2011,2011,1,42
1/8/2011,2011,1,39
1/9/2011,2011,1,30
1/10/2011,2011,1,32
1/11/2011,2011,1,28
1/12/2011,2011,1,41
1/13/2011,2011,1,30
1/14/2011,2011,1,24
1/15/2011,2011,1,39
1/16/2011,2011,1,39
1/17/2011,2011,1,45
1/18/2011,2011,1,42
1/19/2011,2011,1,22
1/20/2011,2011,1,34
1/21/2011,2011,1,27
1/22/2011,2011,1,47
1/23/2011,2011,1,42
1/24/2011,2011,1,38
1/25/2011,2011,1,29
1/26/2011,2011,1,29
1/27/2011,2011,1,32
1/28/2011,2011,1,30
1/29/2011,2011,1,35
1/30/2011,2011,1,42
1/31/2011,2011,1,27
2/1/2011,2011,2,26
2/2/2011,2011,2,42
2/3/2011,2011,2,34
2/4/2011,2011,2,33
2/5/2011,2011,2,32
2/6/2011,2011,2,38
2/7/2011,2011,2,30
2/8/2011,2011,2,35
2/9/2011,2011,2,27
2/10/2011,2011,2,39
2/11/2011,2011,2,40
2/12/2011,2011,2,44
2/13/2011,2011,2,56
2/14/2011,2011,2,29
2/15/2011,2011,2,36
2/16/2011,2011,2,38
2/17/2011,2011,2,36
2/18/2011,2011,2,42
2/19/2011,2011,2,40
2/20/2011,2011,2,51
2/21/2011,2011,2,57
2/22/2011,2011,2,51
2/23/2011,2011,2,46
2/24/2011,2011,2,48
2/25/2011,2011,2,37
2/26/2011,2011,2,51
2/27/2011,2011,2,34
2/28/2011,2011,2,46
3/1/2011,2011,3,39
3/2/2011,2011,3,35
3/3/2011,2011,3,31
3/4/2011,2011,3,47
3/5/2011,2011,3,46
3/6/2011,2011,3,46
3/7/2011,2011,3,48
3/8/2011,2011,3,37
3/9/2011,2011,3,40
3/10/2011,2011,3,37
3/11/2011,2011,3,41
3/12/2011,2011,3,58
3/13/2011,2011,3,57
3/14/2011,2011,3,53
3/15/2011,2011,3,46
3/16/2011,2011,3,54
3/17/2011,2011,3,36
3/18/2011,2011,3,49
3/19/2011,2011,3,62
3/20/2011,2011,3,60
3/21/2011,2011,3,51
3/22/2011,2011,3,37
3/23/2011,2011,3,43
3/24/2011,2011,3,49
3/25/2011,2011,3,54
3/26/2011,2011,3,35
3/27/2011,2011,3,39
3/28/2011,2011,3,37
3/29/2011,2011,3,41
3/30/2011,2011,3,47
3/31/2011,2011,3,42
4/1/2011,2011,4,34
4/2/2011,2011,4,44
4/3/2011,2011,4,51
4/4/2011,2011,4,52
4/5/2011,2011,4,44
4/6/2011,2011,4,43
4/7/2011,2011,4,52
4/8/2011,2011,4,51
4/9/2011,2011,4,60
4/10/2011,2011,4,54
4/11/2011,2011,4,35
4/12/2011,2011,4,30
4/13/2011,2011,4,40
4/14/2011,2011,4,35
4/15/2011,2011,4,38
4/16/2011,2011,4,57
4/17/2011,2011,4,60
4/18/2011,2011,4,66
4/19/2011,2011,4,59
4/20/2011,2011,4,56
4/21/2011,2011,4,56
4/22/2011,2011,4,64
4/23/2011,2011,4,51
4/24/2011,2011,4,59
4/25/2011,2011,4,48
4/26/2011,2011,4,32
4/27/2011,2011,4,46
4/28/2011,2011,4,41
4/29/2011,2011,4,51
4/30/2011,2011,4,54
5/1/2011,2011,5,36
5/2/2011,2011,5,40
5/3/2011,2011,5,38
5/4/2011,2011,5,43
5/5/2011,2011,5,41
5/6/2011,2011,5,38
5/7/2011,2011,5,34
5/8/2011,2011,5,49
5/9/2011,2011,5,44
5/10/2011,2011,5,42
5/11/2011,2011,5,32
5/12/2011,2011,5,38
5/13/2011,2011,5,35
5/14/2011,2011,5,40
5/15/2011,2011,5,43
5/16/2011,2011,5,36
5/17/2011,2011,5,39
5/18/2011,2011,5,22
5/19/2011,2011,5,44
5/20/2011,2011,5,39
5/21/2011,2011,5,37
5/22/2011,2011,5,45
5/23/2011,2011,5,39
5/24/2011,2011,5,34
5/25/2011,2011,5,36
5/26/2011,2011,5,42
5/27/2011,2011,5,41
5/28/2011,2011,5,51
5/29/2011,2011,5,56
5/30/2011,2011,5,42
5/31/2011,2011,5,39
6/1/2011,2011,6,48
6/2/2011,2011,6,31
6/3/2011,2011,6,30
6/4/2011,2011,6,33
6/5/2011,2011,6,39
6/6/2011,2011,6,40
6/7/2011,2011,6,36
6/8/2011,2011,6,41
6/9/2011,2011,6,41
6/10/2011,2011,6,37
6/11/2011,2011,6,44
6/12/2011,2011,6,47
6/13/2011,2011,6,42
6/14/2011,2011,6,42
6/15/2011,2011,6,29
6/16/2011,2011,6,48
6/17/2011,2011,6,29
6/18/2011,2011,6,40
6/19/2011,2011,6,50
6/20/2011,2011,6,36
6/21/2011,2011,6,43
6/22/2011,2011,6,30
6/23/2011,2011,6,43
6/24/2011,2011,6,58
6/25/2011,2011,6,50
6/26/2011,2011,6,41
6/27/2011,2011,6,47
6/28/2011,2011,6,45
6/29/2011,2011,6,44
6/30/2011,2011,6,46
7/1/2011,2011,7,32
7/2/2011,2011,7,44
7/3/2011,2011,7,51
7/4/2011,2011,7,50
7/5/2011,2011,7,48
7/6/2011,2011,7,45
7/7/2011,2011,7,50
7/8/2011,2011,7,46
7/9/2011,2011,7,43
7/10/2011,2011,7,50
7/11/2011,2011,7,75
7/12/2011,2011,7,50
7/13/2011,2011,7,51
7/14/2011,2011,7,58
7/15/2011,2011,7,51
7/16/2011,2011,7,62
7/17/2011,2011,7,59
7/18/2011,2011,7,40
7/19/2011,2011,7,39
7/20/2011,2011,7,49
7/21/2011,2011,7,34
7/22/2011,2011,7,45
7/23/2011,2011,7,47
7/24/2011,2011,7,52
7/25/2011,2011,7,41
7/26/2011,2011,7,51
7/27/2011,2011,7,32
7/28/2011,2011,7,34
7/29/2011,2011,7,37
7/30/2011,2011,7,36
7/31/2011,2011,7,48
8/1/2011,2011,8,40
8/2/2011,2011,8,35
8/3/2011,2011,8,41
8/4/2011,2011,8,41
8/5/2011,2011,8,38
8/6/2011,2011,8,36
8/7/2011,2011,8,43
8/8/2011,2011,8,35
8/9/2011,2011,8,38
8/10/2011,2011,8,43
8/11/2011,2011,8,34
8/12/2011,2011,8,38
8/13/2011,2011,8,41
8/14/2011,2011,8,46
8/15/2011,2011,8,34
8/16/2011,2011,8,43
8/17/2011,2011,8,33
8/18/2011,2011,8,33
8/19/2011,2011,8,44
8/20/2011,2011,8,51
8/21/2011,2011,8,37
8/22/2011,2011,8,25
8/23/2011,2011,8,29
8/24/2011,2011,8,32
8/25/2011,2011,8,33
8/26/2011,2011,8,38
8/27/2011,2011,8,33
8/28/2011,2011,8,39
8/29/2011,2011,8,42
8/30/2011,2011,8,52
8/31/2011,2011,8,23
9/1/2011,2011,9,39
9/2/2011,2011,9,22
9/3/2011,2011,9,30
9/4/2011,2011,9,45
9/5/2011,2011,9,35
9/6/2011,2011,9,43
9/7/2011,2011,9,17
9/8/2011,2011,9,40
9/9/2011,2011,9,36
9/10/2011,2011,9,44
9/11/2011,2011,9,37
9/12/2011,2011,9,41
9/13/2011,2011,9,31
9/14/2011,2011,9,30
9/15/2011,2011,9,36
9/16/2011,2011,9,29
9/17/2011,2011,9,39
9/18/2011,2011,9,42
9/19/2011,2011,9,36
9/20/2011,2011,9,25
9/21/2011,2011,9,31
9/22/2011,2011,9,36
9/23/2011,2011,9,34
9/24/2011,2011,9,32
9/25/2011,2011,9,53
9/26/2011,2011,9,31
9/27/2011,2011,9,44
9/28/2011,2011,9,42
9/29/2011,2011,9,41
9/30/2011,2011,9,31
10/1/2011,2011,10,46
10/2/2011,2011,10,36
10/3/2011,2011,10,43
10/4/2011,2011,10,30
10/5/2011,2011,10,42
10/6/2011,2011,10,32
10/7/2011,2011,10,30
10/8/2011,2011,10,28
10/9/2011,2011,10,39
10/10/2011,2011,10,30
10/11/2011,2011,10,36
10/12/2011,2011,10,41
10/13/2011,2011,10,30
10/14/2011,2011,10,20
10/15/2011,2011,10,47
10/16/2011,2011,10,44
10/17/2011,2011,10,42
10/18/2011,2011,10,37
10/19/2011,2011,10,28
10/20/2011,2011,10,31
10/21/2011,2011,10,38
10/22/2011,2011,10,35
10/23/2011,2011,10,35
10/24/2011,2011,10,42
10/25/2011,2011,10,32
10/26/2011,2011,10,33
10/27/2011,2011,10,32
10/28/2011,2011,10,49
10/29/2011,2011,10,37
10/30/2011,2011,10,38
10/31/2011,2011,10,33
11/1/2011,2011,11,40
11/2/2011,2011,11,37
11/3/2011,2011,11,40
11/4/2011,2011,11,42
11/5/2011,2011,11,39
11/6/2011,2011,11,41
11/7/2011,2011,11,32
11/8/2011,2011,11,39
11/9/2011,2011,11,33
11/10/2011,2011,11,32
11/11/2011,2011,11,41
11/12/2011,2011,11,40
11/13/2011,2011,11,47
11/14/2011,2011,11,32
11/15/2011,2011,11,42
11/16/2011,2011,11,38
11/17/2011,2011,11,43
11/18/2011,2011,11,37
11/19/2011,2011,11,33
11/20/2011,2011,11,45
11/21/2011,2011,11,49
11/22/2011,2011,11,48
11/23/2011,2011,11,46
11/24/2011,2011,11,46
11/25/2011,2011,11,53
11/26/2011,2011,11,50
11/27/2011,2011,11,72
11/28/2011,2011,11,33
11/29/2011,2011,11,51
11/30/2011,2011,11,38
12/1/2011,2011,12,24
12/2/2011,2011,12,32
12/3/2011,2011,12,43
12/4/2011,2011,12,43
12/5/2011,2011,12,44
12/6/2011,2011,12,40
12/7/2011,2011,12,35
12/8/2011,2011,12,31
12/9/2011,2011,12,28
12/10/2011,2011,12,40
12/11/2011,2011,12,29
12/12/2011,2011,12,54
12/13/2011,2011,12,51
12/14/2011,2011,12,29
12/15/2011,2011,12,33
12/16/2011,2011,12,41
12/17/2011,2011,12,45
12/18/2011,2011,12,55
12/19/2011,2011,12,43
12/20/2011,2011,12,53
12/21/2011,2011,12,55
12/22/2011,2011,12,47
12/23/2011,2011,12,63
12/24/2011,2011,12,34
12/25/2011,2011,12,53
12/26/2011,2011,12,66
12/27/2011,2011,12,76
12/28/2011,2011,12,67
12/29/2011,2011,12,71
12/30/2011,2011,12,68
12/31/2011,2011,12,57
1/1/2012,2012,1,68
1/2/2012,2012,1,49
1/3/2012,2012,1,35
1/4/2012,2012,1,31
1/5/2012,2012,1,42
1/6/2012,2012,1,41
1/7/2012,2012,1,29
1/8/2012,2012,1,26
1/9/2012,2012,1,31
1/10/2012,2012,1,35
1/11/2012,2012,1,35
1/12/2012,2012,1,24
1/13/2012,2012,1,33
1/14/2012,2012,1,29
1/15/2012,2012,1,38
1/16/2012,2012,1,38
1/17/2012,2012,1,28
1/18/2012,2012,1,26
1/19/2012,2012,1,25
1/20/2012,2012,1,36
1/21/2012,2012,1,38
1/22/2012,2012,1,48
1/23/2012,2012,1,41
1/24/2012,2012,1,45
1/25/2012,2012,1,33
1/26/2012,2012,1,34
1/27/2012,2012,1,32
1/28/2012,2012,1,39
1/29/2012,2012,1,40
1/30/2012,2012,1,35
1/31/2012,2012,1,31
2/1/2012,2012,2,28
2/2/2012,2012,2,38
2/3/2012,2012,2,35
2/4/2012,2012,2,37
2/5/2012,2012,2,36
2/6/2012,2012,2,37
2/7/2012,2012,2,39
2/8/2012,2012,2,38
2/9/2012,2012,2,40
2/10/2012,2012,2,47
2/11/2012,2012,2,46
2/12/2012,2012,2,53
2/13/2012,2012,2,32
2/14/2012,2012,2,42
2/15/2012,2012,2,44
2/16/2012,2012,2,46
2/17/2012,2012,2,42
2/18/2012,2012,2,68
2/19/2012,2012,2,60
2/20/2012,2012,2,61
2/21/2012,2012,2,59
2/22/2012,2012,2,61
2/23/2012,2012,2,43
2/24/2012,2012,2,40
2/25/2012,2012,2,46
2/26/2012,2012,2,46
2/27/2012,2012,2,44
2/28/2012,2012,2,54
2/29/2012,2012,2,43
3/1/2012,2012,3,43
3/2/2012,2012,3,45
3/3/2012,2012,3,57
3/4/2012,2012,3,47
3/5/2012,2012,3,50
3/6/2012,2012,3,49
3/7/2012,2012,3,35
3/8/2012,2012,3,47
3/9/2012,2012,3,37
3/10/2012,2012,3,57
3/11/2012,2012,3,56
3/12/2012,2012,3,64
3/13/2012,2012,3,46
3/14/2012,2012,3,66
3/15/2012,2012,3,46
3/16/2012,2012,3,47
3/17/2012,2012,3,58
3/18/2012,2012,3,68
3/19/2012,2012,3,45
3/20/2012,2012,3,56
3/21/2012,2012,3,49
3/22/2012,2012,3,46
3/23/2012,2012,3,36
3/24/2012,2012,3,53
3/25/2012,2012,3,52
3/26/2012,2012,3,46
3/27/2012,2012,3,64
3/28/2012,2012,3,50
3/29/2012,2012,3,42
3/30/2012,2012,3,43
3/31/2012,2012,3,49
4/1/2012,2012,4,41
4/2/2012,2012,4,65
4/3/2012,2012,4,58
4/4/2012,2012,4,63
4/5/2012,2012,4,45
4/6/2012,2012,4,52
4/7/2012,2012,4,63
4/8/2012,2012,4,62
4/9/2012,2012,4,65
4/10/2012,2012,4,50
4/11/2012,2012,4,57
4/12/2012,2012,4,47
4/13/2012,2012,4,51
4/14/2012,2012,4,54
4/15/2012,2012,4,55
4/16/2012,2012,4,41
4/17/2012,2012,4,39
4/18/2012,2012,4,39
4/19/2012,2012,4,54
4/20/2012,2012,4,48
4/21/2012,2012,4,57
4/22/2012,2012,4,59
4/23/2012,2012,4,48
4/24/2012,2012,4,33
4/25/2012,2012,4,50
4/26/2012,2012,4,40
4/27/2012,2012,4,45
4/28/2012,2012,4,43
4/29/2012,2012,4,57
4/30/2012,2012,4,45
5/1/2012,2012,5,38
5/2/2012,2012,5,35
5/3/2012,2012,5,37
5/4/2012,2012,5,33
5/5/2012,2012,5,47
5/6/2012,2012,5,49
5/7/2012,2012,5,52
5/8/2012,2012,5,37
5/9/2012,2012,5,31
5/10/2012,2012,5,26
5/11/2012,2012,5,28
5/12/2012,2012,5,53
5/13/2012,2012,5,41
5/14/2012,2012,5,42
5/15/2012,2012,5,44
5/16/2012,2012,5,36
5/17/2012,2012,5,37
5/18/2012,2012,5,38
5/19/2012,2012,5,50
5/20/2012,2012,5,48
5/21/2012,2012,5,57
5/22/2012,2012,5,45
5/23/2012,2012,5,45
5/24/2012,2012,5,42
5/25/2012,2012,5,41
5/26/2012,2012,5,58
5/27/2012,2012,5,55
5/28/2012,2012,5,58
5/29/2012,2012,5,47
5/30/2012,2012,5,42
5/31/2012,2012,5,45
6/1/2012,2012,6,29
6/2/2012,2012,6,41
6/3/2012,2012,6,53
6/4/2012,2012,6,42
6/5/2012,2012,6,34
6/6/2012,2012,6,42
6/7/2012,2012,6,51
6/8/2012,2012,6,46
6/9/2012,2012,6,47
6/10/2012,2012,6,48
6/11/2012,2012,6,51
6/12/2012,2012,6,66
6/13/2012,2012,6,47
6/14/2012,2012,6,47
6/15/2012,2012,6,36
6/16/2012,2012,6,41
6/17/2012,2012,6,55
6/18/2012,2012,6,40
6/19/2012,2012,6,45
6/20/2012,2012,6,50
6/21/2012,2012,6,38
6/22/2012,2012,6,50
6/23/2012,2012,6,48
6/24/2012,2012,6,43
6/25/2012,2012,6,42
6/26/2012,2012,6,42
6/27/2012,2012,6,39
6/28/2012,2012,6,43
6/29/2012,2012,6,63
6/30/2012,2012,6,63
7/1/2012,2012,7,66
7/2/2012,2012,7,57
7/3/2012,2012,7,50
7/4/2012,2012,7,48
7/5/2012,2012,7,70
7/6/2012,2012,7,66
7/7/2012,2012,7,64
7/8/2012,2012,7,74
7/9/2012,2012,7,47
7/10/2012,2012,7,52
7/11/2012,2012,7,48
7/12/2012,2012,7,57
7/13/2012,2012,7,63
7/14/2012,2012,7,57
7/15/2012,2012,7,57
7/16/2012,2012,7,56
7/17/2012,2012,7,49
7/18/2012,2012,7,46
7/19/2012,2012,7,49
7/20/2012,2012,7,58
7/21/2012,2012,7,55
7/22/2012,2012,7,54
7/23/2012,2012,7,43
7/24/2012,2012,7,62
7/25/2012,2012,7,48
7/26/2012,2012,7,56
7/27/2012,2012,7,52
7/28/2012,2012,7,54
7/29/2012,2012,7,51
7/30/2012,2012,7,43
7/31/2012,2012,7,46
8/1/2012,2012,8,49
8/2/2012,2012,8,45
8/3/2012,2012,8,47
8/4/2012,2012,8,45
8/5/2012,2012,8,46
8/6/2012,2012,8,34
8/7/2012,2012,8,43
8/8/2012,2012,8,39
8/9/2012,2012,8,49
8/10/2012,2012,8,41
8/11/2012,2012,8,46
8/12/2012,2012,8,43
8/13/2012,2012,8,53
8/14/2012,2012,8,37
8/15/2012,2012,8,43
8/16/2012,2012,8,39
8/17/2012,2012,8,42
8/18/2012,2012,8,53
8/19/2012,2012,8,49
8/20/2012,2012,8,45
8/21/2012,2012,8,36
8/22/2012,2012,8,39
8/23/2012,2012,8,48
8/24/2012,2012,8,46
8/25/2012,2012,8,43
8/26/2012,2012,8,40
8/27/2012,2012,8,32
8/28/2012,2012,8,38
8/29/2012,2012,8,33
8/30/2012,2012,8,43
8/31/2012,2012,8,39
9/1/2012,2012,9,54
9/2/2012,2012,9,54
9/3/2012,2012,9,49
9/4/2012,2012,9,29
9/5/2012,2012,9,42
9/6/2012,2012,9,43
9/7/2012,2012,9,28
9/8/2012,2012,9,38
9/9/2012,2012,9,31
9/10/2012,2012,9,47
9/11/2012,2012,9,40
9/12/2012,2012,9,33
9/13/2012,2012,9,33
9/14/2012,2012,9,44
9/15/2012,2012,9,46
9/16/2012,2012,9,40
9/17/2012,2012,9,46
9/18/2012,2012,9,45
9/19/2012,2012,9,33
9/20/2012,2012,9,42
9/21/2012,2012,9,41
9/22/2012,2012,9,45
9/23/2012,2012,9,41
9/24/2012,2012,9,53
9/25/2012,2012,9,47
9/26/2012,2012,9,40
9/27/2012,2012,9,49
9/28/2012,2012,9,43
9/29/2012,2012,9,45
9/30/2012,2012,9,55
10/1/2012,2012,10,46
10/2/2012,2012,10,38
10/3/2012,2012,10,56
10/4/2012,2012,10,38
10/5/2012,2012,10,46
10/6/2012,2012,10,62
10/7/2012,2012,10,40
10/8/2012,2012,10,44
10/9/2012,2012,10,43
10/10/2012,2012,10,29
10/11/2012,2012,10,56
10/12/2012,2012,10,49
10/13/2012,2012,10,47
10/14/2012,2012,10,50
10/15/2012,2012,10,50
10/16/2012,2012,10,36
10/17/2012,2012,10,41
10/18/2012,2012,10,40
10/19/2012,2012,10,55
10/20/2012,2012,10,54
10/21/2012,2012,10,46
10/22/2012,2012,10,44
10/23/2012,2012,10,37
10/24/2012,2012,10,40
10/25/2012,2012,10,22
10/26/2012,2012,10,52
10/27/2012,2012,10,46
10/28/2012,2012,10,43
10/29/2012,2012,10,31
10/30/2012,2012,10,34
10/31/2012,2012,10,40
11/1/2012,2012,11,37
11/2/2012,2012,11,39
11/3/2012,2012,11,40
11/4/2012,2012,11,46
11/5/2012,2012,11,28
11/6/2012,2012,11,35
11/7/2012,2012,11,45
11/8/2012,2012,11,50
11/9/2012,2012,11,29
11/10/2012,2012,11,50
11/11/2012,2012,11,59
11/12/2012,2012,11,40
11/13/2012,2012,11,53
11/14/2012,2012,11,43
11/15/2012,2012,11,48
11/16/2012,2012,11,39
11/17/2012,2012,11,53
11/18/2012,2012,11,48
11/19/2012,2012,11,50
11/20/2012,2012,11,34
11/21/2012,2012,11,62
11/22/2012,2012,11,54
11/23/2012,2012,11,52
11/24/2012,2012,11,54
11/25/2012,2012,11,45
11/26/2012,2012,11,53
11/27/2012,2012,11,42
11/28/2012,2012,11,46
11/29/2012,2012,11,43
11/30/2012,2012,11,54
12/1/2012,2012,12,46
12/2/2012,2012,12,52
12/3/2012,2012,12,69
12/4/2012,2012,12,56
12/5/2012,2012,12,50
12/6/2012,2012,12,42
12/7/2012,2012,12,48
12/8/2012,2012,12,50
12/9/2012,2012,12,51
12/10/2012,2012,12,55
12/11/2012,2012,12,56
12/12/2012,2012,12,51
12/13/2012,2012,12,44
12/14/2012,2012,12,37
12/15/2012,2012,12,70
12/16/2012,2012,12,55
12/17/2012,2012,12,73
12/18/2012,2012,12,67
12/19/2012,2012,12,58
12/20/2012,2012,12,53
12/21/2012,2012,12,54
12/22/2012,2012,12,53
12/23/2012,2012,12,61
12/24/2012,2012,12,82
12/25/2012,2012,12,88
12/26/2012,2012,12,65
12/27/2012,2012,12,70
12/28/2012,2012,12,93
12/29/2012,2012,12,63
12/30/2012,2012,12,70
12/31/2012,2012,12,68
1/1/2013,2013,1,93
1/2/2013,2013,1,68
1/3/2013,2013,1,54
1/4/2013,2013,1,56
1/5/2013,2013,1,58
1/6/2013,2013,1,43
1/7/2013,2013,1,49
1/8/2013,2013,1,45
1/9/2013,2013,1,39
1/10/2013,2013,1,48
1/11/2013,2013,1,49
1/12/2013,2013,1,48
1/13/2013,2013,1,44
1/14/2013,2013,1,44
1/15/2013,2013,1,50
1/16/2013,2013,1,44
1/17/2013,2013,1,31
1/18/2013,2013,1,46
1/19/2013,2013,1,37
1/20/2013,2013,1,41
1/21/2013,2013,1,49
1/22/2013,2013,1,53
1/23/2013,2013,1,33
1/24/2013,2013,1,50
1/25/2013,2013,1,57
1/26/2013,2013,1,36
1/27/2013,2013,1,46
1/28/2013,2013,1,48
1/29/2013,2013,1,40
1/30/2013,2013,1,37
1/31/2013,2013,1,37
2/1/2013,2013,2,29
2/2/2013,2013,2,47
2/3/2013,2013,2,44
2/4/2013,2013,2,51
2/5/2013,2013,2,38
2/6/2013,2013,2,57
2/7/2013,2013,2,49
2/8/2013,2013,2,52
2/9/2013,2013,2,57
2/10/2013,2013,2,54
2/11/2013,2013,2,47
2/12/2013,2013,2,51
2/13/2013,2013,2,43
2/14/2013,2013,2,45
2/15/2013,2013,2,39
2/16/2013,2013,2,49
2/17/2013,2013,2,55
2/18/2013,2013,2,61
2/19/2013,2013,2,41
2/20/2013,2013,2,47
2/21/2013,2013,2,40
2/22/2013,2013,2,54
2/23/2013,2013,2,46
2/24/2013,2013,2,63
2/25/2013,2013,2,59
2/26/2013,2013,2,50
2/27/2013,2013,2,45
2/28/2013,2013,2,49
3/1/2013,2013,3,43
3/2/2013,2013,3,38
3/3/2013,2013,3,42
3/4/2013,2013,3,62
3/5/2013,2013,3,33
3/6/2013,2013,3,41
3/7/2013,2013,3,57
3/8/2013,2013,3,46
3/9/2013,2013,3,58
3/10/2013,2013,3,66
3/11/2013,2013,3,58
3/12/2013,2013,3,56
3/13/2013,2013,3,64
3/14/2013,2013,3,60
3/15/2013,2013,3,58
3/16/2013,2013,3,49
3/17/2013,2013,3,53
3/18/2013,2013,3,60
3/19/2013,2013,3,52
3/20/2013,2013,3,50
3/21/2013,2013,3,55
3/22/2013,2013,3,45
3/23/2013,2013,3,59
3/24/2013,2013,3,61
3/25/2013,2013,3,70
3/26/2013,2013,3,60
3/27/2013,2013,3,85
3/28/2013,2013,3,66
3/29/2013,2013,3,70
3/30/2013,2013,3,78
3/31/2013,2013,3,77
4/1/2013,2013,4,91
4/2/2013,2013,4,85
4/3/2013,2013,4,74
4/4/2013,2013,4,67
4/5/2013,2013,4,54
4/6/2013,2013,4,72
4/7/2013,2013,4,56
4/8/2013,2013,4,59
4/9/2013,2013,4,47
4/10/2013,2013,4,57
4/11/2013,2013,4,49
4/12/2013,2013,4,47
4/13/2013,2013,4,66
4/14/2013,2013,4,65
4/15/2013,2013,4,56
4/16/2013,2013,4,65
4/17/2013,2013,4,51
4/18/2013,2013,4,38
4/19/2013,2013,4,51
4/20/2013,2013,4,47
4/21/2013,2013,4,64
4/22/2013,2013,4,46
4/23/2013,2013,4,47
4/24/2013,2013,4,33
4/25/2013,2013,4,51
4/26/2013,2013,4,49
4/27/2013,2013,4,55
4/28/2013,2013,4,69
4/29/2013,2013,4,50
4/30/2013,2013,4,45
5/1/2013,2013,5,44
5/2/2013,2013,5,28
5/3/2013,2013,5,38
5/4/2013,2013,5,43
5/5/2013,2013,5,44
5/6/2013,2013,5,42
5/7/2013,2013,5,44
5/8/2013,2013,5,45
5/9/2013,2013,5,46
5/10/2013,2013,5,51
5/11/2013,2013,5,45
5/12/2013,2013,5,45
5/13/2013,2013,5,42
5/14/2013,2013,5,45
5/15/2013,2013,5,43
5/16/2013,2013,5,34
5/17/2013,2013,5,37
5/18/2013,2013,5,56
5/19/2013,2013,5,44
5/20/2013,2013,5,48
5/21/2013,2013,5,34
5/22/2013,2013,5,45
5/23/2013,2013,5,41
5/24/2013,2013,5,49
5/25/2013,2013,5,54
5/26/2013,2013,5,61
5/27/2013,2013,5,66
5/28/2013,2013,5,54
5/29/2013,2013,5,41
5/30/2013,2013,5,46
5/31/2013,2013,5,36
6/1/2013,2013,6,51
6/2/2013,2013,6,47
6/3/2013,2013,6,47
6/4/2013,2013,6,40
6/5/2013,2013,6,47
6/6/2013,2013,6,39
6/7/2013,2013,6,58
6/8/2013,2013,6,48
6/9/2013,2013,6,59
6/10/2013,2013,6,42
6/11/2013,2013,6,47
6/12/2013,2013,6,48
6/13/2013,2013,6,56
6/14/2013,2013,6,42
6/15/2013,2013,6,57
6/16/2013,2013,6,42
6/17/2013,2013,6,54
6/18/2013,2013,6,43
6/19/2013,2013,6,41
6/20/2013,2013,6,46
6/21/2013,2013,6,44
6/22/2013,2013,6,35
6/23/2013,2013,6,55
6/24/2013,2013,6,46
6/25/2013,2013,6,49
6/26/2013,2013,6,55
6/27/2013,2013,6,50
6/28/2013,2013,6,60
6/29/2013,2013,6,52
6/30/2013,2013,6,62
7/1/2013,2013,7,62
7/2/2013,2013,7,60
7/3/2013,2013,7,50
7/4/2013,2013,7,63
7/5/2013,2013,7,43
7/6/2013,2013,7,59
7/7/2013,2013,7,57
7/8/2013,2013,7,58
7/9/2013,2013,7,49
7/10/2013,2013,7,44
7/11/2013,2013,7,60
7/12/2013,2013,7,48
7/13/2013,2013,7,60
7/14/2013,2013,7,45
7/15/2013,2013,7,46
7/16/2013,2013,7,51
7/17/2013,2013,7,54
7/18/2013,2013,7,34
7/19/2013,2013,7,52
7/20/2013,2013,7,58
7/21/2013,2013,7,45
7/22/2013,2013,7,48
7/23/2013,2013,7,58
7/24/2013,2013,7,51
7/25/2013,2013,7,49
7/26/2013,2013,7,49
7/27/2013,2013,7,58
7/28/2013,2013,7,35
7/29/2013,2013,7,59
7/30/2013,2013,7,48
7/31/2013,2013,7,35
8/1/2013,2013,8,50
8/2/2013,2013,8,49
8/3/2013,2013,8,50
8/4/2013,2013,8,53
8/5/2013,2013,8,47
8/6/2013,2013,8,46
8/7/2013,2013,8,45
8/8/2013,2013,8,40
8/9/2013,2013,8,59
8/10/2013,2013,8,52
8/11/2013,2013,8,40
8/12/2013,2013,8,41
8/13/2013,2013,8,49
8/14/2013,2013,8,46
8/15/2013,2013,8,42
8/16/2013,2013,8,61
8/17/2013,2013,8,43
8/18/2013,2013,8,47
8/19/2013,2013,8,37
8/20/2013,2013,8,31
8/21/2013,2013,8,41
8/22/2013,2013,8,45
8/23/2013,2013,8,42
8/24/2013,2013,8,38
8/25/2013,2013,8,48
8/26/2013,2013,8,43
8/27/2013,2013,8,36
8/28/2013,2013,8,41
8/29/2013,2013,8,41
8/30/2013,2013,8,50
8/31/2013,2013,8,54
9/1/2013,2013,9,56
9/2/2013,2013,9,46
9/3/2013,2013,9,43
9/4/2013,2013,9,43
9/5/2013,2013,9,40
9/6/2013,2013,9,30
9/7/2013,2013,9,39
9/8/2013,2013,9,36
9/9/2013,2013,9,44
9/10/2013,2013,9,29
9/11/2013,2013,9,32
9/12/2013,2013,9,30
9/13/2013,2013,9,37
9/14/2013,2013,9,35
9/15/2013,2013,9,44
9/16/2013,2013,9,41
9/17/2013,2013,9,31
9/18/2013,2013,9,34
9/19/2013,2013,9,53
9/20/2013,2013,9,40
9/21/2013,2013,9,45
9/22/2013,2013,9,40
9/23/2013,2013,9,35
9/24/2013,2013,9,39
9/25/2013,2013,9,34
9/26/2013,2013,9,39
9/27/2013,2013,9,45
9/28/2013,2013,9,33
9/29/2013,2013,9,41
9/30/2013,2013,9,37
10/1/2013,2013,10,40
10/2/2013,2013,10,36
10/3/2013,2013,10,43
10/4/2013,2013,10,35
10/5/2013,2013,10,38
10/6/2013,2013,10,61
10/7/2013,2013,10,58
10/8/2013,2013,10,45
10/9/2013,2013,10,39
10/10/2013,2013,10,47
10/11/2013,2013,10,46
10/12/2013,2013,10,49
10/13/2013,2013,10,48
10/14/2013,2013,10,47
10/15/2013,2013,10,43
10/16/2013,2013,10,41
10/17/2013,2013,10,35
10/18/2013,2013,10,40
10/19/2013,2013,10,45
10/20/2013,2013,10,46
10/21/2013,2013,10,47
10/22/2013,2013,10,51
10/23/2013,2013,10,44
10/24/2013,2013,10,41
10/25/2013,2013,10,38
10/26/2013,2013,10,34
10/27/2013,2013,10,41
10/28/2013,2013,10,41
10/29/2013,2013,10,46
10/30/2013,2013,10,49
10/31/2013,2013,10,22
11/1/2013,2013,11,47
11/2/2013,2013,11,48
11/3/2013,2013,11,39
11/4/2013,2013,11,42
11/5/2013,2013,11,40
11/6/2013,2013,11,46
11/7/2013,2013,11,39
11/8/2013,2013,11,42
11/9/2013,2013,11,54
11/10/2013,2013,11,55
11/11/2013,2013,11,34
11/12/2013,2013,11,44
11/13/2013,2013,11,37
11/14/2013,2013,11,29
11/15/2013,2013,11,47
11/16/2013,2013,11,39
11/17/2013,2013,11,35
11/18/2013,2013,11,56
11/19/2013,2013,11,38
11/20/2013,2013,11,49
11/21/2013,2013,11,33
11/22/2013,2013,11,42
11/23/2013,2013,11,57
11/24/2013,2013,11,55
11/25/2013,2013,11,37
11/26/2013,2013,11,45
11/27/2013,2013,11,59
11/28/2013,2013,11,54
11/29/2013,2013,11,46
11/30/2013,2013,11,55
12/1/2013,2013,12,49
12/2/2013,2013,12,41
12/3/2013,2013,12,41
12/4/2013,2013,12,52
12/5/2013,2013,12,38
12/6/2013,2013,12,37
12/7/2013,2013,12,53
12/8/2013,2013,12,56
12/9/2013,2013,12,41
12/10/2013,2013,12,49
12/11/2013,2013,12,46
12/12/2013,2013,12,51
12/13/2013,2013,12,48
12/14/2013,2013,12,43
12/15/2013,2013,12,40
12/16/2013,2013,12,38
12/17/2013,2013,12,40
12/18/2013,2013,12,26
12/19/2013,2013,12,41
12/20/2013,2013,12,33
12/21/2013,2013,12,71
12/22/2013,2013,12,54
12/23/2013,2013,12,67
12/24/2013,2013,12,76
12/25/2013,2013,12,71
12/26/2013,2013,12,63
12/27/2013,2013,12,67
12/28/2013,2013,12,73
12/29/2013,2013,12,69
12/30/2013,2013,12,56
12/31/2013,2013,12,57
1/1/2014,2014,1,76
1/2/2014,2014,1,57
1/3/2014,2014,1,47
1/4/2014,2014,1,40
1/5/2014,2014,1,47
1/6/2014,2014,1,37
1/7/2014,2014,1,38
1/8/2014,2014,1,31
1/9/2014,2014,1,46
1/10/2014,2014,1,38
1/11/2014,2014,1,37
1/12/2014,2014,1,38
1/13/2014,2014,1,36
1/14/2014,2014,1,33
1/15/2014,2014,1,29
1/16/2014,2014,1,45
1/17/2014,2014,1,29
1/18/2014,2014,1,43
1/19/2014,2014,1,47
1/20/2014,2014,1,45
1/21/2014,2014,1,39
1/22/2014,2014,1,44
1/23/2014,2014,1,34
1/24/2014,2014,1,42
1/25/2014,2014,1,42
1/26/2014,2014,1,55
1/27/2014,2014,1,41
1/28/2014,2014,1,38
1/29/2014,2014,1,31
1/30/2014,2014,1,35
1/31/2014,2014,1,37
2/1/2014,2014,2,48
2/2/2014,2014,2,46
2/3/2014,2014,2,46
2/4/2014,2014,2,41
2/5/2014,2014,2,43
2/6/2014,2014,2,38
2/7/2014,2014,2,53
2/8/2014,2014,2,70
2/9/2014,2014,2,47
2/10/2014,2014,2,50
2/11/2014,2014,2,27
2/12/2014,2014,2,50
2/13/2014,2014,2,40
2/14/2014,2014,2,38
2/15/2014,2014,2,50
2/16/2014,2014,2,45
2/17/2014,2014,2,55
2/18/2014,2014,2,43
2/19/2014,2014,2,46
2/20/2014,2014,2,48
2/21/2014,2014,2,50
2/22/2014,2014,2,40
2/23/2014,2014,2,38
2/24/2014,2014,2,34
2/25/2014,2014,2,45
2/26/2014,2014,2,40
2/27/2014,2014,2,41
2/28/2014,2014,2,44
3/1/2014,2014,3,47
3/2/2014,2014,3,47
3/3/2014,2014,3,49
3/4/2014,2014,3,54
3/5/2014,2014,3,53
3/6/2014,2014,3,58
3/7/2014,2014,3,53
3/8/2014,2014,3,42
3/9/2014,2014,3,56
3/10/2014,2014,3,55
3/11/2014,2014,3,47
3/12/2014,2014,3,38
3/13/2014,2014,3,42
3/14/2014,2014,3,42
3/15/2014,2014,3,59
3/16/2014,2014,3,66
3/17/2014,2014,3,71
3/18/2014,2014,3,52
3/19/2014,2014,3,47
3/20/2014,2014,3,63
3/21/2014,2014,3,58
3/22/2014,2014,3,49
3/23/2014,2014,3,57
3/24/2014,2014,3,54
3/25/2014,2014,3,51
3/26/2014,2014,3,51
3/27/2014,2014,3,49
3/28/2014,2014,3,51
3/29/2014,2014,3,64
3/30/2014,2014,3,48
3/31/2014,2014,3,43
4/1/2014,2014,4,51
4/2/2014,2014,4,51
4/3/2014,2014,4,53
4/4/2014,2014,4,51
4/5/2014,2014,4,63
4/6/2014,2014,4,42
4/7/2014,2014,4,57
4/8/2014,2014,4,45
4/9/2014,2014,4,62
4/10/2014,2014,4,57
4/11/2014,2014,4,41
4/12/2014,2014,4,70
4/13/2014,2014,4,52
4/14/2014,2014,4,71
4/15/2014,2014,4,60
4/16/2014,2014,4,59
4/17/2014,2014,4,57
4/18/2014,2014,4,55
4/19/2014,2014,4,49
4/20/2014,2014,4,49
4/21/2014,2014,4,57
4/22/2014,2014,4,49
4/23/2014,2014,4,67
4/24/2014,2014,4,54
4/25/2014,2014,4,49
4/26/2014,2014,4,79
4/27/2014,2014,4,53
4/28/2014,2014,4,61
4/29/2014,2014,4,44
4/30/2014,2014,4,43
5/1/2014,2014,5,36
5/2/2014,2014,5,41
5/3/2014,2014,5,47
5/4/2014,2014,5,58
5/5/2014,2014,5,44
5/6/2014,2014,5,57
5/7/2014,2014,5,55
5/8/2014,2014,5,46
5/9/2014,2014,5,53
5/10/2014,2014,5,42
5/11/2014,2014,5,51
5/12/2014,2014,5,50
5/13/2014,2014,5,51
5/14/2014,2014,5,53
5/15/2014,2014,5,47
5/16/2014,2014,5,58
5/17/2014,2014,5,49
5/18/2014,2014,5,51
5/19/2014,2014,5,49
5/20/2014,2014,5,38
5/21/2014,2014,5,27
5/22/2014,2014,5,47
5/23/2014,2014,5,51
5/24/2014,2014,5,83
5/25/2014,2014,5,59
5/26/2014,2014,5,67
5/27/2014,2014,5,50
5/28/2014,2014,5,34
5/29/2014,2014,5,43
5/30/2014,2014,5,39
5/31/2014,2014,5,46
6/1/2014,2014,6,50
6/2/2014,2014,6,43
6/3/2014,2014,6,42
6/4/2014,2014,6,51
6/5/2014,2014,6,39
6/6/2014,2014,6,42
6/7/2014,2014,6,46
6/8/2014,2014,6,57
6/9/2014,2014,6,39
6/10/2014,2014,6,49
6/11/2014,2014,6,50
6/12/2014,2014,6,44
6/13/2014,2014,6,60
6/14/2014,2014,6,39
6/15/2014,2014,6,42
6/16/2014,2014,6,39
6/17/2014,2014,6,44
6/18/2014,2014,6,51
6/19/2014,2014,6,52
6/20/2014,2014,6,42
6/21/2014,2014,6,51
6/22/2014,2014,6,55
6/23/2014,2014,6,55
6/24/2014,2014,6,60
6/25/2014,2014,6,50
6/26/2014,2014,6,39
6/27/2014,2014,6,40
6/28/2014,2014,6,49
6/29/2014,2014,6,60
6/30/2014,2014,6,50
7/1/2014,2014,7,45
7/2/2014,2014,7,38
7/3/2014,2014,7,59
7/4/2014,2014,7,39
7/5/2014,2014,7,53
7/6/2014,2014,7,61
7/7/2014,2014,7,51
7/8/2014,2014,7,45
7/9/2014,2014,7,40
7/10/2014,2014,7,41
7/11/2014,2014,7,51
7/12/2014,2014,7,54
7/13/2014,2014,7,38
7/14/2014,2014,7,63
7/15/2014,2014,7,46
7/16/2014,2014,7,54
7/17/2014,2014,7,45
7/18/2014,2014,7,60
7/19/2014,2014,7,57
7/20/2014,2014,7,53
7/21/2014,2014,7,46
7/22/2014,2014,7,66
7/23/2014,2014,7,44
7/24/2014,2014,7,43
7/25/2014,2014,7,45
7/26/2014,2014,7,51
7/27/2014,2014,7,55
7/28/2014,2014,7,50
7/29/2014,2014,7,39
7/30/2014,2014,7,60
7/31/2014,2014,7,38
8/1/2014,2014,8,50
8/2/2014,2014,8,38
8/3/2014,2014,8,59
8/4/2014,2014,8,55
8/5/2014,2014,8,45
8/6/2014,2014,8,55
8/7/2014,2014,8,56
8/8/2014,2014,8,46
8/9/2014,2014,8,53
8/10/2014,2014,8,47
8/11/2014,2014,8,43
8/12/2014,2014,8,48
8/13/2014,2014,8,46
8/14/2014,2014,8,46
8/15/2014,2014,8,42
8/16/2014,2014,8,49
8/17/2014,2014,8,35
8/18/2014,2014,8,40
8/19/2014,2014,8,34
8/20/2014,2014,8,44
8/21/2014,2014,8,32
8/22/2014,2014,8,39
8/23/2014,2014,8,36
8/24/2014,2014,8,48
8/25/2014,2014,8,38
8/26/2014,2014,8,40
8/27/2014,2014,8,29
8/28/2014,2014,8,46
8/29/2014,2014,8,40
8/30/2014,2014,8,57
8/31/2014,2014,8,63
9/1/2014,2014,9,50
9/2/2014,2014,9,52
9/3/2014,2014,9,40
9/4/2014,2014,9,31
9/5/2014,2014,9,39
9/6/2014,2014,9,31
9/7/2014,2014,9,34
9/8/2014,2014,9,35
9/9/2014,2014,9,45
9/10/2014,2014,9,38
9/11/2014,2014,9,38
9/12/2014,2014,9,34
9/13/2014,2014,9,37
9/14/2014,2014,9,37
9/15/2014,2014,9,39
9/16/2014,2014,9,44
9/17/2014,2014,9,37
9/18/2014,2014,9,31
9/19/2014,2014,9,45
9/20/2014,2014,9,42
9/21/2014,2014,9,48
9/22/2014,2014,9,40
9/23/2014,2014,9,42
9/24/2014,2014,9,52
9/25/2014,2014,9,36
9/26/2014,2014,9,40
9/27/2014,2014,9,56
9/28/2014,2014,9,41
9/29/2014,2014,9,35
9/30/2014,2014,9,38
10/1/2014,2014,10,33
10/2/2014,2014,10,25
10/3/2014,2014,10,42
10/4/2014,2014,10,50
10/5/2014,2014,10,41
10/6/2014,2014,10,50
10/7/2014,2014,10,53
10/8/2014,2014,10,44
10/9/2014,2014,10,40
10/10/2014,2014,10,44
10/11/2014,2014,10,46
10/12/2014,2014,10,53
10/13/2014,2014,10,52
10/14/2014,2014,10,51
10/15/2014,2014,10,40
10/16/2014,2014,10,49
10/17/2014,2014,10,39
10/18/2014,2014,10,39
10/19/2014,2014,10,47
10/20/2014,2014,10,52
10/21/2014,2014,10,53
10/22/2014,2014,10,36
10/23/2014,2014,10,53
10/24/2014,2014,10,38
10/25/2014,2014,10,48
10/26/2014,2014,10,42
10/27/2014,2014,10,47
10/28/2014,2014,10,46
10/29/2014,2014,10,50
10/30/2014,2014,10,41
10/31/2014,2014,10,38
11/1/2014,2014,11,43
11/2/2014,2014,11,56
11/3/2014,2014,11,53
11/4/2014,2014,11,40
11/5/2014,2014,11,52
11/6/2014,2014,11,42
11/7/2014,2014,11,34
11/8/2014,2014,11,44
11/9/2014,2014,11,41
11/10/2014,2014,11,63
11/11/2014,2014,11,33
11/12/2014,2014,11,38
11/13/2014,2014,11,51
11/14/2014,2014,11,33
11/15/2014,2014,11,44
11/16/2014,2014,11,46
11/17/2014,2014,11,52
11/18/2014,2014,11,38
11/19/2014,2014,11,42
11/20/2014,2014,11,31
11/21/2014,2014,11,48
11/22/2014,2014,11,54
11/23/2014,2014,11,61
11/24/2014,2014,11,59
11/25/2014,2014,11,40
11/26/2014,2014,11,39
11/27/2014,2014,11,56
11/28/2014,2014,11,54
11/29/2014,2014,11,52
11/30/2014,2014,11,48
12/1/2014,2014,12,38
12/2/2014,2014,12,45
12/3/2014,2014,12,39
12/4/2014,2014,12,48
12/5/2014,2014,12,46
12/6/2014,2014,12,64
12/7/2014,2014,12,40
12/8/2014,2014,12,61
12/9/2014,2014,12,27
12/10/2014,2014,12,57
12/11/2014,2014,12,43
12/12/2014,2014,12,45
12/13/2014,2014,12,42
12/14/2014,2014,12,66
12/15/2014,2014,12,61
12/16/2014,2014,12,47
12/17/2014,2014,12,52
12/18/2014,2014,12,61
12/19/2014,2014,12,61
12/20/2014,2014,12,70
12/21/2014,2014,12,66
12/22/2014,2014,12,80
12/23/2014,2014,12,67
12/24/2014,2014,12,68
12/25/2014,2014,12,81
12/26/2014,2014,12,65
12/27/2014,2014,12,84
12/28/2014,2014,12,78
12/29/2014,2014,12,60
12/30/2014,2014,12,73
12/31/2014,2014,12,69
1/1/2015,2015,1,75
1/2/2015,2015,1,74
1/3/2015,2015,1,50
1/4/2015,2015,1,51
1/5/2015,2015,1,43
1/6/2015,2015,1,53
1/7/2015,2015,1,37
1/8/2015,2015,1,45
1/9/2015,2015,1,35
1/10/2015,2015,1,25
1/11/2015,2015,1,36
1/12/2015,2015,1,43
1/13/2015,2015,1,38
1/14/2015,2015,1,37
1/15/2015,2015,1,34
1/16/2015,2015,1,33
1/17/2015,2015,1,63
1/18/2015,2015,1,54
1/19/2015,2015,1,38
1/20/2015,2015,1,50
1/21/2015,2015,1,43
1/22/2015,2015,1,46
1/23/2015,2015,1,39
1/24/2015,2015,1,43
1/25/2015,2015,1,53
1/26/2015,2015,1,62
1/27/2015,2015,1,40
1/28/2015,2015,1,34
1/29/2015,2015,1,35
1/30/2015,2015,1,38
1/31/2015,2015,1,50
2/1/2015,2015,2,48
2/2/2015,2015,2,63
2/3/2015,2015,2,34
2/4/2015,2015,2,34
2/5/2015,2015,2,36
2/6/2015,2015,2,51
2/7/2015,2015,2,61
2/8/2015,2015,2,53
2/9/2015,2015,2,56
2/10/2015,2015,2,47
2/11/2015,2015,2,43
2/12/2015,2015,2,44
2/13/2015,2015,2,33
2/14/2015,2015,2,57
2/15/2015,2015,2,61
2/16/2015,2015,2,52
2/17/2015,2015,2,52
2/18/2015,2015,2,48
2/19/2015,2015,2,31
2/20/2015,2015,2,36
2/21/2015,2015,2,43
2/22/2015,2015,2,46
2/23/2015,2015,2,52
2/24/2015,2015,2,52
2/25/2015,2015,2,22
2/26/2015,2015,2,37
2/27/2015,2015,2,47
2/28/2015,2015,2,44
3/1/2015,2015,3,63
3/2/2015,2015,3,47
3/3/2015,2015,3,50
3/4/2015,2015,3,37
3/5/2015,2015,3,37
3/6/2015,2015,3,63
3/7/2015,2015,3,69
3/8/2015,2015,3,72
3/9/2015,2015,3,64
3/10/2015,2015,3,50
3/11/2015,2015,3,52
3/12/2015,2015,3,46
3/13/2015,2015,3,64
3/14/2015,2015,3,47
3/15/2015,2015,3,67
3/16/2015,2015,3,62
3/17/2015,2015,3,69
3/18/2015,2015,3,52
3/19/2015,2015,3,53
3/20/2015,2015,3,57
3/21/2015,2015,3,53
3/22/2015,2015,3,71
3/23/2015,2015,3,45
3/24/2015,2015,3,55
3/25/2015,2015,3,54
3/26/2015,2015,3,52
3/27/2015,2015,3,48
3/28/2015,2015,3,61
3/29/2015,2015,3,56
3/30/2015,2015,3,64
3/31/2015,2015,3,55
4/1/2015,2015,4,57
4/2/2015,2015,4,61
4/3/2015,2015,4,49
4/4/2015,2015,4,68
4/5/2015,2015,4,68
4/6/2015,2015,4,65
4/7/2015,2015,4,64
4/8/2015,2015,4,83
4/9/2015,2015,4,56
4/10/2015,2015,4,67
4/11/2015,2015,4,65
4/12/2015,2015,4,48
4/13/2015,2015,4,50
4/14/2015,2015,4,57
4/15/2015,2015,4,45
4/16/2015,2015,4,46
4/17/2015,2015,4,57
4/18/2015,2015,4,52
4/19/2015,2015,4,62
4/20/2015,2015,4,56
4/21/2015,2015,4,51
4/22/2015,2015,4,51
4/23/2015,2015,4,47
4/24/2015,2015,4,37
4/25/2015,2015,4,39
4/26/2015,2015,4,50
4/27/2015,2015,4,53
4/28/2015,2015,4,47
4/29/2015,2015,4,49
4/30/2015,2015,4,49
5/1/2015,2015,5,40
5/2/2015,2015,5,63
5/3/2015,2015,5,50
5/4/2015,2015,5,48
5/5/2015,2015,5,37
5/6/2015,2015,5,39
5/7/2015,2015,5,43
5/8/2015,2015,5,42
5/9/2015,2015,5,49
5/10/2015,2015,5,43
5/11/2015,2015,5,49
5/12/2015,2015,5,34
5/13/2015,2015,5,52
5/14/2015,2015,5,37
5/15/2015,2015,5,47
5/16/2015,2015,5,48
5/17/2015,2015,5,45
5/18/2015,2015,5,45
5/19/2015,2015,5,35
5/20/2015,2015,5,44
5/21/2015,2015,5,42
5/22/2015,2015,5,43
5/23/2015,2015,5,58
5/24/2015,2015,5,46
5/25/2015,2015,5,46
5/26/2015,2015,5,41
5/27/2015,2015,5,47
5/28/2015,2015,5,46
5/29/2015,2015,5,40
5/30/2015,2015,5,52
5/31/2015,2015,5,55
6/1/2015,2015,6,45
6/2/2015,2015,6,26
6/3/2015,2015,6,51
6/4/2015,2015,6,35
6/5/2015,2015,6,45
6/6/2015,2015,6,44
6/7/2015,2015,6,64
6/8/2015,2015,6,42
6/9/2015,2015,6,36
6/10/2015,2015,6,50
6/11/2015,2015,6,43
6/12/2015,2015,6,36
6/13/2015,2015,6,48
6/14/2015,2015,6,54
6/15/2015,2015,6,39
6/16/2015,2015,6,39
6/17/2015,2015,6,43
6/18/2015,2015,6,46
6/19/2015,2015,6,41
6/20/2015,2015,6,37
6/21/2015,2015,6,54
6/22/2015,2015,6,63
6/23/2015,2015,6,35
6/24/2015,2015,6,30
6/25/2015,2015,6,49
6/26/2015,2015,6,43
6/27/2015,2015,6,46
6/28/2015,2015,6,58
6/29/2015,2015,6,49
6/30/2015,2015,6,49
7/1/2015,2015,7,41
7/2/2015,2015,7,58
7/3/2015,2015,7,53
7/4/2015,2015,7,50
7/5/2015,2015,7,59
7/6/2015,2015,7,39
7/7/2015,2015,7,50
7/8/2015,2015,7,48
7/9/2015,2015,7,43
7/10/2015,2015,7,52
7/11/2015,2015,7,62
7/12/2015,2015,7,56
7/13/2015,2015,7,47
7/14/2015,2015,7,56
7/15/2015,2015,7,58
7/16/2015,2015,7,58
7/17/2015,2015,7,42
7/18/2015,2015,7,47
7/19/2015,2015,7,52
7/20/2015,2015,7,39
7/21/2015,2015,7,47
7/22/2015,2015,7,51
7/23/2015,2015,7,47
7/24/2015,2015,7,43
7/25/2015,2015,7,44
7/26/2015,2015,7,62
7/27/2015,2015,7,37
7/28/2015,2015,7,38
7/29/2015,2015,7,43
7/30/2015,2015,7,67
7/31/2015,2015,7,44
8/1/2015,2015,8,53
8/2/2015,2015,8,41
8/3/2015,2015,8,48
8/4/2015,2015,8,40
8/5/2015,2015,8,54
8/6/2015,2015,8,49
8/7/2015,2015,8,46
8/8/2015,2015,8,53
8/9/2015,2015,8,51
8/10/2015,2015,8,39
8/11/2015,2015,8,38
8/12/2015,2015,8,42
8/13/2015,2015,8,45
8/14/2015,2015,8,54
8/15/2015,2015,8,49
8/16/2015,2015,8,45
8/17/2015,2015,8,35
8/18/2015,2015,8,37
8/19/2015,2015,8,51
8/20/2015,2015,8,53
8/21/2015,2015,8,39
8/22/2015,2015,8,37
8/23/2015,2015,8,43
8/24/2015,2015,8,39
8/25/2015,2015,8,34
8/26/2015,2015,8,26
8/27/2015,2015,8,35
8/28/2015,2015,8,46
8/29/2015,2015,8,44
8/30/2015,2015,8,44
8/31/2015,2015,8,40
9/1/2015,2015,9,42
9/2/2015,2015,9,47
9/3/2015,2015,9,47
9/4/2015,2015,9,34
9/5/2015,2015,9,45
9/6/2015,2015,9,74
9/7/2015,2015,9,55
9/8/2015,2015,9,45
9/9/2015,2015,9,32
9/10/2015,2015,9,37
9/11/2015,2015,9,34
9/12/2015,2015,9,46
9/13/2015,2015,9,50
9/14/2015,2015,9,34
9/15/2015,2015,9,36
9/16/2015,2015,9,39
9/17/2015,2015,9,33
9/18/2015,2015,9,40
9/19/2015,2015,9,52
9/20/2015,2015,9,48
9/21/2015,2015,9,51
9/22/2015,2015,9,31
9/23/2015,2015,9,37
9/24/2015,2015,9,42
9/25/2015,2015,9,31
9/26/2015,2015,9,43
9/27/2015,2015,9,45
9/28/2015,2015,9,50
9/29/2015,2015,9,39
9/30/2015,2015,9,40
10/1/2015,2015,10,30
10/2/2015,2015,10,38
10/3/2015,2015,10,48
10/4/2015,2015,10,55
10/5/2015,2015,10,43
10/6/2015,2015,10,50
10/7/2015,2015,10,40
10/8/2015,2015,10,39
10/9/2015,2015,10,40
10/10/2015,2015,10,51
10/11/2015,2015,10,42
10/12/2015,2015,10,48
10/13/2015,2015,10,57
10/14/2015,2015,10,36
10/15/2015,2015,10,47
10/16/2015,2015,10,44
10/17/2015,2015,10,52
10/18/2015,2015,10,44
10/19/2015,2015,10,49
10/20/2015,2015,10,46
10/21/2015,2015,10,50
10/22/2015,2015,10,48
10/23/2015,2015,10,36
10/24/2015,2015,10,50
10/25/2015,2015,10,35
10/26/2015,2015,10,42
10/27/2015,2015,10,40
10/28/2015,2015,10,35
10/29/2015,2015,10,36
10/30/2015,2015,10,47
10/31/2015,2015,10,46
11/1/2015,2015,11,48
11/2/2015,2015,11,50
11/3/2015,2015,11,49
11/4/2015,2015,11,46
11/5/2015,2015,11,52
11/6/2015,2015,11,40
11/7/2015,2015,11,37
11/8/2015,2015,11,44
11/9/2015,2015,11,58
11/10/2015,2015,11,50
11/11/2015,2015,11,63
11/12/2015,2015,11,39
11/13/2015,2015,11,53
11/14/2015,2015,11,58
11/15/2015,2015,11,43
11/16/2015,2015,11,52
11/17/2015,2015,11,46
11/18/2015,2015,11,36
11/19/2015,2015,11,44
11/20/2015,2015,11,45
11/21/2015,2015,11,59
11/22/2015,2015,11,63
11/23/2015,2015,11,47
11/24/2015,2015,11,61
11/25/2015,2015,11,40
11/26/2015,2015,11,62
11/27/2015,2015,11,71
11/28/2015,2015,11,72
11/29/2015,2015,11,60
11/30/2015,2015,11,46
12/1/2015,2015,12,62
12/2/2015,2015,12,41
12/3/2015,2015,12,45
12/4/2015,2015,12,41
12/5/2015,2015,12,50
12/6/2015,2015,12,54
12/7/2015,2015,12,65
12/8/2015,2015,12,42
12/9/2015,2015,12,45
12/10/2015,2015,12,52
12/11/2015,2015,12,49
12/12/2015,2015,12,43
12/13/2015,2015,12,47
12/14/2015,2015,12,65
12/15/2015,2015,12,61
12/16/2015,2015,12,39
12/17/2015,2015,12,35
12/18/2015,2015,12,40
12/19/2015,2015,12,36
12/20/2015,2015,12,62
12/21/2015,2015,12,56
12/22/2015,2015,12,42
12/23/2015,2015,12,53
12/24/2015,2015,12,59
12/25/2015,2015,12,54
12/26/2015,2015,12,62
12/27/2015,2015,12,78
12/28/2015,2015,12,71
12/29/2015,2015,12,82
12/30/2015,2015,12,57
12/31/2015,2015,12,59
1/1/2016,2016,1,65
1/2/2016,2016,1,67
1/3/2016,2016,1,42
1/4/2016,2016,1,41
1/5/2016,2016,1,40
1/6/2016,2016,1,31
1/7/2016,2016,1,39
1/8/2016,2016,1,34
1/9/2016,2016,1,29
1/10/2016,2016,1,44
1/11/2016,2016,1,43
1/12/2016,2016,1,30
1/13/2016,2016,1,28
1/14/2016,2016,1,30
1/15/2016,2016,1,24
1/16/2016,2016,1,48
1/17/2016,2016,1,48
1/18/2016,2016,1,48
1/19/2016,2016,1,56
1/20/2016,2016,1,40
1/21/2016,2016,1,38
1/22/2016,2016,1,31
1/23/2016,2016,1,32
1/24/2016,2016,1,54
1/25/2016,2016,1,29
1/26/2016,2016,1,36
1/27/2016,2016,1,39
1/28/2016,2016,1,36
1/29/2016,2016,1,35
1/30/2016,2016,1,53
1/31/2016,2016,1,43
2/1/2016,2016,2,50
2/2/2016,2016,2,46
2/3/2016,2016,2,51
2/4/2016,2016,2,46
2/5/2016,2016,2,44
2/6/2016,2016,2,49
2/7/2016,2016,2,37
2/8/2016,2016,2,55
2/9/2016,2016,2,42
2/10/2016,2016,2,54
2/11/2016,2016,2,48
2/12/2016,2016,2,39
2/13/2016,2016,2,59
2/14/2016,2016,2,68
2/15/2016,2016,2,69
2/16/2016,2016,2,51
2/17/2016,2016,2,62
2/18/2016,2016,2,63
2/19/2016,2016,2,43
2/20/2016,2016,2,47
2/21/2016,2016,2,48
2/22/2016,2016,2,48
2/23/2016,2016,2,42
2/24/2016,2016,2,47
2/25/2016,2016,2,43
2/26/2016,2016,2,37
2/27/2016,2016,2,60
2/28/2016,2016,2,85
2/29/2016,2016,2,50
3/1/2016,2016,3,51
3/2/2016,2016,3,39
3/3/2016,2016,3,51
3/4/2016,2016,3,50
3/5/2016,2016,3,59
3/6/2016,2016,3,61
3/7/2016,2016,3,59
3/8/2016,2016,3,67
3/9/2016,2016,3,40
3/10/2016,2016,3,56
3/11/2016,2016,3,46
3/12/2016,2016,3,62
3/13/2016,2016,3,60
3/14/2016,2016,3,61
3/15/2016,2016,3,51
3/16/2016,2016,3,60
3/17/2016,2016,3,39
3/18/2016,2016,3,41
3/19/2016,2016,3,61
3/20/2016,2016,3,66
3/21/2016,2016,3,53
3/22/2016,2016,3,57
3/23/2016,2016,3,68
3/24/2016,2016,3,59
3/25/2016,2016,3,59
3/26/2016,2016,3,47
3/27/2016,2016,3,55
3/28/2016,2016,3,65
3/29/2016,2016,3,71
3/30/2016,2016,3,74
3/31/2016,2016,3,54
4/1/2016,2016,4,51
4/2/2016,2016,4,63
4/3/2016,2016,4,45
4/4/2016,2016,4,65
4/5/2016,2016,4,64
4/6/2016,2016,4,78
4/7/2016,2016,4,55
4/8/2016,2016,4,74
4/9/2016,2016,4,48
4/10/2016,2016,4,47
4/11/2016,2016,4,72
4/12/2016,2016,4,36
4/13/2016,2016,4,44
4/14/2016,2016,4,55
4/15/2016,2016,4,45
4/16/2016,2016,4,64
4/17/2016,2016,4,52
4/18/2016,2016,4,50
4/19/2016,2016,4,47
4/20/2016,2016,4,47
4/21/2016,2016,4,46
4/22/2016,2016,4,54
4/23/2016,2016,4,50
4/24/2016,2016,4,57
4/25/2016,2016,4,58
4/26/2016,2016,4,51
4/27/2016,2016,4,41
4/28/2016,2016,4,51
4/29/2016,2016,4,40
4/30/2016,2016,4,66
5/1/2016,2016,5,49
5/2/2016,2016,5,51
5/3/2016,2016,5,32
5/4/2016,2016,5,33
5/5/2016,2016,5,32
5/6/2016,2016,5,49
5/7/2016,2016,5,52
5/8/2016,2016,5,50
5/9/2016,2016,5,54
5/10/2016,2016,5,36
5/11/2016,2016,5,53
5/12/2016,2016,5,29
5/13/2016,2016,5,42
5/14/2016,2016,5,44
5/15/2016,2016,5,62
5/16/2016,2016,5,44
5/17/2016,2016,5,39
5/18/2016,2016,5,43
5/19/2016,2016,5,46
5/20/2016,2016,5,46
5/21/2016,2016,5,46
5/22/2016,2016,5,41
5/23/2016,2016,5,47
5/24/2016,2016,5,47
5/25/2016,2016,5,54
5/26/2016,2016,5,52
5/27/2016,2016,5,42
5/28/2016,2016,5,54
5/29/2016,2016,5,78
5/30/2016,2016,5,57
5/31/2016,2016,5,47
6/1/2016,2016,6,41
6/2/2016,2016,6,46
6/3/2016,2016,6,40
6/4/2016,2016,6,36
6/5/2016,2016,6,62
6/6/2016,2016,6,51
6/7/2016,2016,6,40
6/8/2016,2016,6,33
6/9/2016,2016,6,52
6/10/2016,2016,6,35
6/11/2016,2016,6,48
6/12/2016,2016,6,54
6/13/2016,2016,6,70
6/14/2016,2016,6,41
6/15/2016,2016,6,55
6/16/2016,2016,6,58
6/17/2016,2016,6,31
6/18/2016,2016,6,32
6/19/2016,2016,6,39
6/20/2016,2016,6,46
6/21/2016,2016,6,45
6/22/2016,2016,6,58
6/23/2016,2016,6,42
6/24/2016,2016,6,60
6/25/2016,2016,6,49
6/26/2016,2016,6,40
6/27/2016,2016,6,37
6/28/2016,2016,6,46
6/29/2016,2016,6,54
6/30/2016,2016,6,44
7/1/2016,2016,7,44
7/2/2016,2016,7,47
7/3/2016,2016,7,52
7/4/2016,2016,7,56
7/5/2016,2016,7,55
7/6/2016,2016,7,42
7/7/2016,2016,7,44
7/8/2016,2016,7,49
7/9/2016,2016,7,73
7/10/2016,2016,7,65
7/11/2016,2016,7,48
7/12/2016,2016,7,43
7/13/2016,2016,7,59
7/14/2016,2016,7,47
7/15/2016,2016,7,53
7/16/2016,2016,7,33
7/17/2016,2016,7,55
7/18/2016,2016,7,67
7/19/2016,2016,7,52
7/20/2016,2016,7,42
7/21/2016,2016,7,55
7/22/2016,2016,7,54
7/23/2016,2016,7,50
7/24/2016,2016,7,50
7/25/2016,2016,7,53
7/26/2016,2016,7,38
7/27/2016,2016,7,39
7/28/2016,2016,7,44
7/29/2016,2016,7,45
7/30/2016,2016,7,55
7/31/2016,2016,7,42
8/1/2016,2016,8,35
8/2/2016,2016,8,47
8/3/2016,2016,8,55
8/4/2016,2016,8,41
8/5/2016,2016,8,45
8/6/2016,2016,8,49
8/7/2016,2016,8,44
8/8/2016,2016,8,31
8/9/2016,2016,8,43
8/10/2016,2016,8,33
8/11/2016,2016,8,37
8/12/2016,2016,8,49
8/13/2016,2016,8,44
8/14/2016,2016,8,38
8/15/2016,2016,8,45
8/16/2016,2016,8,42
8/17/2016,2016,8,44
8/18/2016,2016,8,44
8/19/2016,2016,8,42
8/20/2016,2016,8,54
8/21/2016,2016,8,54
8/22/2016,2016,8,35
8/23/2016,2016,8,58
8/24/2016,2016,8,46
8/25/2016,2016,8,46
8/26/2016,2016,8,40
8/27/2016,2016,8,52
8/28/2016,2016,8,53
8/29/2016,2016,8,49
8/30/2016,2016,8,48
8/31/2016,2016,8,34
9/1/2016,2016,9,30
9/2/2016,2016,9,37
9/3/2016,2016,9,61
9/4/2016,2016,9,61
9/5/2016,2016,9,40
9/6/2016,2016,9,45
9/7/2016,2016,9,39
9/8/2016,2016,9,33
9/9/2016,2016,9,45
9/10/2016,2016,9,39
9/11/2016,2016,9,49
9/12/2016,2016,9,46
9/13/2016,2016,9,30
9/14/2016,2016,9,41
9/15/2016,2016,9,31
9/16/2016,2016,9,42
9/17/2016,2016,9,36
9/18/2016,2016,9,41
9/19/2016,2016,9,49
9/20/2016,2016,9,46
9/21/2016,2016,9,40
9/22/2016,2016,9,36
9/23/2016,2016,9,31
9/24/2016,2016,9,37
9/25/2016,2016,9,51
9/26/2016,2016,9,32
9/27/2016,2016,9,46
9/28/2016,2016,9,23
9/29/2016,2016,9,42
9/30/2016,2016,9,45
10/1/2016,2016,10,39
10/2/2016,2016,10,44
10/3/2016,2016,10,49
10/4/2016,2016,10,39
10/5/2016,2016,10,42
10/6/2016,2016,10,24
10/7/2016,2016,10,48
10/8/2016,2016,10,41
10/9/2016,2016,10,44
10/10/2016,2016,10,46
10/11/2016,2016,10,50
10/12/2016,2016,10,32
10/13/2016,2016,10,47
10/14/2016,2016,10,39
10/15/2016,2016,10,43
10/16/2016,2016,10,54
10/17/2016,2016,10,45
10/18/2016,2016,10,44
10/19/2016,2016,10,51
10/20/2016,2016,10,53
10/21/2016,2016,10,38
10/22/2016,2016,10,36
10/23/2016,2016,10,44
10/24/2016,2016,10,40
10/25/2016,2016,10,46
10/26/2016,2016,10,42
10/27/2016,2016,10,45
10/28/2016,2016,10,48
10/29/2016,2016,10,40
10/30/2016,2016,10,50
10/31/2016,2016,10,39
11/1/2016,2016,11,57
11/2/2016,2016,11,28
11/3/2016,2016,11,32
11/4/2016,2016,11,39
11/5/2016,2016,11,61
11/6/2016,2016,11,46
11/7/2016,2016,11,46
11/8/2016,2016,11,41
11/9/2016,2016,11,50
11/10/2016,2016,11,34
11/11/2016,2016,11,49
11/12/2016,2016,11,48
11/13/2016,2016,11,50
11/14/2016,2016,11,61
11/15/2016,2016,11,37
11/16/2016,2016,11,40
11/17/2016,2016,11,31
11/18/2016,2016,11,40
11/19/2016,2016,11,45
11/20/2016,2016,11,64
11/21/2016,2016,11,50
11/22/2016,2016,11,41
11/23/2016,2016,11,46
11/24/2016,2016,11,44
11/25/2016,2016,11,57
11/26/2016,2016,11,61
11/27/2016,2016,11,46
11/28/2016,2016,11,39
11/29/2016,2016,11,45
11/30/2016,2016,11,47
12/1/2016,2016,12,40
12/2/2016,2016,12,38
12/3/2016,2016,12,57
12/4/2016,2016,12,47
12/5/2016,2016,12,45
12/6/2016,2016,12,52
12/7/2016,2016,12,46
12/8/2016,2016,12,53
12/9/2016,2016,12,44
12/10/2016,2016,12,31
12/11/2016,2016,12,48
12/12/2016,2016,12,43
12/13/2016,2016,12,50
12/14/2016,2016,12,39
12/15/2016,2016,12,51
12/16/2016,2016,12,50
12/17/2016,2016,12,62
12/18/2016,2016,12,73
12/19/2016,2016,12,38
12/20/2016,2016,12,43
12/21/2016,2016,12,42
12/22/2016,2016,12,47
12/23/2016,2016,12,41
12/24/2016,2016,12,66
12/25/2016,2016,12,59
12/26/2016,2016,12,71
12/27/2016,2016,12,80
12/28/2016,2016,12,53
12/29/2016,2016,12,75
12/30/2016,2016,12,65
12/31/2016,2016,12,51
1/1/2017,2017,1,74
1/2/2017,2017,1,57
1/3/2017,2017,1,47
1/4/2017,2017,1,53
1/5/2017,2017,1,34
1/6/2017,2017,1,50
1/7/2017,2017,1,39
1/8/2017,2017,1,30
1/9/2017,2017,1,39
1/10/2017,2017,1,39
1/11/2017,2017,1,42
1/12/2017,2017,1,45
1/13/2017,2017,1,31
1/14/2017,2017,1,45
1/15/2017,2017,1,47
1/16/2017,2017,1,46
1/17/2017,2017,1,47
1/18/2017,2017,1,37
1/19/2017,2017,1,57
1/20/2017,2017,1,37
1/21/2017,2017,1,56
1/22/2017,2017,1,33
1/23/2017,2017,1,59
1/24/2017,2017,1,56
1/25/2017,2017,1,57
1/26/2017,2017,1,46
1/27/2017,2017,1,39
1/28/2017,2017,1,39
1/29/2017,2017,1,53
1/30/2017,2017,1,40
1/31/2017,2017,1,53
2/1/2017,2017,2,48
2/2/2017,2017,2,51
2/3/2017,2017,2,59
2/4/2017,2017,2,39
2/5/2017,2017,2,60
2/6/2017,2017,2,69
2/7/2017,2017,2,44
2/8/2017,2017,2,52
2/9/2017,2017,2,48
2/10/2017,2017,2,50
2/11/2017,2017,2,56
2/12/2017,2017,2,54
2/13/2017,2017,2,62
2/14/2017,2017,2,58
2/15/2017,2017,2,39
2/16/2017,2017,2,44
2/17/2017,2017,2,54
2/18/2017,2017,2,59
2/19/2017,2017,2,75
2/20/2017,2017,2,58
2/21/2017,2017,2,60
2/22/2017,2017,2,46
2/23/2017,2017,2,47
2/24/2017,2017,2,35
2/25/2017,2017,2,49
2/26/2017,2017,2,56
2/27/2017,2017,2,73
2/28/2017,2017,2,57
3/1/2017,2017,3,43
3/2/2017,2017,3,50
3/3/2017,2017,3,44
3/4/2017,2017,3,60
3/5/2017,2017,3,47
3/6/2017,2017,3,75
3/7/2017,2017,3,50
3/8/2017,2017,3,50
3/9/2017,2017,3,50
3/10/2017,2017,3,51
3/11/2017,2017,3,64
3/12/2017,2017,3,63
3/13/2017,2017,3,44
3/14/2017,2017,3,56
3/15/2017,2017,3,43
3/16/2017,2017,3,34
3/17/2017,2017,3,51
3/18/2017,2017,3,51
3/19/2017,2017,3,62
3/20/2017,2017,3,54
3/21/2017,2017,3,56
3/22/2017,2017,3,36
3/23/2017,2017,3,57
3/24/2017,2017,3,54
3/25/2017,2017,3,52
3/26/2017,2017,3,56
3/27/2017,2017,3,56
3/28/2017,2017,3,61
3/29/2017,2017,3,61
3/30/2017,2017,3,50
3/31/2017,2017,3,47
4/1/2017,2017,4,52
4/2/2017,2017,4,43
4/3/2017,2017,4,71
4/4/2017,2017,4,54
4/5/2017,2017,4,61
4/6/2017,2017,4,50
4/7/2017,2017,4,59
4/8/2017,2017,4,67
4/9/2017,2017,4,78
4/10/2017,2017,4,84
4/11/2017,2017,4,81
4/12/2017,2017,4,73
4/13/2017,2017,4,51
4/14/2017,2017,4,68
4/15/2017,2017,4,68
4/16/2017,2017,4,58
4/17/2017,2017,4,65
4/18/2017,2017,4,69
4/19/2017,2017,4,59
4/20/2017,2017,4,69
4/21/2017,2017,4,51
4/22/2017,2017,4,45
4/23/2017,2017,4,40
4/24/2017,2017,4,46
4/25/2017,2017,4,74
4/26/2017,2017,4,31
4/27/2017,2017,4,41
4/28/2017,2017,4,43
4/29/2017,2017,4,38
4/30/2017,2017,4,52
5/1/2017,2017,5,47
5/2/2017,2017,5,52
5/3/2017,2017,5,46
5/4/2017,2017,5,41
5/5/2017,2017,5,40
5/6/2017,2017,5,55
5/7/2017,2017,5,62
5/8/2017,2017,5,44
5/9/2017,2017,5,52
5/10/2017,2017,5,55
5/11/2017,2017,5,38
5/12/2017,2017,5,50
5/13/2017,2017,5,46
5/14/2017,2017,5,49
5/15/2017,2017,5,48
5/16/2017,2017,5,36
5/17/2017,2017,5,49
5/18/2017,2017,5,41
5/19/2017,2017,5,41
5/20/2017,2017,5,41
5/21/2017,2017,5,46
5/22/2017,2017,5,44
5/23/2017,2017,5,41
5/24/2017,2017,5,32
5/25/2017,2017,5,34
5/26/2017,2017,5,35
5/27/2017,2017,5,61
5/28/2017,2017,5,54
5/29/2017,2017,5,61
5/30/2017,2017,5,40
5/31/2017,2017,5,43
6/1/2017,2017,6,31
6/2/2017,2017,6,44
6/3/2017,2017,6,47
6/4/2017,2017,6,52
6/5/2017,2017,6,23
6/6/2017,2017,6,37
6/7/2017,2017,6,45
6/8/2017,2017,6,49
6/9/2017,2017,6,40
6/10/2017,2017,6,33
6/11/2017,2017,6,42
6/12/2017,2017,6,40
6/13/2017,2017,6,50
6/14/2017,2017,6,58
6/15/2017,2017,6,36
6/16/2017,2017,6,41
6/17/2017,2017,6,49
6/18/2017,2017,6,40
6/19/2017,2017,6,50
6/20/2017,2017,6,37
6/21/2017,2017,6,41
6/22/2017,2017,6,37
6/23/2017,2017,6,42
6/24/2017,2017,6,52
6/25/2017,2017,6,51
6/26/2017,2017,6,60
6/27/2017,2017,6,53
6/28/2017,2017,6,40
6/29/2017,2017,6,54
6/30/2017,2017,6,46
7/1/2017,2017,7,67
7/2/2017,2017,7,47
7/3/2017,2017,7,46
7/4/2017,2017,7,44
7/5/2017,2017,7,66
7/6/2017,2017,7,54
7/7/2017,2017,7,45
7/8/2017,2017,7,57
7/9/2017,2017,7,66
7/10/2017,2017,7,54
7/11/2017,2017,7,42
7/12/2017,2017,7,44
7/13/2017,2017,7,36
7/14/2017,2017,7,47
7/15/2017,2017,7,61
7/16/2017,2017,7,40
7/17/2017,2017,7,45
7/18/2017,2017,7,33
7/19/2017,2017,7,51
7/20/2017,2017,7,61
7/21/2017,2017,7,48
7/22/2017,2017,7,56
7/23/2017,2017,7,53
7/24/2017,2017,7,55
7/25/2017,2017,7,33
7/26/2017,2017,7,46
7/27/2017,2017,7,50
7/28/2017,2017,7,35
7/29/2017,2017,7,41
7/30/2017,2017,7,49
7/31/2017,2017,7,50
8/1/2017,2017,8,46
8/2/2017,2017,8,46
8/3/2017,2017,8,41
8/4/2017,2017,8,41
8/5/2017,2017,8,55
8/6/2017,2017,8,46
8/7/2017,2017,8,40
8/8/2017,2017,8,57
8/9/2017,2017,8,51
8/10/2017,2017,8,49
8/11/2017,2017,8,36
8/12/2017,2017,8,44
8/13/2017,2017,8,46
8/14/2017,2017,8,38
8/15/2017,2017,8,40
8/16/2017,2017,8,52
8/17/2017,2017,8,48
8/18/2017,2017,8,54
8/19/2017,2017,8,44
8/20/2017,2017,8,44
8/21/2017,2017,8,49
8/22/2017,2017,8,42
8/23/2017,2017,8,53
8/24/2017,2017,8,65
8/25/2017,2017,8,55
8/26/2017,2017,8,51
8/27/2017,2017,8,46
8/28/2017,2017,8,30
8/29/2017,2017,8,45
8/30/2017,2017,8,42
8/31/2017,2017,8,45
9/1/2017,2017,9,43
9/2/2017,2017,9,52
9/3/2017,2017,9,48
9/4/2017,2017,9,55
9/5/2017,2017,9,36
9/6/2017,2017,9,34
9/7/2017,2017,9,32
9/8/2017,2017,9,38
9/9/2017,2017,9,46
9/10/2017,2017,9,22
9/11/2017,2017,9,45
9/12/2017,2017,9,46
9/13/2017,2017,9,26
9/14/2017,2017,9,40
9/15/2017,2017,9,33
9/16/2017,2017,9,42
9/17/2017,2017,9,42
9/18/2017,2017,9,29
9/19/2017,2017,9,42
9/20/2017,2017,9,38
9/21/2017,2017,9,39
9/22/2017,2017,9,27
9/23/2017,2017,9,34
9/24/2017,2017,9,34
9/25/2017,2017,9,35
9/26/2017,2017,9,42
9/27/2017,2017,9,49
9/28/2017,2017,9,40
9/29/2017,2017,9,43
9/30/2017,2017,9,49
10/1/2017,2017,10,32
10/2/2017,2017,10,33
10/3/2017,2017,10,29
10/4/2017,2017,10,37
10/5/2017,2017,10,30
10/6/2017,2017,10,45
10/7/2017,2017,10,38
10/8/2017,2017,10,42
10/9/2017,2017,10,44
10/10/2017,2017,10,48
10/11/2017,2017,10,38
10/12/2017,2017,10,39
10/13/2017,2017,10,29
10/14/2017,2017,10,38
10/15/2017,2017,10,30
10/16/2017,2017,10,55
10/17/2017,2017,10,51
10/18/2017,2017,10,49
10/19/2017,2017,10,48
10/20/2017,2017,10,47
10/21/2017,2017,10,45
10/22/2017,2017,10,49
10/23/2017,2017,10,47
10/24/2017,2017,10,53
10/25/2017,2017,10,37
10/26/2017,2017,10,46
10/27/2017,2017,10,46
10/28/2017,2017,10,41
10/29/2017,2017,10,37
10/30/2017,2017,10,48
10/31/2017,2017,10,44
11/1/2017,2017,11,41
11/2/2017,2017,11,54
11/3/2017,2017,11,42
11/4/2017,2017,11,52
11/5/2017,2017,11,47
11/6/2017,2017,11,54
11/7/2017,2017,11,47
11/8/2017,2017,11,46
11/9/2017,2017,11,42
11/10/2017,2017,11,54
11/11/2017,2017,11,52
11/12/2017,2017,11,44
11/13/2017,2017,11,54
11/14/2017,2017,11,45
11/15/2017,2017,11,45
11/16/2017,2017,11,37
11/17/2017,2017,11,42
11/18/2017,2017,11,49
11/19/2017,2017,11,47
11/20/2017,2017,11,51
11/21/2017,2017,11,49
11/22/2017,2017,11,43
11/23/2017,2017,11,55
11/24/2017,2017,11,72
11/25/2017,2017,11,68
11/26/2017,2017,11,63
11/27/2017,2017,11,51
11/28/2017,2017,11,53
11/29/2017,2017,11,41
11/30/2017,2017,11,49
12/1/2017,2017,12,48
12/2/2017,2017,12,48
12/3/2017,2017,12,54
12/4/2017,2017,12,66
12/5/2017,2017,12,64
12/6/2017,2017,12,43
12/7/2017,2017,12,52
12/8/2017,2017,12,52
12/9/2017,2017,12,50
12/10/2017,2017,12,40
12/11/2017,2017,12,47
12/12/2017,2017,12,43
12/13/2017,2017,12,37
12/14/2017,2017,12,57
12/15/2017,2017,12,53
12/16/2017,2017,12,69
12/17/2017,2017,12,65
12/18/2017,2017,12,60
12/19/2017,2017,12,59
12/20/2017,2017,12,56
12/21/2017,2017,12,54
12/22/2017,2017,12,56
12/23/2017,2017,12,82
12/24/2017,2017,12,61
12/25/2017,2017,12,66
12/26/2017,2017,12,54
12/27/2017,2017,12,73
12/28/2017,2017,12,74
12/29/2017,2017,12,77
12/30/2017,2017,12,60
12/31/2017,2017,12,58
1/1/2018,2018,1,63
1/2/2018,2018,1,51
1/3/2018,2018,1,40
1/4/2018,2018,1,31
1/5/2018,2018,1,48
1/6/2018,2018,1,56
1/7/2018,2018,1,34
1/8/2018,2018,1,42
1/9/2018,2018,1,43
1/10/2018,2018,1,48
1/11/2018,2018,1,49
1/12/2018,2018,1,49
1/13/2018,2018,1,33
1/14/2018,2018,1,52
1/15/2018,2018,1,48
1/16/2018,2018,1,67
1/17/2018,2018,1,43
1/18/2018,2018,1,67
1/19/2018,2018,1,59
1/20/2018,2018,1,64
1/21/2018,2018,1,59
1/22/2018,2018,1,69
1/23/2018,2018,1,76
1/24/2018,2018,1,50
1/25/2018,2018,1,63
1/26/2018,2018,1,73
1/27/2018,2018,1,54
1/28/2018,2018,1,65
1/29/2018,2018,1,68
1/30/2018,2018,1,56
1/31/2018,2018,1,66
2/1/2018,2018,2,74
2/2/2018,2018,2,70
2/3/2018,2018,2,55
2/4/2018,2018,2,93
2/5/2018,2018,2,66
2/6/2018,2018,2,63
2/7/2018,2018,2,53
2/8/2018,2018,2,55
2/9/2018,2018,2,50
2/10/2018,2018,2,81
2/11/2018,2018,2,65
2/12/2018,2018,2,68
2/13/2018,2018,2,53
2/14/2018,2018,2,37
2/15/2018,2018,2,58
2/16/2018,2018,2,56
2/17/2018,2018,2,68
2/18/2018,2018,2,75
2/19/2018,2018,2,73
2/20/2018,2018,2,48
2/21/2018,2018,2,51
2/22/2018,2018,2,41
2/23/2018,2018,2,48
2/24/2018,2018,2,53
2/25/2018,2018,2,70
2/26/2018,2018,2,51
2/27/2018,2018,2,49
2/28/2018,2018,2,43
3/1/2018,2018,3,49
3/2/2018,2018,3,49
3/3/2018,2018,3,56
3/4/2018,2018,3,64
3/5/2018,2018,3,48
3/6/2018,2018,3,43
3/7/2018,2018,3,35
3/8/2018,2018,3,31
3/9/2018,2018,3,55
3/10/2018,2018,3,57
3/11/2018,2018,3,45
3/12/2018,2018,3,60
3/13/2018,2018,3,52
3/14/2018,2018,3,50
3/15/2018,2018,3,40
3/16/2018,2018,3,38
3/17/2018,2018,3,58
3/18/2018,2018,3,59
3/19/2018,2018,3,55
3/20/2018,2018,3,47
3/21/2018,2018,3,45
3/22/2018,2018,3,49
3/23/2018,2018,3,38
3/24/2018,2018,3,52
3/25/2018,2018,3,50
3/26/2018,2018,3,53
3/27/2018,2018,3,58
3/28/2018,2018,3,68
3/29/2018,2018,3,54
3/30/2018,2018,3,63
3/31/2018,2018,3,56
4/1/2018,2018,4,59
4/2/2018,2018,4,77
4/3/2018,2018,4,64
4/4/2018,2018,4,59
4/5/2018,2018,4,59
4/6/2018,2018,4,44
4/7/2018,2018,4,53
4/8/2018,2018,4,42
4/9/2018,2018,4,51
4/10/2018,2018,4,47
4/11/2018,2018,4,39
4/12/2018,2018,4,41
4/13/2018,2018,4,47
4/14/2018,2018,4,57
4/15/2018,2018,4,56
4/16/2018,2018,4,46
4/17/2018,2018,4,47
4/18/2018,2018,4,48
4/19/2018,2018,4,52
4/20/2018,2018,4,35
4/21/2018,2018,4,56
4/22/2018,2018,4,47
4/23/2018,2018,4,63
4/24/2018,2018,4,59
4/25/2018,2018,4,58
4/26/2018,2018,4,45
4/27/2018,2018,4,41
4/28/2018,2018,4,40
4/29/2018,2018,4,52
4/30/2018,2018,4,53
5/1/2018,2018,5,41
5/2/2018,2018,5,37
5/3/2018,2018,5,34
5/4/2018,2018,5,44
5/5/2018,2018,5,43
5/6/2018,2018,5,56
5/7/2018,2018,5,40
5/8/2018,2018,5,54
5/9/2018,2018,5,57
5/10/2018,2018,5,33
5/11/2018,2018,5,32
5/12/2018,2018,5,50
5/13/2018,2018,5,59
5/14/2018,2018,5,32
5/15/2018,2018,5,43
5/16/2018,2018,5,37
5/17/2018,2018,5,44
5/18/2018,2018,5,34
5/19/2018,2018,5,41
5/20/2018,2018,5,32
5/21/2018,2018,5,48
5/22/2018,2018,5,37
5/23/2018,2018,5,26
5/24/2018,2018,5,47
5/25/2018,2018,5,40
5/26/2018,2018,5,50
5/27/2018,2018,5,60
5/28/2018,2018,5,47
5/29/2018,2018,5,39
5/30/2018,2018,5,29
5/31/2018,2018,5,31
6/1/2018,2018,6,37
6/2/2018,2018,6,40
6/3/2018,2018,6,43
6/4/2018,2018,6,40
6/5/2018,2018,6,28
6/6/2018,2018,6,47
6/7/2018,2018,6,43
6/8/2018,2018,6,40
6/9/2018,2018,6,40
6/10/2018,2018,6,45
6/11/2018,2018,6,38
6/12/2018,2018,6,39
6/13/2018,2018,6,36
6/14/2018,2018,6,34
6/15/2018,2018,6,37
6/16/2018,2018,6,43
6/17/2018,2018,6,41
6/18/2018,2018,6,53
6/19/2018,2018,6,41
6/20/2018,2018,6,31
6/21/2018,2018,6,41
6/22/2018,2018,6,51
6/23/2018,2018,6,56
6/24/2018,2018,6,46
6/25/2018,2018,6,51
6/26/2018,2018,6,43
6/27/2018,2018,6,43
6/28/2018,2018,6,41
6/29/2018,2018,6,42
6/30/2018,2018,6,46
7/1/2018,2018,7,47
7/2/2018,2018,7,51
7/3/2018,2018,7,46
7/4/2018,2018,7,37
7/5/2018,2018,7,33
7/6/2018,2018,7,57
7/7/2018,2018,7,49
7/8/2018,2018,7,41
7/9/2018,2018,7,45
7/10/2018,2018,7,50
7/11/2018,2018,7,50
7/12/2018,2018,7,48
7/13/2018,2018,7,37
7/14/2018,2018,7,46
7/15/2018,2018,7,48
7/16/2018,2018,7,49
7/17/2018,2018,7,48
7/18/2018,2018,7,49
7/19/2018,2018,7,47
7/20/2018,2018,7,51
7/21/2018,2018,7,56
7/22/2018,2018,7,54
7/23/2018,2018,7,41
7/24/2018,2018,7,28
7/25/2018,2018,7,40
7/26/2018,2018,7,46
7/27/2018,2018,7,48
7/28/2018,2018,7,45
7/29/2018,2018,7,47
7/30/2018,2018,7,46
7/31/2018,2018,7,28
8/1/2018,2018,8,38
8/2/2018,2018,8,40
8/3/2018,2018,8,38
8/4/2018,2018,8,48
8/5/2018,2018,8,32
8/6/2018,2018,8,37
8/7/2018,2018,8,38
8/8/2018,2018,8,42
8/9/2018,2018,8,19
8/10/2018,2018,8,32
8/11/2018,2018,8,36
8/12/2018,2018,8,28
8/13/2018,2018,8,31
8/14/2018,2018,8,26
8/15/2018,2018,8,33
8/16/2018,2018,8,44
8/17/2018,2018,8,31
8/18/2018,2018,8,42
8/19/2018,2018,8,42
8/20/2018,2018,8,41
8/21/2018,2018,8,42
8/22/2018,2018,8,43
8/23/2018,2018,8,35
8/24/2018,2018,8,42
8/25/2018,2018,8,35
8/26/2018,2018,8,44
8/27/2018,2018,8,36
8/28/2018,2018,8,31
8/29/2018,2018,8,39
8/30/2018,2018,8,30
8/31/2018,2018,8,30
9/1/2018,2018,9,47
9/2/2018,2018,9,42
9/3/2018,2018,9,31
9/4/2018,2018,9,26
9/5/2018,2018,9,36
9/6/2018,2018,9,36
9/7/2018,2018,9,30
9/8/2018,2018,9,39
9/9/2018,2018,9,20
9/10/2018,2018,9,43
9/11/2018,2018,9,30
9/12/2018,2018,9,26
9/13/2018,2018,9,33
9/14/2018,2018,9,35
9/15/2018,2018,9,33
9/16/2018,2018,9,38
9/17/2018,2018,9,33
9/18/2018,2018,9,37
9/19/2018,2018,9,36
9/20/2018,2018,9,33
9/21/2018,2018,9,29
9/22/2018,2018,9,34
9/23/2018,2018,9,30
9/24/2018,2018,9,42
9/25/2018,2018,9,35
9/26/2018,2018,9,35
9/27/2018,2018,9,33
9/28/2018,2018,9,40
9/29/2018,2018,9,24
9/30/2018,2018,9,39
10/1/2018,2018,10,40
10/2/2018,2018,10,47
10/3/2018,2018,10,32
10/4/2018,2018,10,33
10/5/2018,2018,10,37
10/6/2018,2018,10,43
10/7/2018,2018,10,43
10/8/2018,2018,10,40
10/9/2018,2018,10,40
10/10/2018,2018,10,32
10/11/2018,2018,10,47
10/12/2018,2018,10,33
10/13/2018,2018,10,48
10/14/2018,2018,10,37
10/15/2018,2018,10,39
10/16/2018,2018,10,32
10/17/2018,2018,10,38
10/18/2018,2018,10,30
10/19/2018,2018,10,27
10/20/2018,2018,10,29
10/21/2018,2018,10,37
10/22/2018,2018,10,41
10/23/2018,2018,10,43
10/24/2018,2018,10,48
10/25/2018,2018,10,37
10/26/2018,2018,10,30
10/27/2018,2018,10,41
10/28/2018,2018,10,42
10/29/2018,2018,10,41
10/30/2018,2018,10,29
10/31/2018,2018,10,34
11/1/2018,2018,11,44
11/2/2018,2018,11,27
11/3/2018,2018,11,43
11/4/2018,2018,11,41
11/5/2018,2018,11,33
11/6/2018,2018,11,45
11/7/2018,2018,11,33
11/8/2018,2018,11,45
11/9/2018,2018,11,37
11/10/2018,2018,11,39
11/11/2018,2018,11,56
11/12/2018,2018,11,46
11/13/2018,2018,11,43
11/14/2018,2018,11,35
11/15/2018,2018,11,41
11/16/2018,2018,11,35
11/17/2018,2018,11,40
11/18/2018,2018,11,37
11/19/2018,2018,11,42
11/20/2018,2018,11,39
11/21/2018,2018,11,42
11/22/2018,2018,11,42
11/23/2018,2018,11,59
11/24/2018,2018,11,52
11/25/2018,2018,11,48
11/26/2018,2018,11,39
11/27/2018,2018,11,37
11/28/2018,2018,11,32
11/29/2018,2018,11,34
11/30/2018,2018,11,31
12/1/2018,2018,12,41
12/2/2018,2018,12,51
12/3/2018,2018,12,51
12/4/2018,2018,12,50
12/5/2018,2018,12,28
12/6/2018,2018,12,39
12/7/2018,2018,12,44
12/8/2018,2018,12,41
12/9/2018,2018,12,44
12/10/2018,2018,12,40
12/11/2018,2018,12,31
12/12/2018,2018,12,40
12/13/2018,2018,12,26
12/14/2018,2018,12,48
12/15/2018,2018,12,42
12/16/2018,2018,12,34
12/17/2018,2018,12,36
12/18/2018,2018,12,37
12/19/2018,2018,12,51
12/20/2018,2018,12,49
12/21/2018,2018,12,38
12/22/2018,2018,12,40
12/23/2018,2018,12,35
12/24/2018,2018,12,43
12/25/2018,2018,12,65
12/26/2018,2018,12,70
12/27/2018,2018,12,56
12/28/2018,2018,12,57
12/29/2018,2018,12,62
12/30/2018,2018,12,77
12/31/2018,2018,12,40
1/1/2019,2019,1,54
1/2/2019,2019,1,46
1/3/2019,2019,1,30
1/4/2019,2019,1,43
1/5/2019,2019,1,31
1/6/2019,2019,1,27
1/7/2019,2019,1,26
1/8/2019,2019,1,36
1/9/2019,2019,1,36
1/10/2019,2019,1,27
1/11/2019,2019,1,31
1/12/2019,2019,1,31
1/13/2019,2019,1,30
1/14/2019,2019,1,31
1/15/2019,2019,1,30
1/16/2019,2019,1,23
1/17/2019,2019,1,34
1/18/2019,2019,1,46
1/19/2019,2019,1,35
1/20/2019,2019,1,28
1/21/2019,2019,1,48
1/22/2019,2019,1,31
1/23/2019,2019,1,38
1/24/2019,2019,1,42
1/25/2019,2019,1,37
1/26/2019,2019,1,47
1/27/2019,2019,1,22
1/28/2019,2019,1,27
1/29/2019,2019,1,34
1/30/2019,2019,1,37
1/31/2019,2019,1,37
2/1/2019,2019,2,33
2/2/2019,2019,2,35
2/3/2019,2019,2,48
2/4/2019,2019,2,34
2/5/2019,2019,2,34
2/6/2019,2019,2,42
2/7/2019,2019,2,45
2/8/2019,2019,2,28
2/9/2019,2019,2,44
2/10/2019,2019,2,64
2/11/2019,2019,2,41
2/12/2019,2019,2,38
2/13/2019,2019,2,34
2/14/2019,2019,2,32
2/15/2019,2019,2,36
2/16/2019,2019,2,50
2/17/2019,2019,2,51
2/18/2019,2019,2,45
2/19/2019,2019,2,36
2/20/2019,2019,2,32
2/21/2019,2019,2,45
2/22/2019,2019,2,27
2/23/2019,2019,2,44
2/24/2019,2019,2,37
2/25/2019,2019,2,43
2/26/2019,2019,2,34
2/27/2019,2019,2,45
2/28/2019,2019,2,37
3/1/2019,2019,3,30
3/2/2019,2019,3,36
3/3/2019,2019,3,48
3/4/2019,2019,3,35
3/5/2019,2019,3,37
3/6/2019,2019,3,32
3/7/2019,2019,3,32
3/8/2019,2019,3,51
3/9/2019,2019,3,56
3/10/2019,2019,3,45
3/11/2019,2019,3,47
3/12/2019,2019,3,50
3/13/2019,2019,3,43
3/14/2019,2019,3,33
3/15/2019,2019,3,39
3/16/2019,2019,3,42
3/17/2019,2019,3,34
3/18/2019,2019,3,36
3/19/2019,2019,3,41
3/20/2019,2019,3,41
3/21/2019,2019,3,40
3/22/2019,2019,3,48
3/23/2019,2019,3,42
3/24/2019,2019,3,35
3/25/2019,2019,3,46
3/26/2019,2019,3,40
3/27/2019,2019,3,43
3/28/2019,2019,3,51
3/29/2019,2019,3,40
3/30/2019,2019,3,38
3/31/2019,2019,3,37
4/1/2019,2019,4,45
4/2/2019,2019,4,40
4/3/2019,2019,4,37
4/4/2019,2019,4,40
4/5/2019,2019,4,37
4/6/2019,2019,4,35
4/7/2019,2019,4,44
4/8/2019,2019,4,40
4/9/2019,2019,4,35
4/10/2019,2019,4,37
4/11/2019,2019,4,31
4/12/2019,2019,4,26
4/13/2019,2019,4,36
4/14/2019,2019,4,53
4/15/2019,2019,4,44
4/16/2019,2019,4,45
4/17/2019,2019,4,49
4/18/2019,2019,4,35
4/19/2019,2019,4,44
4/20/2019,2019,4,45
4/21/2019,2019,4,51
4/22/2019,2019,4,53
4/23/2019,2019,4,40
4/24/2019,2019,4,42
4/25/2019,2019,4,44
4/26/2019,2019,4,37
4/27/2019,2019,4,43
4/28/2019,2019,4,52
4/29/2019,2019,4,45
4/30/2019,2019,4,34
5/1/2019,2019,5,37
5/2/2019,2019,5,38
5/3/2019,2019,5,37
5/4/2019,2019,5,40
5/5/2019,2019,5,39
5/6/2019,2019,5,39
5/7/2019,2019,5,35
5/8/2019,2019,5,28
5/9/2019,2019,5,28
5/10/2019,2019,5,42
5/11/2019,2019,5,38
5/12/2019,2019,5,30
5/13/2019,2019,5,30
5/14/2019,2019,5,37
5/15/2019,2019,5,28
5/16/2019,2019,5,35
5/17/2019,2019,5,28
5/18/2019,2019,5,34
5/19/2019,2019,5,33
5/20/2019,2019,5,30
5/21/2019,2019,5,30
5/22/2019,2019,5,41
5/23/2019,2019,5,30
5/24/2019,2019,5,27
5/25/2019,2019,5,41
5/26/2019,2019,5,51
5/27/2019,2019,5,47
5/28/2019,2019,5,37
5/29/2019,2019,5,42
5/30/2019,2019,5,34
5/31/2019,2019,5,29
6/1/2019,2019,6,47
6/2/2019,2019,6,29
6/3/2019,2019,6,36
6/4/2019,2019,6,28
6/5/2019,2019,6,26
6/6/2019,2019,6,37
6/7/2019,2019,6,32
6/8/2019,2019,6,38
6/9/2019,2019,6,33
6/10/2019,2019,6,31
6/11/2019,2019,6,44
6/12/2019,2019,6,26
6/13/2019,2019,6,32
6/14/2019,2019,6,30
6/15/2019,2019,6,32
6/16/2019,2019,6,36
6/17/2019,2019,6,27
6/18/2019,2019,6,31
6/19/2019,2019,6,34
6/20/2019,2019,6,36
6/21/2019,2019,6,41
6/22/2019,2019,6,40
6/23/2019,2019,6,46
6/24/2019,2019,6,27
6/25/2019,2019,6,29
6/26/2019,2019,6,38
6/27/2019,2019,6,35
6/28/2019,2019,6,29
6/29/2019,2019,6,34
6/30/2019,2019,6,37
7/1/2019,2019,7,31
7/2/2019,2019,7,42
7/3/2019,2019,7,30
7/4/2019,2019,7,37
7/5/2019,2019,7,51
7/6/2019,2019,7,48
7/7/2019,2019,7,54
7/8/2019,2019,7,40
7/9/2019,2019,7,42
7/10/2019,2019,7,43
7/11/2019,2019,7,40
7/12/2019,2019,7,35
7/13/2019,2019,7,53
7/14/2019,2019,7,35
7/15/2019,2019,7,32
7/16/2019,2019,7,43
7/17/2019,2019,7,23
7/18/2019,2019,7,24
7/19/2019,2019,7,38
7/20/2019,2019,7,42
7/21/2019,2019,7,38
7/22/2019,2019,7,33
7/23/2019,2019,7,35
7/24/2019,2019,7,28
7/25/2019,2019,7,44
7/26/2019,2019,7,33
7/27/2019,2019,7,60
7/28/2019,2019,7,29
7/29/2019,2019,7,30
7/30/2019,2019,7,34
7/31/2019,2019,7,25
8/1/2019,2019,8,39
8/2/2019,2019,8,20
8/3/2019,2019,8,36
8/4/2019,2019,8,40
8/5/2019,2019,8,30
8/6/2019,2019,8,27
8/7/2019,2019,8,35
8/8/2019,2019,8,29
8/9/2019,2019,8,31
8/10/2019,2019,8,38
8/11/2019,2019,8,28
8/12/2019,2019,8,28
8/13/2019,2019,8,31
8/14/2019,2019,8,23
8/15/2019,2019,8,34
8/16/2019,2019,8,32
8/17/2019,2019,8,34
8/18/2019,2019,8,36
8/19/2019,2019,8,33
8/20/2019,2019,8,36
8/21/2019,2019,8,35
8/22/2019,2019,8,22
8/23/2019,2019,8,28
8/24/2019,2019,8,36
8/25/2019,2019,8,33
8/26/2019,2019,8,36
8/27/2019,2019,8,28
8/28/2019,2019,8,31
8/29/2019,2019,8,42
8/30/2019,2019,8,28
8/31/2019,2019,8,27
9/1/2019,2019,9,26
9/2/2019,2019,9,36
9/3/2019,2019,9,24
9/4/2019,2019,9,19
9/5/2019,2019,9,20
9/6/2019,2019,9,27
9/7/2019,2019,9,33
9/8/2019,2019,9,22
9/9/2019,2019,9,30
9/10/2019,2019,9,25
9/11/2019,2019,9,29
9/12/2019,2019,9,22
9/13/2019,2019,9,22
9/14/2019,2019,9,23
9/15/2019,2019,9,35
9/16/2019,2019,9,30
9/17/2019,2019,9,28
9/18/2019,2019,9,20
9/19/2019,2019,9,30
9/20/2019,2019,9,25
9/21/2019,2019,9,18
9/22/2019,2019,9,30
9/23/2019,2019,9,27
9/24/2019,2019,9,39
9/25/2019,2019,9,29
9/26/2019,2019,9,36
9/27/2019,2019,9,34
9/28/2019,2019,9,31
9/29/2019,2019,9,29
9/30/2019,2019,9,23
10/1/2019,2019,10,33
10/2/2019,2019,10,35
10/3/2019,2019,10,37
10/4/2019,2019,10,31
10/5/2019,2019,10,25
10/6/2019,2019,10,26
10/7/2019,2019,10,30
10/8/2019,2019,10,37
10/9/2019,2019,10,41
10/10/2019,2019,10,25
10/11/2019,2019,10,24
10/12/2019,2019,10,47
10/13/2019,2019,10,32
10/14/2019,2019,10,23
10/15/2019,2019,10,28
10/16/2019,2019,10,27
10/17/2019,2019,10,26
10/18/2019,2019,10,21
10/19/2019,2019,10,29
10/20/2019,2019,10,27
10/21/2019,2019,10,31
10/22/2019,2019,10,24
10/23/2019,2019,10,26
10/24/2019,2019,10,26
10/25/2019,2019,10,34
10/26/2019,2019,10,37
10/27/2019,2019,10,24
10/28/2019,2019,10,35
10/29/2019,2019,10,32
10/30/2019,2019,10,30
10/31/2019,2019,10,30
11/1/2019,2019,11,42
11/2/2019,2019,11,34
11/3/2019,2019,11,46
11/4/2019,2019,11,52
11/5/2019,2019,11,45
11/6/2019,2019,11,41
11/7/2019,2019,11,46
11/8/2019,2019,11,49
11/9/2019,2019,11,38
11/10/2019,2019,11,40
11/11/2019,2019,11,33
11/12/2019,2019,11,36
11/13/2019,2019,11,29
11/14/2019,2019,11,39
11/15/2019,2019,11,39
11/16/2019,2019,11,46
11/17/2019,2019,11,53
11/18/2019,2019,11,46
11/19/2019,2019,11,33
11/20/2019,2019,11,34
11/21/2019,2019,11,29
11/22/2019,2019,11,37
11/23/2019,2019,11,50
11/24/2019,2019,11,58
11/25/2019,2019,11,34
11/26/2019,2019,11,55
11/27/2019,2019,11,32
11/28/2019,2019,11,47
11/29/2019,2019,11,56
11/30/2019,2019,11,62
12/1/2019,2019,12,56
12/2/2019,2019,12,45
12/3/2019,2019,12,44
12/4/2019,2019,12,52
12/5/2019,2019,12,48
12/6/2019,2019,12,39
12/7/2019,2019,12,34
12/8/2019,2019,12,45
12/9/2019,2019,12,50
12/10/2019,2019,12,46
12/11/2019,2019,12,42
12/12/2019,2019,12,49
12/13/2019,2019,12,47
12/14/2019,2019,12,40
12/15/2019,2019,12,56
12/16/2019,2019,12,47
12/17/2019,2019,12,56
12/18/2019,2019,12,36
12/19/2019,2019,12,43
12/20/2019,2019,12,49
12/21/2019,2019,12,67
12/22/2019,2019,12,54
12/23/2019,2019,12,68
12/24/2019,2019,12,57
12/25/2019,2019,12,64
12/26/2019,2019,12,68
12/27/2019,2019,12,69
12/28/2019,2019,12,63
12/29/2019,2019,12,62
12/30/2019,2019,12,61
12/31/2019,2019,12,66
