New Patient Percentage,Checked in Percentage,NPWT,NPWT Category,15 Minutes Apt,20 Minutes Apt,30 Minutes Apt,40 Minutes Apt,60 Minutes Apt,8to945 Utilization,10to1145 Utilization,12to145 utilization ,2to345 utilization,4to545 utilization
0.30,0.53,0.21,0 to 25 percentage,0.75,0.00,0.21,0.00,0.04,0.65,0.49,0.48,0.55,0.44
0.23,0.48,0.19,0 to 25 percentage,0.77,0.00,0.19,0.00,0.04,0.44,0.52,0.54,0.45,0.47
0.28,0.42,0.18,0 to 25 percentage,0.78,0.00,0.18,0.00,0.05,0.40,0.37,0.44,0.45,0.52
0.30,0.54,0.21,0 to 25 percentage,0.76,0.00,0.21,0.00,0.03,0.50,0.54,0.57,0.64,0.41
0.28,0.48,0.21,0 to 25 percentage,0.75,0.00,0.21,0.00,0.04,0.47,0.51,0.43,0.43,0.48
0.18,0.49,0.11,0 to 25 percentage,0.85,0.00,0.11,0.00,0.05,0.44,0.43,0.50,0.59,0.44
0.18,0.54,0.16,0 to 25 percentage,0.82,0.00,0.16,0.00,0.01,0.61,0.56,0.41,0.44,0.65
0.26,0.50,0.22,0 to 25 percentage,0.76,0.00,0.22,0.00,0.02,0.56,0.43,0.53,0.54,0.50
0.26,0.57,0.18,0 to 25 percentage,0.79,0.00,0.18,0.00,0.02,0.68,0.53,0.58,0.56,0.53
0.25,0.47,0.20,0 to 25 percentage,0.78,0.00,0.20,0.00,0.03,0.52,0.44,0.42,0.50,0.45
0.21,0.48,0.19,0 to 25 percentage,0.77,0.00,0.19,0.00,0.04,0.54,0.45,0.43,0.48,0.52
0.15,0.49,0.16,0 to 25 percentage,0.80,0.00,0.16,0.00,0.04,0.74,0.47,0.48,0.50,0.25
0.33,0.48,0.00,0 to 25 percentage,0.04,0.61,0.00,0.35,0.00,0.47,0.54,0.38,0.59,0.33
0.37,0.41,0.00,0 to 25 percentage,0.05,0.65,0.00,0.30,0.00,0.50,0.39,0.37,0.46,0.20
0.38,0.43,0.00,0 to 25 percentage,0.00,0.67,0.00,0.33,0.00,0.50,0.32,0.47,0.48,0.40
0.37,0.47,0.01,0 to 25 percentage,0.08,0.61,0.01,0.30,0.00,0.20,0.50,0.35,0.63,0.50
0.31,0.43,0.12,0 to 25 percentage,0.40,0.32,0.12,0.16,0.00,0.47,0.50,0.39,0.43,0.43
0.32,0.52,0.27,26 to 50 percentage,0.72,0.01,0.27,0.00,0.00,0.64,0.52,0.47,0.53,0.45
0.31,0.47,0.23,0 to 25 percentage,0.77,0.01,0.23,0.00,0.00,0.49,0.54,0.36,0.46,0.67
0.26,0.53,0.25,0 to 25 percentage,0.75,0.00,0.25,0.00,0.00,0.61,0.56,0.44,0.49,0.67
0.32,0.56,0.22,0 to 25 percentage,0.78,0.00,0.22,0.00,0.00,0.62,0.49,0.62,0.50,0.50
0.42,0.55,0.34,26 to 50 percentage,0.65,0.01,0.34,0.00,0.00,0.51,0.56,0.50,0.64,0.56
0.30,0.44,0.22,0 to 25 percentage,0.78,0.00,0.22,0.00,0.00,0.44,0.44,0.41,0.46,0.45
0.35,0.48,0.17,0 to 25 percentage,0.83,0.00,0.17,0.00,0.00,0.43,0.56,0.33,0.50,0.75
0.35,0.59,0.29,26 to 50 percentage,0.70,0.00,0.29,0.00,0.00,0.56,0.60,0.65,0.65,0.39
0.41,0.54,0.32,26 to 50 percentage,0.68,0.00,0.32,0.00,0.00,0.48,0.55,0.63,0.56,0.22
0.38,0.58,0.32,26 to 50 percentage,0.67,0.00,0.32,0.00,0.00,0.53,0.57,0.58,0.74,0.44
0.38,0.55,0.33,26 to 50 percentage,0.67,0.00,0.33,0.00,0.00,0.58,0.49,0.58,0.61,0.43
0.34,0.56,0.27,26 to 50 percentage,0.73,0.00,0.27,0.00,0.00,0.58,0.55,0.58,0.57,0.42
0.39,0.55,0.36,26 to 50 percentage,0.64,0.00,0.36,0.00,0.00,0.56,0.55,0.49,0.62,0.70
0.38,0.58,0.33,26 to 50 percentage,0.67,0.00,0.33,0.00,0.00,0.55,0.55,0.65,0.65,0.43
0.29,0.51,0.25,26 to 50 percentage,0.75,0.00,0.25,0.00,0.00,0.57,0.45,0.69,0.53,0.50
0.29,0.56,0.22,0 to 25 percentage,0.77,0.00,0.22,0.00,0.00,0.48,0.51,0.68,0.72,0.67
0.39,0.55,0.37,26 to 50 percentage,0.63,0.00,0.37,0.00,0.00,0.48,0.53,0.61,0.61,0.71
0.32,0.59,0.29,26 to 50 percentage,0.71,0.00,0.29,0.00,0.00,0.52,0.55,0.64,0.71,0.70
0.36,0.60,0.31,26 to 50 percentage,0.68,0.00,0.31,0.00,0.00,0.51,0.59,0.67,0.64,0.67
0.29,0.46,0.26,26 to 50 percentage,0.73,0.00,0.26,0.00,0.00,0.51,0.49,0.29,0.45,0.41
0.30,0.49,0.29,26 to 50 percentage,0.71,0.00,0.29,0.00,0.00,0.50,0.49,0.26,0.57,0.50
0.30,0.48,0.22,0 to 25 percentage,0.78,0.00,0.22,0.00,0.00,0.25,0.55,0.48,0.52,0.42
0.26,0.47,0.18,0 to 25 percentage,0.82,0.00,0.18,0.00,0.00,0.44,0.50,0.41,0.49,0.36
0.29,0.55,0.26,26 to 50 percentage,0.74,0.00,0.26,0.00,0.00,0.47,0.56,0.49,0.54,0.63
0.23,0.53,0.16,0 to 25 percentage,0.84,0.00,0.16,0.00,0.00,0.47,0.48,0.66,0.57,0.51
0.24,0.49,0.24,0 to 25 percentage,0.76,0.00,0.24,0.00,0.00,0.49,0.50,0.63,0.46,0.40
0.26,0.54,0.22,0 to 25 percentage,0.78,0.00,0.22,0.00,0.00,0.38,0.50,0.66,0.55,0.66
0.26,0.55,0.25,0 to 25 percentage,0.75,0.00,0.25,0.00,0.00,0.31,0.61,0.59,0.56,0.54
0.15,0.47,0.14,0 to 25 percentage,0.86,0.00,0.14,0.00,0.00,0.47,0.43,0.71,0.49,0.39
0.15,0.52,0.12,0 to 25 percentage,0.88,0.00,0.12,0.00,0.00,0.67,0.46,0.73,0.54,0.49
0.19,0.48,0.11,0 to 25 percentage,0.88,0.00,0.11,0.00,0.00,0.92,0.44,0.40,0.51,0.38
0.50,0.60,0.03,0 to 25 percentage,0.05,0.50,0.03,0.42,0.00,0.54,0.65,0.60,0.53,1.00
0.48,0.62,0.05,0 to 25 percentage,0.08,0.57,0.05,0.28,0.00,0.56,0.61,0.75,0.76,0.00
0.48,0.62,0.04,0 to 25 percentage,0.19,0.43,0.04,0.34,0.00,0.54,0.66,0.50,0.89,0.00
0.47,0.74,0.06,0 to 25 percentage,0.11,0.58,0.06,0.25,0.00,0.70,0.69,0.79,0.82,0.89
0.39,0.64,0.03,0 to 25 percentage,0.07,0.72,0.03,0.17,0.00,0.59,0.65,0.56,0.81,0.67
0.36,0.60,0.03,0 to 25 percentage,0.08,0.64,0.03,0.25,0.00,0.40,0.67,0.50,0.71,0.67
0.40,0.74,0.09,0 to 25 percentage,0.11,0.61,0.09,0.17,0.00,0.82,0.70,0.69,0.80,0.50
0.42,0.65,0.07,0 to 25 percentage,0.11,0.60,0.07,0.19,0.00,0.66,0.53,0.85,0.93,0.57
0.48,0.69,0.02,0 to 25 percentage,0.03,0.71,0.02,0.23,0.00,0.76,0.64,0.62,0.64,1.00
0.41,0.68,0.10,0 to 25 percentage,0.00,0.74,0.10,0.15,0.00,0.67,0.64,0.68,0.86,0.67
0.46,0.62,0.04,0 to 25 percentage,0.02,0.70,0.04,0.23,0.00,0.47,0.63,0.64,0.85,0.71
0.45,0.57,0.09,0 to 25 percentage,0.00,0.76,0.09,0.14,0.00,0.65,0.46,0.55,0.67,1.00
0.22,0.65,0.14,0 to 25 percentage,0.86,0.00,0.14,0.00,0.00,0.67,0.59,0.80,0.61,0.70
0.20,0.61,0.11,0 to 25 percentage,0.89,0.00,0.11,0.00,0.00,0.56,0.55,0.70,0.63,0.76
0.14,0.57,0.11,0 to 25 percentage,0.89,0.00,0.11,0.00,0.00,0.48,0.48,0.70,0.61,0.68
0.15,0.55,0.13,0 to 25 percentage,0.87,0.00,0.13,0.00,0.00,0.41,0.53,0.64,0.54,0.63
0.16,0.46,0.15,0 to 25 percentage,0.85,0.00,0.15,0.00,0.00,0.39,0.41,0.64,0.43,0.60
0.16,0.53,0.12,0 to 25 percentage,0.88,0.00,0.12,0.00,0.00,0.51,0.50,0.59,0.55,0.50
0.16,0.57,0.11,0 to 25 percentage,0.89,0.00,0.11,0.00,0.00,0.55,0.54,0.73,0.56,0.56
0.14,0.49,0.11,0 to 25 percentage,0.89,0.00,0.11,0.00,0.00,0.48,0.47,0.65,0.48,0.43
0.16,0.57,0.11,0 to 25 percentage,0.89,0.00,0.11,0.00,0.00,0.47,0.55,0.63,0.60,0.63
0.13,0.48,0.12,0 to 25 percentage,0.88,0.00,0.12,0.00,0.00,0.39,0.39,0.63,0.53,0.64
0.17,0.52,0.14,0 to 25 percentage,0.86,0.00,0.14,0.00,0.00,0.46,0.47,0.65,0.54,0.57
0.16,0.50,0.15,0 to 25 percentage,0.85,0.00,0.15,0.00,0.00,0.46,0.48,0.64,0.48,0.59
0.15,0.51,0.09,0 to 25 percentage,0.91,0.00,0.09,0.00,0.00,0.00,0.00,0.68,0.48,0.00
0.14,0.58,0.06,0 to 25 percentage,0.94,0.00,0.06,0.00,0.00,0.00,0.00,0.71,0.55,0.00
0.11,0.49,0.10,0 to 25 percentage,0.90,0.00,0.10,0.00,0.00,0.00,0.00,0.48,0.49,0.00
0.14,0.55,0.09,0 to 25 percentage,0.90,0.00,0.09,0.00,0.01,0.00,1.00,0.58,0.53,0.00
0.16,0.52,0.15,0 to 25 percentage,0.84,0.00,0.15,0.00,0.01,0.00,1.00,0.46,0.53,0.00
0.20,0.54,0.17,0 to 25 percentage,0.83,0.00,0.17,0.00,0.00,0.00,0.00,0.47,0.57,0.00
0.22,0.59,0.15,0 to 25 percentage,0.85,0.00,0.15,0.00,0.00,0.00,0.00,0.54,0.61,0.00
0.28,0.46,0.22,0 to 25 percentage,0.78,0.00,0.22,0.00,0.00,0.00,0.00,0.48,0.44,0.00
0.26,0.55,0.20,0 to 25 percentage,0.80,0.00,0.20,0.00,0.00,0.00,0.00,0.52,0.57,0.00
0.15,0.50,0.13,0 to 25 percentage,0.87,0.00,0.13,0.00,0.00,0.00,0.00,0.47,0.51,0.00
0.20,0.54,0.14,0 to 25 percentage,0.86,0.00,0.14,0.00,0.00,0.00,0.00,0.71,0.53,0.00
0.14,0.56,0.12,0 to 25 percentage,0.88,0.00,0.12,0.00,0.00,0.00,0.00,0.68,0.53,1.00
0.43,0.55,0.45,26 to 50 percentage,0.55,0.00,0.45,0.00,0.00,0.50,0.41,0.58,0.64,0.57
0.44,0.54,0.45,26 to 50 percentage,0.55,0.00,0.45,0.00,0.00,0.61,0.65,0.45,0.47,0.73
0.37,0.62,0.36,26 to 50 percentage,0.64,0.00,0.36,0.00,0.00,0.46,0.66,0.64,0.68,0.50
0.29,0.51,0.30,26 to 50 percentage,0.70,0.00,0.30,0.00,0.00,0.45,0.69,0.45,0.48,0.56
0.39,0.50,0.36,26 to 50 percentage,0.64,0.00,0.36,0.00,0.00,0.51,0.43,0.49,0.54,0.63
0.32,0.50,0.25,0 to 25 percentage,0.75,0.00,0.25,0.00,0.00,0.38,0.44,0.57,0.66,0.33
0.29,0.57,0.23,0 to 25 percentage,0.77,0.00,0.23,0.00,0.00,0.69,0.59,0.48,0.54,0.50
0.31,0.57,0.24,0 to 25 percentage,0.76,0.00,0.24,0.00,0.00,0.56,0.50,0.58,0.67,0.44
0.48,0.63,0.30,26 to 50 percentage,0.70,0.00,0.30,0.00,0.00,0.69,0.67,0.59,0.62,0.40
0.37,0.54,0.25,0 to 25 percentage,0.75,0.00,0.25,0.00,0.00,0.55,0.46,0.58,0.56,0.50
0.39,0.53,0.29,26 to 50 percentage,0.71,0.00,0.29,0.00,0.00,0.46,0.47,0.55,0.61,0.50
0.41,0.58,0.33,26 to 50 percentage,0.67,0.00,0.33,0.00,0.00,0.61,0.48,0.62,0.61,0.50
0.15,0.58,0.11,0 to 25 percentage,0.89,0.00,0.11,0.00,0.00,0.64,0.54,0.55,0.59,0.56
0.16,0.60,0.10,0 to 25 percentage,0.90,0.00,0.10,0.00,0.00,0.62,0.63,0.48,0.59,0.56
0.16,0.57,0.13,0 to 25 percentage,0.87,0.00,0.13,0.00,0.00,0.42,0.60,0.70,0.60,0.64
0.15,0.58,0.11,0 to 25 percentage,0.89,0.00,0.11,0.00,0.00,0.56,0.57,0.65,0.63,0.55
0.16,0.54,0.14,0 to 25 percentage,0.86,0.00,0.14,0.00,0.00,0.51,0.58,0.43,0.52,0.58
0.14,0.53,0.10,0 to 25 percentage,0.90,0.00,0.10,0.00,0.00,0.57,0.53,0.48,0.50,0.43
0.18,0.58,0.13,0 to 25 percentage,0.87,0.00,0.13,0.00,0.00,0.57,0.57,0.51,0.60,0.59
0.12,0.47,0.10,0 to 25 percentage,0.90,0.00,0.10,0.00,0.00,0.41,0.41,0.58,0.54,0.58
0.11,0.40,0.09,0 to 25 percentage,0.91,0.00,0.09,0.00,0.00,0.47,0.36,0.33,0.41,0.48
0.11,0.46,0.09,0 to 25 percentage,0.91,0.00,0.09,0.00,0.00,0.46,0.44,0.36,0.58,0.29
0.14,0.49,0.11,0 to 25 percentage,0.88,0.00,0.11,0.00,0.01,0.44,0.48,0.62,0.53,0.48
0.14,0.42,0.11,0 to 25 percentage,0.89,0.00,0.11,0.00,0.00,0.42,0.43,0.45,0.41,0.36
0.23,0.50,0.19,0 to 25 percentage,0.80,0.00,0.19,0.00,0.00,0.51,0.50,0.49,0.50,0.49
0.22,0.56,0.18,0 to 25 percentage,0.82,0.00,0.18,0.00,0.00,0.48,0.52,0.64,0.61,0.65
0.14,0.57,0.13,0 to 25 percentage,0.87,0.00,0.13,0.00,0.00,0.47,0.53,0.63,0.65,0.61
0.25,0.54,0.25,26 to 50 percentage,0.75,0.00,0.25,0.00,0.00,0.48,0.56,0.56,0.55,0.53
0.18,0.54,0.18,0 to 25 percentage,0.82,0.00,0.18,0.00,0.00,0.49,0.52,0.53,0.56,0.68
0.21,0.51,0.21,0 to 25 percentage,0.79,0.00,0.21,0.00,0.00,0.54,0.49,0.57,0.47,0.51
0.25,0.55,0.23,0 to 25 percentage,0.77,0.00,0.23,0.00,0.00,0.55,0.51,0.60,0.57,0.58
0.20,0.52,0.18,0 to 25 percentage,0.82,0.00,0.18,0.00,0.00,0.65,0.47,0.58,0.50,0.39
0.21,0.51,0.21,0 to 25 percentage,0.79,0.00,0.21,0.00,0.00,0.39,0.52,0.63,0.51,0.50
0.26,0.50,0.25,26 to 50 percentage,0.75,0.00,0.25,0.00,0.00,0.40,0.45,0.45,0.62,0.60
0.17,0.47,0.16,0 to 25 percentage,0.84,0.00,0.16,0.00,0.00,0.42,0.40,0.53,0.52,0.57
0.23,0.44,0.24,0 to 25 percentage,0.76,0.00,0.24,0.00,0.00,0.40,0.46,0.39,0.40,0.60
0.63,0.69,0.63,51 to 75 percentage,0.37,0.00,0.63,0.00,0.00,0.65,0.63,0.80,0.73,0.78
0.67,0.69,0.62,51 to 75 percentage,0.38,0.00,0.62,0.00,0.00,0.71,0.74,0.64,0.71,0.59
0.65,0.64,0.57,51 to 75 percentage,0.43,0.00,0.57,0.00,0.00,0.65,0.50,0.80,0.67,0.80
0.58,0.68,0.60,51 to 75 percentage,0.39,0.00,0.60,0.00,0.00,0.67,0.69,0.63,0.68,0.69
0.58,0.68,0.52,51 to 75 percentage,0.47,0.00,0.52,0.00,0.00,0.56,0.69,0.71,0.69,0.71
0.58,0.74,0.55,51 to 75 percentage,0.45,0.00,0.55,0.00,0.00,0.68,0.77,0.78,0.70,0.80
0.61,0.72,0.59,51 to 75 percentage,0.40,0.00,0.59,0.00,0.01,0.88,0.68,0.65,0.76,0.57
0.58,0.55,0.51,51 to 75 percentage,0.49,0.00,0.51,0.00,0.00,0.36,0.57,0.68,0.47,0.62
0.55,0.61,0.49,26 to 50 percentage,0.51,0.00,0.49,0.00,0.00,0.53,0.66,0.48,0.67,0.44
0.66,0.71,0.56,51 to 75 percentage,0.43,0.00,0.56,0.00,0.01,0.71,0.65,0.85,0.77,0.56
0.55,0.52,0.51,51 to 75 percentage,0.49,0.00,0.51,0.00,0.00,0.44,0.68,0.55,0.36,0.70
0.72,0.54,0.69,51 to 75 percentage,0.31,0.00,0.69,0.00,0.00,0.60,0.52,0.38,0.58,0.67
0.55,0.50,0.54,51 to 75 percentage,0.46,0.00,0.54,0.00,0.00,0.43,0.64,0.36,0.54,1.00
0.45,0.58,0.46,26 to 50 percentage,0.54,0.00,0.46,0.00,0.00,0.63,0.52,0.58,0.62,0.33
0.35,0.55,0.37,26 to 50 percentage,0.63,0.00,0.37,0.00,0.00,0.46,0.64,0.69,0.50,0.00
0.45,0.52,0.46,26 to 50 percentage,0.54,0.00,0.46,0.00,0.00,0.51,0.68,0.33,0.50,0.50
0.41,0.53,0.34,26 to 50 percentage,0.66,0.00,0.34,0.00,0.00,0.45,0.67,0.50,0.50,0.00
0.48,0.50,0.35,26 to 50 percentage,0.65,0.00,0.35,0.00,0.00,0.44,0.53,0.40,0.86,0.00
0.32,0.60,0.10,0 to 25 percentage,0.90,0.00,0.10,0.00,0.00,0.58,0.63,0.00,0.00,0.00
0.33,0.51,0.23,0 to 25 percentage,0.77,0.00,0.23,0.00,0.00,0.58,0.44,0.00,0.00,0.00
0.45,0.68,0.16,0 to 25 percentage,0.84,0.00,0.16,0.00,0.00,0.62,0.74,0.00,0.00,0.00
0.42,0.52,0.23,0 to 25 percentage,0.77,0.00,0.23,0.00,0.00,0.50,0.54,0.00,0.00,0.00
0.47,0.48,0.41,26 to 50 percentage,0.59,0.00,0.41,0.00,0.00,0.51,0.44,0.00,0.00,0.00
0.37,0.37,0.27,26 to 50 percentage,0.73,0.00,0.27,0.00,0.00,0.42,0.29,0.00,0.00,0.00
0.22,0.59,0.17,0 to 25 percentage,0.82,0.00,0.17,0.00,0.00,0.57,0.52,0.68,0.68,0.49
0.26,0.58,0.22,0 to 25 percentage,0.78,0.00,0.22,0.00,0.00,0.63,0.45,0.61,0.72,0.54
0.24,0.63,0.18,0 to 25 percentage,0.82,0.00,0.18,0.00,0.00,0.69,0.61,0.60,0.61,0.66
0.21,0.54,0.18,0 to 25 percentage,0.82,0.00,0.18,0.00,0.00,0.42,0.51,0.57,0.63,0.59
0.21,0.50,0.19,0 to 25 percentage,0.81,0.00,0.19,0.00,0.00,0.53,0.46,0.50,0.52,0.48
0.24,0.57,0.18,0 to 25 percentage,0.82,0.00,0.18,0.00,0.00,0.49,0.60,0.67,0.63,0.41
0.24,0.56,0.22,0 to 25 percentage,0.78,0.00,0.22,0.00,0.00,0.47,0.60,0.56,0.54,0.62
0.17,0.63,0.15,0 to 25 percentage,0.85,0.00,0.15,0.00,0.00,0.64,0.61,0.68,0.68,0.56
0.18,0.56,0.13,0 to 25 percentage,0.87,0.00,0.13,0.00,0.00,0.52,0.53,0.55,0.63,0.54
0.10,0.42,0.08,0 to 25 percentage,0.92,0.00,0.08,0.00,0.00,0.56,0.41,0.43,0.37,0.31
0.19,0.54,0.15,0 to 25 percentage,0.85,0.00,0.15,0.00,0.00,0.51,0.58,0.53,0.51,0.52
0.16,0.50,0.13,0 to 25 percentage,0.87,0.00,0.13,0.00,0.00,0.49,0.46,0.57,0.46,0.63
0.21,0.58,0.18,0 to 25 percentage,0.82,0.00,0.18,0.00,0.00,0.53,0.52,0.61,0.69,0.49
0.15,0.53,0.13,0 to 25 percentage,0.86,0.00,0.13,0.00,0.00,0.45,0.53,0.66,0.49,0.64
0.18,0.59,0.17,0 to 25 percentage,0.82,0.00,0.17,0.00,0.01,0.67,0.55,0.69,0.56,0.46
0.17,0.46,0.16,0 to 25 percentage,0.83,0.00,0.16,0.00,0.00,0.44,0.43,0.61,0.49,0.39
0.18,0.52,0.17,0 to 25 percentage,0.83,0.00,0.17,0.00,0.00,0.54,0.53,0.48,0.51,0.48
0.16,0.44,0.15,0 to 25 percentage,0.85,0.00,0.15,0.00,0.01,0.37,0.39,0.53,0.50,0.39
0.12,0.49,0.11,0 to 25 percentage,0.89,0.00,0.11,0.00,0.00,0.48,0.48,0.47,0.52,0.48
0.10,0.41,0.10,0 to 25 percentage,0.90,0.00,0.10,0.00,0.00,0.42,0.41,0.46,0.41,0.29
0.11,0.39,0.11,0 to 25 percentage,0.89,0.00,0.11,0.00,0.00,0.49,0.34,0.34,0.44,0.21
0.16,0.44,0.15,0 to 25 percentage,0.85,0.00,0.15,0.00,0.00,0.44,0.35,0.45,0.51,0.37
0.12,0.41,0.11,0 to 25 percentage,0.89,0.00,0.11,0.00,0.00,0.37,0.36,0.52,0.51,0.36
0.15,0.34,0.16,0 to 25 percentage,0.84,0.00,0.16,0.00,0.00,0.35,0.36,0.24,0.33,0.52
0.16,0.59,0.13,0 to 25 percentage,0.87,0.00,0.13,0.00,0.00,0.56,0.53,0.64,0.66,0.58
0.18,0.58,0.14,0 to 25 percentage,0.86,0.00,0.14,0.00,0.00,0.60,0.52,0.61,0.64,0.50
0.23,0.59,0.17,0 to 25 percentage,0.83,0.00,0.17,0.00,0.00,0.59,0.58,0.62,0.62,0.48
0.16,0.57,0.10,0 to 25 percentage,0.90,0.00,0.10,0.00,0.00,0.55,0.52,0.65,0.63,0.55
0.17,0.52,0.12,0 to 25 percentage,0.88,0.00,0.12,0.00,0.00,0.47,0.48,0.63,0.56,0.48
0.21,0.59,0.14,0 to 25 percentage,0.86,0.00,0.14,0.00,0.00,0.58,0.57,0.58,0.59,0.72
0.15,0.60,0.11,0 to 25 percentage,0.89,0.00,0.11,0.00,0.00,0.65,0.56,0.58,0.61,0.61
0.17,0.64,0.14,0 to 25 percentage,0.86,0.00,0.14,0.00,0.00,0.57,0.63,0.73,0.67,0.63
0.17,0.52,0.14,0 to 25 percentage,0.86,0.00,0.14,0.00,0.00,0.54,0.49,0.63,0.54,0.38
0.13,0.47,0.11,0 to 25 percentage,0.89,0.00,0.11,0.00,0.00,0.44,0.50,0.39,0.56,0.27
0.15,0.45,0.13,0 to 25 percentage,0.87,0.00,0.13,0.00,0.00,0.47,0.46,0.42,0.45,0.41
0.14,0.51,0.12,0 to 25 percentage,0.88,0.00,0.12,0.00,0.00,0.49,0.45,0.53,0.59,0.46
0.73,0.45,0.61,51 to 75 percentage,0.39,0.00,0.61,0.00,0.00,0.36,0.56,0.33,0.50,0.00
0.64,0.58,0.51,51 to 75 percentage,0.49,0.00,0.51,0.00,0.00,0.55,0.69,0.67,0.50,0.17
0.54,0.54,0.44,26 to 50 percentage,0.56,0.00,0.44,0.00,0.00,0.55,0.55,0.40,0.50,0.50
0.18,0.66,0.15,0 to 25 percentage,0.85,0.00,0.15,0.00,0.00,0.62,0.70,0.67,0.66,0.65
0.16,0.67,0.12,0 to 25 percentage,0.88,0.00,0.12,0.00,0.00,0.75,0.68,0.62,0.61,0.66
0.11,0.64,0.03,0 to 25 percentage,0.97,0.00,0.03,0.00,0.00,0.63,0.59,0.63,0.69,0.74
0.08,0.72,0.03,0 to 25 percentage,0.97,0.00,0.03,0.00,0.00,0.53,0.76,0.74,0.78,0.78
0.06,0.71,0.02,0 to 25 percentage,0.98,0.00,0.02,0.00,0.00,0.70,0.73,0.81,0.65,0.75
0.04,0.74,0.01,0 to 25 percentage,0.98,0.00,0.01,0.00,0.00,0.67,0.66,0.78,0.82,0.80
0.78,0.64,0.77,76 to 100 percentage,0.19,0.00,0.77,0.00,0.04,0.76,0.63,0.50,0.63,0.50
0.76,0.70,0.49,26 to 50 percentage,0.51,0.00,0.49,0.00,0.00,0.80,0.63,0.78,0.64,0.80
0.85,0.48,0.85,76 to 100 percentage,0.13,0.00,0.85,0.00,0.01,0.50,0.50,0.38,0.59,0.00
0.81,0.54,0.76,76 to 100 percentage,0.22,0.00,0.76,0.00,0.02,0.67,0.47,0.58,0.46,0.65
0.69,0.70,0.53,51 to 75 percentage,0.45,0.00,0.53,0.00,0.02,0.81,0.65,0.75,0.64,0.71
0.55,0.66,0.38,26 to 50 percentage,0.61,0.00,0.38,0.00,0.02,0.83,0.66,0.83,0.66,0.45
0.64,0.67,0.51,51 to 75 percentage,0.45,0.00,0.51,0.00,0.04,0.71,0.75,0.69,0.58,0.59
0.70,0.53,0.58,51 to 75 percentage,0.41,0.00,0.58,0.00,0.01,0.45,0.46,0.56,0.59,0.57
0.75,0.62,0.78,76 to 100 percentage,0.22,0.00,0.78,0.00,0.00,0.25,0.55,0.69,0.83,0.60
0.84,0.67,0.84,76 to 100 percentage,0.13,0.00,0.84,0.00,0.02,0.00,0.71,0.73,0.68,0.60
0.80,0.63,0.73,51 to 75 percentage,0.26,0.00,0.73,0.00,0.01,0.60,0.58,0.45,0.74,0.65
0.86,0.68,0.90,76 to 100 percentage,0.08,0.00,0.90,0.00,0.02,1.00,0.65,0.75,0.71,0.65
0.73,0.49,0.71,51 to 75 percentage,0.29,0.00,0.71,0.00,0.00,0.00,0.00,0.39,0.53,0.63
0.62,0.55,0.37,26 to 50 percentage,0.63,0.00,0.37,0.00,0.00,0.00,0.00,0.48,0.63,0.33
0.46,0.52,0.22,0 to 25 percentage,0.78,0.00,0.22,0.00,0.00,0.00,0.00,0.42,0.69,0.13
0.35,0.59,0.33,26 to 50 percentage,0.67,0.00,0.33,0.00,0.00,0.60,0.63,0.43,0.67,0.31
0.28,0.56,0.25,26 to 50 percentage,0.75,0.00,0.25,0.00,0.00,0.43,0.51,0.52,0.72,0.80
0.36,0.52,0.23,0 to 25 percentage,0.77,0.00,0.23,0.00,0.00,0.47,0.46,0.54,0.66,0.50
0.39,0.55,0.31,26 to 50 percentage,0.68,0.00,0.31,0.00,0.01,0.54,0.52,0.54,0.62,0.47
0.48,0.46,0.28,26 to 50 percentage,0.72,0.00,0.28,0.00,0.01,0.45,0.44,0.49,0.51,0.43
0.38,0.54,0.28,26 to 50 percentage,0.70,0.00,0.28,0.00,0.01,0.50,0.50,0.46,0.61,0.64
0.34,0.55,0.29,26 to 50 percentage,0.71,0.00,0.29,0.00,0.00,0.49,0.56,0.60,0.57,0.48
0.29,0.52,0.28,26 to 50 percentage,0.71,0.00,0.28,0.00,0.00,0.50,0.49,0.55,0.60,0.44
0.35,0.57,0.29,26 to 50 percentage,0.71,0.00,0.29,0.00,0.00,0.46,0.62,0.54,0.64,0.48
0.21,0.55,0.17,0 to 25 percentage,0.83,0.00,0.17,0.00,0.00,0.68,0.55,0.38,0.61,0.59
0.29,0.52,0.24,0 to 25 percentage,0.75,0.00,0.24,0.00,0.00,0.78,0.55,0.43,0.60,0.35
0.22,0.52,0.17,0 to 25 percentage,0.83,0.00,0.17,0.00,0.00,0.85,0.51,0.48,0.55,0.47
0.70,0.67,0.70,51 to 75 percentage,0.30,0.00,0.70,0.00,0.00,0.43,0.92,0.00,0.00,0.00
0.49,0.53,0.51,51 to 75 percentage,0.47,0.01,0.51,0.00,0.00,0.47,0.60,0.33,0.00,0.00
0.41,0.57,0.40,26 to 50 percentage,0.60,0.00,0.40,0.00,0.00,0.64,0.59,0.00,0.00,0.00
0.60,0.55,0.58,51 to 75 percentage,0.32,0.10,0.58,0.00,0.00,0.52,0.59,0.55,0.00,0.00
0.35,0.56,0.30,26 to 50 percentage,0.67,0.04,0.30,0.00,0.00,0.47,0.62,0.50,0.00,0.00
0.38,0.37,0.34,26 to 50 percentage,0.66,0.00,0.34,0.00,0.00,0.44,0.44,0.25,0.00,0.00
0.16,0.57,0.11,0 to 25 percentage,0.89,0.00,0.11,0.00,0.00,0.48,0.53,0.78,0.62,0.61
0.17,0.55,0.15,0 to 25 percentage,0.85,0.00,0.15,0.00,0.00,0.62,0.53,0.71,0.54,0.38
0.15,0.59,0.14,0 to 25 percentage,0.86,0.00,0.14,0.00,0.00,0.54,0.58,0.79,0.61,0.54
0.13,0.46,0.12,0 to 25 percentage,0.88,0.00,0.12,0.00,0.00,0.43,0.50,0.38,0.46,0.41
0.10,0.53,0.09,0 to 25 percentage,0.91,0.00,0.09,0.00,0.00,0.63,0.54,0.52,0.48,0.47
0.07,0.52,0.05,0 to 25 percentage,0.95,0.00,0.05,0.00,0.00,0.50,0.50,0.65,0.56,0.42
0.10,0.56,0.07,0 to 25 percentage,0.93,0.00,0.07,0.00,0.00,0.63,0.50,0.60,0.62,0.39
0.15,0.56,0.14,0 to 25 percentage,0.86,0.00,0.14,0.00,0.00,0.55,0.58,0.46,0.59,0.50
0.15,0.51,0.13,0 to 25 percentage,0.87,0.00,0.13,0.00,0.00,0.46,0.48,0.69,0.59,0.45
0.17,0.54,0.16,0 to 25 percentage,0.84,0.00,0.16,0.00,0.00,0.63,0.49,0.69,0.53,0.46
0.13,0.54,0.12,0 to 25 percentage,0.88,0.00,0.12,0.00,0.00,0.46,0.55,0.63,0.58,0.56
0.12,0.55,0.12,0 to 25 percentage,0.88,0.00,0.12,0.00,0.00,0.49,0.55,0.52,0.67,0.49
0.90,0.38,0.10,0 to 25 percentage,0.90,0.00,0.10,0.00,0.00,0.37,0.35,0.48,0.42,0.29
0.70,0.53,0.23,0 to 25 percentage,0.77,0.00,0.23,0.00,0.00,0.58,0.52,0.65,0.49,0.48
0.53,0.50,0.28,26 to 50 percentage,0.72,0.00,0.28,0.00,0.00,0.45,0.45,0.55,0.57,0.55
0.54,0.40,0.28,26 to 50 percentage,0.71,0.00,0.28,0.00,0.00,0.34,0.42,0.48,0.40,0.38
0.61,0.49,0.63,51 to 75 percentage,0.37,0.00,0.63,0.00,0.00,0.38,0.51,0.68,0.50,0.47
0.41,0.51,0.42,26 to 50 percentage,0.58,0.00,0.42,0.00,0.00,0.60,0.38,0.69,0.62,0.30
0.32,0.46,0.32,26 to 50 percentage,0.68,0.00,0.32,0.00,0.00,0.46,0.47,0.48,0.45,0.44
0.14,0.59,0.13,0 to 25 percentage,0.85,0.00,0.13,0.00,0.02,0.50,0.62,0.64,0.59,0.56
0.10,0.50,0.09,0 to 25 percentage,0.88,0.00,0.09,0.00,0.04,0.51,0.53,0.48,0.45,0.47
0.10,0.54,0.09,0 to 25 percentage,0.90,0.00,0.09,0.00,0.01,0.52,0.51,0.50,0.59,0.62
0.13,0.56,0.11,0 to 25 percentage,0.88,0.00,0.11,0.00,0.01,0.56,0.59,0.60,0.57,0.34
0.08,0.54,0.06,0 to 25 percentage,0.94,0.00,0.06,0.00,0.01,0.55,0.53,0.57,0.58,0.43
0.16,0.61,0.15,0 to 25 percentage,0.85,0.00,0.15,0.00,0.01,0.62,0.59,0.73,0.69,0.41
0.06,0.49,0.05,0 to 25 percentage,0.94,0.00,0.05,0.00,0.01,0.46,0.52,0.51,0.51,0.37
0.14,0.58,0.11,0 to 25 percentage,0.89,0.00,0.11,0.00,0.00,0.67,0.65,0.51,0.45,0.60
0.14,0.63,0.12,0 to 25 percentage,0.88,0.00,0.12,0.00,0.00,0.67,0.61,0.51,0.68,0.67
0.14,0.51,0.13,0 to 25 percentage,0.85,0.00,0.13,0.00,0.01,0.51,0.56,0.43,0.52,0.45
0.11,0.49,0.11,0 to 25 percentage,0.88,0.00,0.11,0.00,0.01,0.53,0.39,0.54,0.56,0.55
0.10,0.39,0.10,0 to 25 percentage,0.85,0.00,0.10,0.00,0.05,0.38,0.38,0.31,0.50,0.26
0.14,0.53,0.00,0 to 25 percentage,0.01,0.97,0.00,0.02,0.00,0.52,0.53,0.51,0.60,0.40
0.17,0.60,0.00,0 to 25 percentage,0.02,0.90,0.00,0.07,0.00,0.72,0.55,0.52,0.60,0.69
0.23,0.64,0.00,0 to 25 percentage,0.00,0.88,0.00,0.12,0.00,0.68,0.67,0.59,0.65,0.58
0.15,0.63,0.00,0 to 25 percentage,0.01,0.93,0.00,0.06,0.00,0.50,0.68,0.60,0.74,0.30
0.14,0.67,0.00,0 to 25 percentage,0.02,0.94,0.00,0.04,0.00,0.57,0.54,0.78,0.78,0.73
0.14,0.58,0.00,0 to 25 percentage,0.19,0.77,0.00,0.04,0.00,0.57,0.64,0.58,0.54,0.56
0.18,0.58,0.00,0 to 25 percentage,0.19,0.80,0.00,0.01,0.00,0.55,0.54,0.59,0.67,0.50
0.21,0.53,0.00,0 to 25 percentage,0.24,0.74,0.00,0.02,0.00,0.52,0.47,0.49,0.60,0.58
0.19,0.51,0.00,0 to 25 percentage,0.15,0.83,0.00,0.03,0.00,0.52,0.45,0.39,0.64,0.42
0.11,0.50,0.00,0 to 25 percentage,0.27,0.71,0.00,0.01,0.00,0.57,0.49,0.33,0.56,0.56
0.15,0.47,0.02,0 to 25 percentage,0.52,0.44,0.02,0.02,0.00,0.40,0.58,0.32,0.57,0.33
0.15,0.50,0.05,0 to 25 percentage,0.95,0.00,0.05,0.00,0.00,0.60,0.39,0.46,0.57,0.46
0.53,0.59,0.53,51 to 75 percentage,0.47,0.00,0.53,0.00,0.00,0.57,0.67,0.47,0.65,0.25
0.44,0.55,0.44,26 to 50 percentage,0.56,0.00,0.44,0.00,0.00,0.54,0.47,0.54,0.60,1.00
0.43,0.52,0.41,26 to 50 percentage,0.59,0.00,0.41,0.00,0.00,0.64,0.52,0.40,0.40,0.00
0.27,0.55,0.27,26 to 50 percentage,0.73,0.00,0.27,0.00,0.00,0.58,0.67,0.50,0.38,0.00
0.45,0.49,0.38,26 to 50 percentage,0.62,0.00,0.38,0.00,0.00,0.40,0.57,0.50,0.73,0.00
0.43,0.43,0.32,26 to 50 percentage,0.68,0.00,0.32,0.00,0.00,0.34,0.56,0.50,0.60,0.00
0.37,0.62,0.22,0 to 25 percentage,0.78,0.00,0.22,0.00,0.00,0.61,0.63,0.00,0.00,0.00
0.45,0.65,0.20,0 to 25 percentage,0.80,0.00,0.20,0.00,0.00,0.57,0.78,0.00,0.00,0.00
0.35,0.65,0.08,0 to 25 percentage,0.92,0.00,0.08,0.00,0.00,0.60,0.71,0.00,0.00,0.00
0.38,0.62,0.25,0 to 25 percentage,0.75,0.00,0.25,0.00,0.00,0.67,0.64,0.50,0.17,0.00
0.45,0.53,0.24,0 to 25 percentage,0.76,0.00,0.24,0.00,0.00,0.44,0.63,0.40,0.75,0.00
0.37,0.51,0.26,26 to 50 percentage,0.74,0.00,0.26,0.00,0.00,0.49,0.50,1.00,0.00,0.00
0.22,0.56,0.16,0 to 25 percentage,0.84,0.00,0.16,0.00,0.00,0.42,0.52,0.60,0.62,0.46
0.20,0.50,0.16,0 to 25 percentage,0.84,0.00,0.16,0.00,0.00,0.34,0.41,0.38,0.69,0.50
0.25,0.51,0.20,0 to 25 percentage,0.80,0.00,0.20,0.00,0.00,0.40,0.40,0.54,0.62,0.46
0.26,0.52,0.20,0 to 25 percentage,0.80,0.00,0.20,0.00,0.00,0.39,0.47,0.47,0.62,0.51
0.27,0.48,0.16,0 to 25 percentage,0.84,0.00,0.16,0.00,0.00,0.31,0.31,0.51,0.60,0.59
0.22,0.50,0.12,0 to 25 percentage,0.88,0.00,0.12,0.00,0.00,0.35,0.41,0.51,0.56,0.60
0.20,0.44,0.12,0 to 25 percentage,0.88,0.00,0.12,0.00,0.00,0.25,0.37,0.43,0.56,0.40
0.19,0.49,0.14,0 to 25 percentage,0.86,0.00,0.14,0.00,0.00,0.34,0.31,0.56,0.58,0.61
0.25,0.45,0.19,0 to 25 percentage,0.81,0.00,0.19,0.00,0.00,0.26,0.32,0.40,0.66,0.52
0.25,0.49,0.18,0 to 25 percentage,0.82,0.00,0.18,0.00,0.00,0.43,0.32,0.47,0.61,0.69
0.23,0.52,0.16,0 to 25 percentage,0.84,0.00,0.16,0.00,0.00,0.43,0.32,0.49,0.64,0.58
0.20,0.54,0.13,0 to 25 percentage,0.87,0.00,0.13,0.00,0.00,0.45,0.45,0.65,0.65,0.36
0.21,0.56,0.17,0 to 25 percentage,0.82,0.00,0.17,0.00,0.00,0.54,0.53,0.63,0.59,0.00
0.21,0.58,0.20,0 to 25 percentage,0.79,0.00,0.20,0.00,0.00,0.54,0.60,0.54,0.59,0.00
0.17,0.53,0.17,0 to 25 percentage,0.82,0.00,0.17,0.00,0.00,0.49,0.54,0.60,0.50,0.00
0.15,0.53,0.13,0 to 25 percentage,0.87,0.00,0.13,0.00,0.00,0.56,0.55,0.47,0.53,0.00
0.17,0.61,0.17,0 to 25 percentage,0.83,0.00,0.17,0.00,0.00,0.56,0.63,0.60,0.62,0.00
0.15,0.51,0.14,0 to 25 percentage,0.86,0.00,0.14,0.00,0.00,0.51,0.52,0.44,0.53,0.00
0.20,0.55,0.18,0 to 25 percentage,0.82,0.00,0.18,0.00,0.00,0.44,0.56,0.48,0.64,0.00
0.19,0.48,0.17,0 to 25 percentage,0.83,0.00,0.17,0.00,0.00,0.45,0.50,0.45,0.48,0.00
0.16,0.47,0.16,0 to 25 percentage,0.84,0.00,0.16,0.00,0.00,0.39,0.43,0.55,0.52,0.00
0.16,0.44,0.16,0 to 25 percentage,0.84,0.00,0.16,0.00,0.00,0.36,0.47,0.45,0.44,0.00
0.13,0.45,0.12,0 to 25 percentage,0.88,0.00,0.12,0.00,0.00,0.38,0.41,0.53,0.45,0.00
0.15,0.44,0.14,0 to 25 percentage,0.86,0.00,0.14,0.00,0.00,0.37,0.41,0.43,0.52,0.00
0.13,0.56,0.08,0 to 25 percentage,0.92,0.00,0.08,0.00,0.00,0.54,0.59,0.64,0.58,0.44
0.18,0.52,0.16,0 to 25 percentage,0.84,0.00,0.16,0.00,0.00,0.48,0.52,0.61,0.57,0.44
0.18,0.58,0.16,0 to 25 percentage,0.84,0.00,0.16,0.00,0.00,0.61,0.54,0.78,0.58,0.58
0.19,0.60,0.17,0 to 25 percentage,0.83,0.00,0.17,0.00,0.00,0.59,0.58,0.64,0.61,0.61
0.17,0.53,0.14,0 to 25 percentage,0.86,0.00,0.14,0.00,0.00,0.56,0.49,0.59,0.50,0.64
0.22,0.62,0.19,0 to 25 percentage,0.81,0.00,0.19,0.00,0.00,0.67,0.54,0.73,0.61,0.64
0.19,0.58,0.17,0 to 25 percentage,0.83,0.00,0.17,0.00,0.00,0.58,0.54,0.66,0.56,0.63
0.13,0.53,0.11,0 to 25 percentage,0.89,0.00,0.11,0.00,0.00,0.49,0.51,0.68,0.58,0.43
0.18,0.59,0.15,0 to 25 percentage,0.85,0.00,0.15,0.00,0.00,0.62,0.54,0.64,0.61,0.54
0.16,0.50,0.15,0 to 25 percentage,0.85,0.00,0.15,0.00,0.00,0.48,0.43,0.70,0.50,0.63
0.18,0.52,0.15,0 to 25 percentage,0.85,0.00,0.15,0.00,0.00,0.58,0.48,0.54,0.57,0.43
0.14,0.55,0.13,0 to 25 percentage,0.87,0.00,0.13,0.00,0.00,0.57,0.57,0.59,0.49,0.58
0.26,0.45,0.25,0 to 25 percentage,0.75,0.00,0.25,0.00,0.00,0.48,0.45,0.37,0.50,0.45
0.18,0.47,0.15,0 to 25 percentage,0.85,0.00,0.15,0.00,0.00,0.57,0.47,0.40,0.49,0.47
0.16,0.49,0.12,0 to 25 percentage,0.88,0.00,0.12,0.00,0.00,0.53,0.50,0.47,0.49,0.40
0.27,0.62,0.21,0 to 25 percentage,0.79,0.00,0.21,0.00,0.00,0.61,0.65,0.56,0.66,0.71
0.26,0.61,0.21,0 to 25 percentage,0.79,0.00,0.21,0.00,0.00,0.69,0.64,0.54,0.63,0.53
0.22,0.51,0.17,0 to 25 percentage,0.83,0.00,0.17,0.00,0.00,0.56,0.51,0.45,0.55,0.42
0.32,0.54,0.21,0 to 25 percentage,0.79,0.00,0.21,0.00,0.00,0.56,0.57,0.50,0.57,0.42
0.24,0.44,0.17,0 to 25 percentage,0.83,0.00,0.17,0.00,0.00,0.39,0.48,0.45,0.42,0.38
0.30,0.51,0.23,0 to 25 percentage,0.77,0.00,0.23,0.00,0.00,0.54,0.51,0.45,0.52,0.66
0.27,0.50,0.20,0 to 25 percentage,0.80,0.00,0.20,0.00,0.00,0.29,0.53,0.53,0.54,0.47
0.25,0.49,0.17,0 to 25 percentage,0.83,0.00,0.17,0.00,0.00,0.22,0.43,0.51,0.58,0.45
0.21,0.58,0.10,0 to 25 percentage,0.90,0.00,0.10,0.00,0.00,0.56,0.60,0.55,0.61,0.52
0.34,0.38,0.68,51 to 75 percentage,0.68,0.00,0.31,0.00,0.00,0.48,0.34,0.37,0.44,0.36
0.20,0.41,0.81,76 to 100 percentage,0.81,0.00,0.19,0.01,0.00,0.45,0.52,0.29,0.47,0.29
0.16,0.55,0.86,76 to 100 percentage,0.86,0.00,0.14,0.00,0.00,0.59,0.66,0.55,0.52,0.36
0.13,0.67,0.89,76 to 100 percentage,0.89,0.00,0.11,0.00,0.00,0.71,0.68,0.71,0.41,0.79
0.16,0.55,0.86,76 to 100 percentage,0.86,0.00,0.14,0.00,0.00,0.58,0.57,0.48,0.48,0.56
0.29,0.53,0.72,51 to 75 percentage,0.72,0.00,0.27,0.00,0.01,0.58,0.49,0.78,0.44,0.48
0.25,0.66,0.75,76 to 100 percentage,0.75,0.00,0.25,0.00,0.00,0.73,0.64,0.57,0.65,0.67
0.28,0.64,0.73,51 to 75 percentage,0.73,0.00,0.27,0.00,0.00,0.68,0.70,0.71,0.50,0.40
0.22,0.62,0.78,76 to 100 percentage,0.78,0.00,0.22,0.00,0.00,0.80,0.83,0.38,0.53,0.67
0.26,0.68,0.68,51 to 75 percentage,0.68,0.00,0.32,0.00,0.00,0.73,0.71,0.50,0.45,0.64
0.43,1.00,0.71,51 to 75 percentage,0.71,0.00,0.29,0.00,0.00,1.00,1.00,1.00,0.52,1.00
0.30,0.45,0.77,76 to 100 percentage,0.77,0.00,0.23,0.00,0.00,0.54,0.44,0.35,0.33,0.38
0.38,0.40,0.64,51 to 75 percentage,0.64,0.00,0.36,0.00,0.00,0.55,0.33,0.45,0.20,0.20
0.45,0.30,0.57,51 to 75 percentage,0.57,0.00,0.43,0.00,0.00,0.35,0.26,0.41,0.40,0.33
0.35,0.39,0.69,51 to 75 percentage,0.69,0.00,0.31,0.00,0.00,0.47,0.47,0.36,0.50,0.33
0.31,0.41,0.74,51 to 75 percentage,0.74,0.00,0.26,0.00,0.00,0.45,0.49,0.41,0.43,0.25
0.27,0.55,0.74,51 to 75 percentage,0.74,0.00,0.26,0.00,0.00,0.48,0.54,0.67,0.45,0.67
0.39,0.55,0.63,51 to 75 percentage,0.63,0.00,0.37,0.00,0.00,0.57,0.52,0.33,0.67,0.50
0.36,0.50,0.67,51 to 75 percentage,0.67,0.00,0.33,0.00,0.00,0.48,0.50,0.39,0.67,0.75
0.38,0.59,0.86,76 to 100 percentage,0.86,0.00,0.14,0.00,0.00,0.55,0.57,0.56,0.50,1.00
0.36,0.59,0.89,76 to 100 percentage,0.89,0.00,0.11,0.00,0.00,0.64,0.56,0.43,0.56,0.88
0.37,0.76,0.74,51 to 75 percentage,0.74,0.00,0.26,0.00,0.00,0.67,1.00,0.80,0.45,0.00
0.27,0.51,0.72,51 to 75 percentage,0.72,0.00,0.28,0.00,0.00,0.42,0.55,0.53,0.39,0.55
0.27,0.52,0.74,51 to 75 percentage,0.74,0.00,0.26,0.00,0.00,0.53,0.48,0.47,0.22,0.54
0.29,0.40,0.73,51 to 75 percentage,0.73,0.00,0.27,0.00,0.00,0.45,0.39,0.44,0.44,0.28
0.24,0.51,0.78,76 to 100 percentage,0.78,0.00,0.22,0.00,0.00,0.40,0.61,0.53,0.43,0.25
0.23,0.55,0.79,76 to 100 percentage,0.79,0.00,0.21,0.00,0.00,0.50,0.49,0.65,0.42,0.83
0.34,0.55,0.69,51 to 75 percentage,0.69,0.00,0.31,0.00,0.00,0.48,0.55,0.64,0.70,0.45
0.33,0.62,0.68,51 to 75 percentage,0.68,0.00,0.32,0.00,0.00,0.59,0.60,0.67,0.43,0.59
0.31,0.57,0.71,51 to 75 percentage,0.71,0.00,0.29,0.00,0.00,0.64,0.46,0.66,0.50,0.47
0.27,0.58,0.75,51 to 75 percentage,0.75,0.00,0.25,0.00,0.00,0.56,0.57,0.61,0.67,0.53
0.35,0.66,0.65,51 to 75 percentage,0.65,0.00,0.35,0.00,0.00,0.59,0.69,0.67,0.71,0.67
0.42,0.62,0.58,51 to 75 percentage,0.58,0.00,0.42,0.00,0.00,0.40,0.70,0.60,0.70,0.00
0.17,0.50,0.85,76 to 100 percentage,0.85,0.00,0.15,0.00,0.00,1.00,0.46,0.68,0.41,0.45
0.20,0.40,0.85,76 to 100 percentage,0.85,0.00,0.15,0.00,0.00,0.71,0.36,0.43,0.50,0.30
0.27,0.32,0.80,76 to 100 percentage,0.80,0.00,0.20,0.00,0.00,0.31,0.32,0.22,0.42,0.50
0.15,0.47,0.90,76 to 100 percentage,0.90,0.00,0.10,0.00,0.00,0.53,0.47,0.54,0.36,0.47
0.23,0.52,0.85,76 to 100 percentage,0.85,0.00,0.15,0.00,0.00,0.47,0.53,0.86,0.63,0.58
0.22,0.50,0.81,76 to 100 percentage,0.81,0.00,0.19,0.00,0.00,0.60,0.52,0.50,0.51,0.64
0.26,0.53,0.80,76 to 100 percentage,0.80,0.00,0.20,0.00,0.00,0.43,0.51,0.48,0.40,0.68
0.23,0.51,0.86,76 to 100 percentage,0.86,0.00,0.14,0.00,0.00,0.75,0.52,0.56,0.66,0.45
0.33,0.54,0.74,51 to 75 percentage,0.74,0.00,0.26,0.00,0.00,0.50,0.57,0.58,0.54,0.48
0.28,0.49,0.75,51 to 75 percentage,0.75,0.00,0.25,0.00,0.00,0.35,0.38,0.47,0.39,0.49
0.23,0.65,0.79,76 to 100 percentage,0.79,0.00,0.21,0.00,0.00,0.33,0.71,0.75,0.49,0.67
0.46,0.55,0.15,0 to 25 percentage,0.15,0.63,0.16,0.06,0.00,0.46,0.59,0.53,1.00,0.33
0.52,0.47,0.15,0 to 25 percentage,0.15,0.50,0.34,0.01,0.00,0.39,0.43,0.46,0.00,0.83
0.60,0.50,0.11,0 to 25 percentage,0.11,0.63,0.23,0.03,0.00,0.50,0.50,0.46,0.00,0.60
0.48,0.63,0.00,0 to 25 percentage,0.00,0.80,0.17,0.04,0.00,0.67,0.63,0.54,0.89,0.00
0.45,0.63,0.18,0 to 25 percentage,0.18,0.53,0.28,0.01,0.00,0.68,0.64,0.53,0.67,0.40
0.40,0.65,0.17,0 to 25 percentage,0.17,0.54,0.27,0.02,0.00,0.71,0.70,0.50,0.67,0.00
0.38,0.66,0.19,0 to 25 percentage,0.19,0.61,0.20,0.01,0.00,0.63,0.68,0.74,0.50,0.75
0.35,0.53,0.06,0 to 25 percentage,0.06,0.80,0.09,0.05,0.00,0.63,0.51,0.46,0.57,1.00
0.47,0.56,0.14,0 to 25 percentage,0.14,0.62,0.16,0.08,0.00,0.49,0.55,0.60,1.00,0.75
0.44,0.67,0.62,51 to 75 percentage,0.62,0.10,0.28,0.00,0.00,0.74,0.65,0.69,0.67,0.50
0.41,0.72,0.66,51 to 75 percentage,0.66,0.00,0.34,0.00,0.00,0.64,1.00,1.00,0.71,0.00
0.20,0.47,0.83,76 to 100 percentage,0.83,0.00,0.17,0.00,0.00,0.47,0.42,0.57,0.70,0.56
0.19,0.43,0.82,76 to 100 percentage,0.82,0.00,0.18,0.00,0.00,0.31,0.49,0.41,0.76,0.38
0.20,0.41,0.83,76 to 100 percentage,0.83,0.00,0.17,0.00,0.00,0.32,0.55,0.34,0.68,0.44
0.11,0.52,0.89,76 to 100 percentage,0.89,0.00,0.11,0.00,0.00,0.42,0.60,0.52,0.63,0.31
0.12,0.59,0.90,76 to 100 percentage,0.90,0.00,0.10,0.00,0.00,0.53,0.59,0.52,0.60,0.75
0.12,0.60,0.89,76 to 100 percentage,0.89,0.00,0.11,0.00,0.00,0.60,0.57,0.57,0.50,0.65
0.10,0.63,0.92,76 to 100 percentage,0.92,0.00,0.08,0.00,0.00,0.42,0.59,0.67,0.56,0.68
0.08,0.70,0.95,76 to 100 percentage,0.95,0.00,0.05,0.00,0.00,0.71,0.72,0.72,0.43,0.68
0.10,0.71,0.94,76 to 100 percentage,0.94,0.00,0.06,0.00,0.00,0.77,0.62,0.74,0.63,0.62
0.08,0.70,0.92,76 to 100 percentage,0.92,0.00,0.08,0.00,0.00,0.50,0.56,0.76,0.64,0.65
0.08,0.76,0.92,76 to 100 percentage,0.92,0.00,0.08,0.00,0.00,0.57,0.70,0.94,0.57,0.74
0.11,0.64,0.89,76 to 100 percentage,0.89,0.00,0.11,0.00,0.00,0.00,0.00,0.57,0.00,0.00
0.24,0.49,0.77,76 to 100 percentage,0.77,0.00,0.23,0.00,0.00,0.00,0.00,0.64,0.00,0.00
0.19,0.39,0.83,76 to 100 percentage,0.83,0.00,0.17,0.00,0.00,0.00,0.00,0.42,0.00,0.00
0.11,0.59,0.89,76 to 100 percentage,0.89,0.00,0.11,0.00,0.00,0.00,0.00,0.52,0.00,0.00
0.18,0.62,0.83,76 to 100 percentage,0.83,0.00,0.17,0.00,0.00,0.00,0.00,0.54,0.00,0.00
0.23,0.52,0.79,76 to 100 percentage,0.79,0.00,0.21,0.00,0.00,0.00,0.00,0.45,0.00,0.00
0.34,0.56,0.66,51 to 75 percentage,0.66,0.00,0.34,0.00,0.00,0.00,0.00,0.72,0.00,0.00
0.25,0.55,0.76,76 to 100 percentage,0.76,0.00,0.24,0.00,0.00,0.00,0.00,0.63,0.00,0.00
0.28,0.58,0.73,51 to 75 percentage,0.73,0.00,0.27,0.00,0.00,0.00,0.00,0.58,0.00,0.00
0.22,0.62,0.81,76 to 100 percentage,0.81,0.00,0.19,0.00,0.00,0.00,0.00,0.70,0.00,0.00
0.20,0.65,0.85,76 to 100 percentage,0.85,0.00,0.15,0.00,0.00,0.00,0.00,1.00,0.00,0.00
0.40,0.59,0.62,51 to 75 percentage,0.62,0.00,0.38,0.00,0.00,0.56,0.51,0.66,0.57,0.60
0.44,0.51,0.57,51 to 75 percentage,0.57,0.00,0.43,0.00,0.00,0.37,0.51,0.58,0.73,0.43
0.35,0.46,0.67,51 to 75 percentage,0.67,0.00,0.33,0.00,0.00,0.55,0.51,0.43,0.50,0.17
0.25,0.62,0.78,76 to 100 percentage,0.78,0.00,0.22,0.00,0.00,0.57,0.68,0.50,0.56,0.50
0.37,0.61,0.64,51 to 75 percentage,0.64,0.00,0.36,0.00,0.00,0.54,0.67,0.53,0.63,0.55
0.49,0.62,0.52,51 to 75 percentage,0.52,0.00,0.48,0.00,0.00,0.56,0.48,0.57,0.33,0.90
0.39,0.52,0.61,51 to 75 percentage,0.61,0.00,0.39,0.00,0.00,0.54,0.57,0.55,0.50,0.58
0.37,0.54,0.62,51 to 75 percentage,0.62,0.00,0.38,0.00,0.00,0.53,0.53,0.43,0.44,0.38
0.25,0.59,0.74,51 to 75 percentage,0.74,0.00,0.26,0.00,0.00,0.69,0.67,0.48,0.40,0.33
0.29,0.54,0.68,51 to 75 percentage,0.68,0.00,0.32,0.00,0.00,0.35,0.58,0.56,0.50,0.50
0.48,0.71,0.56,51 to 75 percentage,0.56,0.00,0.44,0.00,0.00,0.75,0.89,0.60,0.50,0.00
0.15,0.35,0.85,76 to 100 percentage,0.85,0.00,0.15,0.00,0.00,0.34,0.33,0.48,0.56,0.32
0.17,0.30,0.82,76 to 100 percentage,0.82,0.00,0.18,0.00,0.00,0.29,0.30,0.35,0.56,0.25
0.17,0.38,0.84,76 to 100 percentage,0.84,0.00,0.16,0.00,0.00,0.35,0.41,0.42,0.64,0.36
0.15,0.50,0.85,76 to 100 percentage,0.85,0.00,0.15,0.00,0.00,0.58,0.47,0.48,0.55,0.34
0.11,0.54,0.90,76 to 100 percentage,0.90,0.00,0.10,0.00,0.00,0.65,0.53,0.53,0.58,0.63
0.12,0.53,0.89,76 to 100 percentage,0.89,0.00,0.11,0.00,0.00,0.64,0.51,0.50,0.43,0.58
0.14,0.51,0.87,76 to 100 percentage,0.87,0.00,0.13,0.00,0.00,0.56,0.52,0.51,0.59,0.28
0.16,0.63,0.84,76 to 100 percentage,0.84,0.00,0.16,0.00,0.00,0.53,0.70,0.63,0.58,0.48
0.28,0.55,0.73,51 to 75 percentage,0.73,0.00,0.26,0.00,0.00,0.63,0.56,0.50,0.48,0.31
0.25,0.60,0.74,51 to 75 percentage,0.74,0.00,0.26,0.01,0.00,0.69,0.63,0.57,0.29,0.48
0.20,0.53,0.79,76 to 100 percentage,0.79,0.00,0.21,0.00,0.00,0.67,0.56,0.43,0.48,0.53
0.25,0.55,0.76,76 to 100 percentage,0.76,0.00,0.24,0.00,0.00,0.55,0.53,0.53,0.49,0.63
0.18,0.47,0.82,76 to 100 percentage,0.82,0.00,0.18,0.00,0.00,0.40,0.41,0.49,0.65,0.56
0.21,0.41,0.77,76 to 100 percentage,0.77,0.00,0.23,0.00,0.00,0.45,0.43,0.37,0.61,0.30
0.14,0.51,0.85,76 to 100 percentage,0.85,0.00,0.15,0.00,0.00,0.52,0.52,0.53,0.53,0.58
0.14,0.56,0.86,76 to 100 percentage,0.86,0.00,0.14,0.00,0.00,0.61,0.53,0.50,0.68,0.63
0.22,0.49,0.78,76 to 100 percentage,0.78,0.00,0.22,0.00,0.00,0.38,0.46,0.51,0.51,0.60
0.31,0.53,0.69,51 to 75 percentage,0.69,0.00,0.30,0.01,0.00,0.46,0.49,0.61,0.58,0.47
0.18,0.65,0.81,76 to 100 percentage,0.81,0.00,0.18,0.01,0.00,0.73,0.52,0.83,0.39,0.83
0.19,0.56,0.82,76 to 100 percentage,0.82,0.00,0.18,0.00,0.00,0.52,0.46,0.52,0.50,0.77
0.22,0.44,0.75,51 to 75 percentage,0.75,0.00,0.24,0.01,0.00,0.53,0.36,0.50,0.60,0.00
0.29,0.50,0.71,51 to 75 percentage,0.71,0.00,0.25,0.04,0.00,0.50,0.40,0.33,0.57,0.50
0.61,0.66,0.47,26 to 50 percentage,0.47,0.00,0.53,0.00,0.00,0.33,0.67,0.76,0.78,0.70
0.61,0.53,0.47,26 to 50 percentage,0.47,0.00,0.53,0.00,0.00,0.33,0.51,0.78,0.59,0.60
0.47,0.52,0.62,51 to 75 percentage,0.62,0.00,0.38,0.00,0.00,0.54,0.42,0.65,0.80,0.18
0.33,0.73,0.87,76 to 100 percentage,0.87,0.00,0.13,0.00,0.00,0.63,0.74,0.56,0.69,0.73
0.34,0.60,0.84,76 to 100 percentage,0.84,0.00,0.16,0.00,0.00,0.67,0.52,0.76,0.71,1.00
0.45,0.56,0.66,51 to 75 percentage,0.66,0.00,0.34,0.00,0.00,0.61,0.47,0.65,0.80,0.50
0.35,0.60,0.74,51 to 75 percentage,0.74,0.00,0.26,0.00,0.00,0.58,0.55,0.61,0.57,0.80
0.48,0.59,0.64,51 to 75 percentage,0.64,0.00,0.36,0.00,0.00,0.52,0.63,0.60,0.62,0.58
0.40,0.66,0.65,51 to 75 percentage,0.65,0.00,0.35,0.00,0.00,0.68,0.73,0.47,0.44,0.73
0.57,0.69,0.49,26 to 50 percentage,0.49,0.00,0.51,0.00,0.00,0.64,0.71,0.85,0.56,0.63
0.48,0.69,0.69,51 to 75 percentage,0.69,0.00,0.31,0.00,0.00,0.57,0.73,1.00,0.70,1.00
0.26,0.59,0.83,76 to 100 percentage,0.83,0.00,0.16,0.01,0.00,0.63,0.69,0.58,1.00,0.00
0.28,0.48,0.82,76 to 100 percentage,0.82,0.00,0.18,0.00,0.00,0.41,0.53,0.41,0.33,1.00
0.45,0.31,0.65,51 to 75 percentage,0.65,0.00,0.35,0.00,0.00,0.45,0.25,0.26,0.00,1.00
0.27,0.45,0.81,76 to 100 percentage,0.81,0.00,0.19,0.00,0.00,0.39,0.48,0.67,0.50,0.00
0.39,0.52,0.68,51 to 75 percentage,0.68,0.00,0.32,0.00,0.00,0.44,0.51,0.57,0.00,0.33
0.22,0.58,0.89,76 to 100 percentage,0.89,0.00,0.11,0.00,0.00,0.57,0.51,0.58,0.00,1.00
0.36,0.55,0.74,51 to 75 percentage,0.74,0.00,0.26,0.00,0.00,0.52,0.61,0.68,0.00,0.40
0.34,0.56,0.74,51 to 75 percentage,0.74,0.00,0.26,0.00,0.00,0.60,0.53,0.53,0.00,0.71
0.33,0.49,0.75,51 to 75 percentage,0.75,0.00,0.25,0.00,0.00,0.53,0.55,0.50,0.00,0.00
0.31,0.56,0.74,51 to 75 percentage,0.74,0.00,0.26,0.00,0.00,0.62,0.66,0.48,0.00,0.00
0.32,0.45,0.76,76 to 100 percentage,0.76,0.00,0.24,0.00,0.00,0.69,0.65,0.18,0.00,0.00
0.85,0.66,0.06,0 to 25 percentage,0.06,0.15,0.79,0.00,0.00,0.74,0.74,0.57,0.00,0.50
0.65,0.63,0.15,0 to 25 percentage,0.15,0.29,0.56,0.01,0.00,0.63,0.68,0.49,0.00,0.60
0.73,0.77,0.23,0 to 25 percentage,0.23,0.01,0.76,0.00,0.00,0.74,0.78,0.67,0.00,0.83
0.76,0.78,0.22,0 to 25 percentage,0.22,0.00,0.78,0.00,0.00,0.82,0.88,0.80,0.00,1.00
0.21,0.59,0.81,76 to 100 percentage,0.81,0.00,0.19,0.00,0.00,0.54,0.56,0.66,0.49,0.63
0.18,0.47,0.84,76 to 100 percentage,0.84,0.00,0.16,0.00,0.00,0.52,0.56,0.51,0.54,0.25
0.12,0.48,0.89,76 to 100 percentage,0.89,0.00,0.11,0.00,0.00,0.58,0.59,0.52,0.66,0.14
0.05,0.62,0.96,76 to 100 percentage,0.96,0.00,0.04,0.00,0.00,0.70,0.64,0.48,0.59,0.36
0.10,0.57,0.92,76 to 100 percentage,0.92,0.00,0.08,0.00,0.00,0.52,0.52,0.67,0.48,0.51
0.25,0.59,0.77,76 to 100 percentage,0.77,0.00,0.23,0.00,0.00,0.54,0.58,0.76,0.41,0.44
0.20,0.63,0.80,76 to 100 percentage,0.80,0.00,0.20,0.00,0.00,0.73,0.51,0.67,0.62,0.58
0.25,0.60,0.76,76 to 100 percentage,0.76,0.00,0.24,0.00,0.00,0.47,0.69,0.49,0.56,0.43
0.24,0.67,0.77,76 to 100 percentage,0.77,0.00,0.23,0.00,0.00,0.63,0.71,0.68,0.54,0.60
0.28,0.62,0.68,51 to 75 percentage,0.68,0.00,0.32,0.00,0.00,0.72,0.58,0.68,0.31,0.42
0.19,0.67,0.84,76 to 100 percentage,0.84,0.00,0.16,0.00,0.00,0.50,0.71,1.00,0.52,0.60
0.14,0.39,0.86,76 to 100 percentage,0.86,0.00,0.14,0.00,0.00,0.35,0.42,0.42,0.49,0.38
0.12,0.38,0.87,76 to 100 percentage,0.87,0.00,0.13,0.00,0.00,0.34,0.37,0.39,0.64,0.42
0.16,0.48,0.84,76 to 100 percentage,0.84,0.00,0.16,0.00,0.00,0.43,0.48,0.54,0.46,0.37
0.09,0.53,0.90,76 to 100 percentage,0.90,0.00,0.10,0.00,0.00,0.53,0.56,0.64,0.39,0.42
0.11,0.59,0.89,76 to 100 percentage,0.89,0.00,0.11,0.00,0.00,0.63,0.56,0.66,0.48,0.50
0.14,0.59,0.86,76 to 100 percentage,0.86,0.00,0.14,0.00,0.00,0.63,0.54,0.60,0.39,0.56
0.16,0.51,0.83,76 to 100 percentage,0.83,0.00,0.17,0.00,0.00,0.61,0.56,0.40,0.48,0.40
0.21,0.61,0.79,76 to 100 percentage,0.79,0.00,0.21,0.00,0.00,0.72,0.57,0.59,0.29,0.43
0.21,0.62,0.80,76 to 100 percentage,0.80,0.00,0.19,0.00,0.00,0.68,0.60,0.67,0.21,0.63
0.25,0.57,0.71,51 to 75 percentage,0.71,0.00,0.29,0.00,0.00,0.72,0.50,0.50,0.37,0.50
0.14,0.78,0.92,76 to 100 percentage,0.92,0.00,0.08,0.00,0.00,0.57,1.00,1.00,0.36,0.57
0.15,0.38,0.86,76 to 100 percentage,0.86,0.00,0.14,0.00,0.00,0.49,0.40,0.27,0.58,0.22
0.18,0.33,0.85,76 to 100 percentage,0.85,0.00,0.15,0.00,0.00,0.41,0.29,0.40,0.50,0.17
0.18,0.35,0.86,76 to 100 percentage,0.86,0.00,0.14,0.00,0.00,0.39,0.33,0.38,0.48,0.30
0.18,0.59,0.85,76 to 100 percentage,0.85,0.00,0.15,0.00,0.00,0.51,0.64,0.57,0.55,0.42
0.10,0.63,0.91,76 to 100 percentage,0.91,0.00,0.09,0.00,0.00,0.69,0.65,0.64,0.48,0.50
0.14,0.67,0.87,76 to 100 percentage,0.87,0.00,0.13,0.00,0.00,0.54,0.67,0.68,0.72,0.63
0.15,0.57,0.88,76 to 100 percentage,0.88,0.00,0.12,0.00,0.00,0.51,0.57,0.66,0.61,0.56
0.20,0.71,0.81,76 to 100 percentage,0.81,0.00,0.19,0.00,0.00,0.61,0.69,0.78,0.63,0.56
0.16,0.65,0.83,76 to 100 percentage,0.83,0.00,0.17,0.00,0.00,0.75,0.66,0.58,0.38,0.80
0.17,0.47,0.79,76 to 100 percentage,0.79,0.00,0.21,0.00,0.00,0.59,0.38,0.40,0.27,0.33
0.14,0.70,0.91,76 to 100 percentage,0.91,0.00,0.09,0.00,0.00,0.80,0.74,1.00,0.41,0.33
0.51,0.54,0.57,51 to 75 percentage,0.57,0.00,0.43,0.00,0.00,0.47,0.58,0.00,0.00,0.00
0.42,0.51,0.65,51 to 75 percentage,0.65,0.00,0.35,0.00,0.00,0.44,0.55,1.00,0.00,0.00
0.49,0.41,0.52,51 to 75 percentage,0.52,0.00,0.48,0.00,0.00,0.50,0.35,1.00,0.00,0.00
0.29,0.55,0.82,76 to 100 percentage,0.82,0.00,0.18,0.00,0.00,0.48,0.55,1.00,0.00,0.00
0.34,0.58,0.71,51 to 75 percentage,0.71,0.00,0.29,0.00,0.00,0.50,0.61,1.00,0.00,0.00
0.33,0.59,0.75,51 to 75 percentage,0.75,0.00,0.25,0.00,0.00,0.51,0.61,1.00,0.00,0.00
0.45,0.45,0.64,51 to 75 percentage,0.64,0.00,0.36,0.00,0.00,0.43,0.45,0.75,0.00,0.00
0.40,0.61,0.68,51 to 75 percentage,0.68,0.00,0.32,0.00,0.00,0.60,0.61,1.00,0.00,0.00
0.47,0.60,0.62,51 to 75 percentage,0.62,0.00,0.38,0.00,0.00,0.57,0.61,0.67,0.00,0.50
0.56,0.51,0.48,26 to 50 percentage,0.48,0.00,0.52,0.00,0.00,0.51,0.51,0.59,0.00,0.44
0.66,0.69,0.40,26 to 50 percentage,0.40,0.00,0.60,0.00,0.00,0.64,0.70,1.00,0.17,0.57
0.52,0.64,0.61,51 to 75 percentage,0.61,0.00,0.39,0.01,0.00,0.78,0.62,0.70,0.00,0.60
0.40,0.50,0.69,51 to 75 percentage,0.69,0.00,0.31,0.00,0.00,0.43,0.50,0.46,0.00,0.33
0.38,0.36,0.67,51 to 75 percentage,0.67,0.00,0.33,0.00,0.00,0.34,0.44,0.40,0.00,0.00
0.40,0.53,0.66,51 to 75 percentage,0.66,0.00,0.34,0.00,0.00,0.53,0.62,0.48,0.00,0.50
0.31,0.50,0.78,76 to 100 percentage,0.78,0.00,0.23,0.00,0.00,0.50,0.48,0.49,0.00,0.17
0.29,0.49,0.76,76 to 100 percentage,0.76,0.00,0.24,0.00,0.00,0.36,0.49,0.41,0.00,0.73
0.27,0.47,0.77,76 to 100 percentage,0.77,0.00,0.23,0.00,0.00,0.34,0.61,0.46,0.00,0.33
0.37,0.37,0.69,51 to 75 percentage,0.69,0.00,0.31,0.00,0.00,0.37,0.52,0.50,0.00,0.00
0.34,0.40,0.70,51 to 75 percentage,0.70,0.00,0.30,0.00,0.00,0.35,0.52,0.44,0.00,0.25
0.38,0.55,0.67,51 to 75 percentage,0.67,0.00,0.33,0.00,0.00,0.50,0.57,0.51,0.00,0.00
0.30,0.52,0.73,51 to 75 percentage,0.73,0.00,0.27,0.00,0.00,0.67,0.76,0.55,0.00,0.00
0.85,0.51,0.13,0 to 25 percentage,0.13,0.00,0.88,0.00,0.00,1.00,0.60,0.73,0.50,0.29
0.82,0.52,0.12,0 to 25 percentage,0.12,0.00,0.88,0.00,0.00,1.00,0.55,0.62,0.80,0.35
0.50,0.57,0.64,51 to 75 percentage,0.64,0.00,0.36,0.00,0.00,0.69,0.59,0.66,0.00,0.18
0.38,0.62,0.78,76 to 100 percentage,0.78,0.00,0.21,0.00,0.01,0.64,0.53,0.66,0.65,1.00
0.84,0.70,0.18,0 to 25 percentage,0.18,0.00,0.80,0.02,0.00,1.00,0.71,0.77,0.71,0.78
0.65,0.67,0.45,26 to 50 percentage,0.45,0.00,0.55,0.00,0.00,0.73,0.72,0.63,0.45,0.53
0.66,0.63,0.47,26 to 50 percentage,0.47,0.00,0.53,0.00,0.00,0.63,0.65,0.78,0.59,0.40
0.81,0.68,0.32,26 to 50 percentage,0.32,0.00,0.68,0.00,0.00,0.60,0.75,0.68,0.57,0.67
0.74,0.80,0.30,26 to 50 percentage,0.30,0.00,0.70,0.00,0.00,1.00,0.73,0.93,0.60,0.67
0.96,0.68,0.00,0 to 25 percentage,0.00,0.00,1.00,0.00,0.00,1.00,0.75,0.85,0.60,0.50
0.85,0.67,0.11,0 to 25 percentage,0.11,0.00,0.89,0.00,0.00,1.00,0.75,0.86,0.65,0.00
0.55,0.47,0.53,51 to 75 percentage,0.53,0.00,0.47,0.00,0.00,0.43,0.49,0.35,0.00,0.61
0.56,0.51,0.56,51 to 75 percentage,0.56,0.00,0.44,0.00,0.00,0.56,0.56,0.24,0.00,0.53
0.53,0.41,0.57,51 to 75 percentage,0.57,0.00,0.43,0.00,0.00,0.27,0.41,0.45,0.00,0.32
0.40,0.49,0.66,51 to 75 percentage,0.66,0.00,0.34,0.00,0.00,0.65,0.44,0.31,0.00,0.63
0.40,0.57,0.65,51 to 75 percentage,0.65,0.00,0.35,0.00,0.00,0.72,0.60,0.46,0.00,0.58
0.54,0.58,0.60,51 to 75 percentage,0.60,0.00,0.40,0.00,0.00,0.60,0.46,0.65,0.00,0.63
0.53,0.64,0.59,51 to 75 percentage,0.59,0.00,0.41,0.00,0.00,0.78,0.59,0.52,0.00,0.54
0.46,0.60,0.63,51 to 75 percentage,0.63,0.00,0.37,0.00,0.00,0.60,0.59,0.53,0.00,0.59
0.42,0.63,0.67,51 to 75 percentage,0.67,0.00,0.33,0.00,0.00,0.67,0.65,0.33,0.00,0.66
0.51,0.74,0.57,51 to 75 percentage,0.57,0.00,0.43,0.00,0.00,0.78,0.88,0.78,0.63,0.57
0.53,0.73,0.58,51 to 75 percentage,0.58,0.00,0.42,0.00,0.00,0.67,0.72,1.00,0.33,0.67
0.33,0.60,0.74,51 to 75 percentage,0.74,0.00,0.26,0.00,0.00,0.00,0.65,0.52,0.31,0.54
0.28,0.46,0.76,76 to 100 percentage,0.76,0.00,0.24,0.00,0.00,1.00,0.56,0.34,0.80,0.49
0.27,0.32,0.75,76 to 100 percentage,0.75,0.00,0.24,0.00,0.00,0.50,0.23,0.43,0.50,0.19
0.18,0.48,0.82,76 to 100 percentage,0.82,0.00,0.18,0.00,0.00,0.00,0.14,0.47,0.47,0.40
0.24,0.60,0.83,76 to 100 percentage,0.83,0.00,0.17,0.00,0.00,0.00,0.44,0.64,0.43,0.65
0.28,0.58,0.79,76 to 100 percentage,0.79,0.00,0.21,0.00,0.00,0.00,0.52,0.59,0.64,0.57
0.35,0.60,0.69,51 to 75 percentage,0.69,0.00,0.31,0.00,0.00,0.67,0.60,0.65,0.48,0.54
0.34,0.58,0.71,51 to 75 percentage,0.71,0.00,0.29,0.00,0.00,1.00,0.65,0.64,0.44,0.36
0.34,0.59,0.70,51 to 75 percentage,0.70,0.00,0.30,0.00,0.00,1.00,0.58,0.69,0.48,0.43
0.44,0.71,0.63,51 to 75 percentage,0.63,0.00,0.37,0.00,0.00,0.00,0.52,0.77,0.59,0.60
0.17,0.62,0.88,76 to 100 percentage,0.88,0.00,0.12,0.00,0.00,0.00,0.69,0.74,0.35,0.44
0.31,0.55,0.74,51 to 75 percentage,0.74,0.00,0.26,0.00,0.00,0.55,0.55,0.60,0.00,0.00
0.30,0.47,0.72,51 to 75 percentage,0.72,0.00,0.28,0.00,0.00,0.36,0.53,0.45,0.00,0.00
0.33,0.35,0.70,51 to 75 percentage,0.70,0.00,0.30,0.00,0.00,0.39,0.31,0.27,0.00,0.00
0.35,0.58,0.74,51 to 75 percentage,0.74,0.00,0.26,0.00,0.00,0.52,0.64,0.43,0.00,0.00
0.34,0.57,0.73,51 to 75 percentage,0.73,0.00,0.28,0.00,0.00,0.68,0.59,0.48,0.00,0.00
0.34,0.53,0.69,51 to 75 percentage,0.69,0.00,0.31,0.00,0.00,0.58,0.50,0.57,0.00,0.00
0.33,0.53,0.68,51 to 75 percentage,0.68,0.00,0.32,0.00,0.00,0.53,0.53,0.58,0.00,0.00
0.27,0.49,0.80,76 to 100 percentage,0.80,0.00,0.20,0.00,0.00,0.58,0.49,0.48,0.00,0.00
0.27,0.40,0.78,76 to 100 percentage,0.78,0.00,0.22,0.00,0.00,0.46,0.35,0.46,0.00,0.00
0.30,0.53,0.74,51 to 75 percentage,0.74,0.00,0.26,0.00,0.00,0.61,0.48,0.55,0.00,1.00
0.26,0.53,0.74,51 to 75 percentage,0.74,0.00,0.26,0.00,0.00,0.56,0.64,0.50,0.00,0.00
0.09,0.54,0.90,76 to 100 percentage,0.90,0.00,0.10,0.00,0.00,0.55,0.49,0.64,0.61,0.52
0.11,0.46,0.90,76 to 100 percentage,0.90,0.00,0.10,0.00,0.00,0.49,0.46,0.44,0.38,0.36
0.05,0.51,0.96,76 to 100 percentage,0.96,0.00,0.04,0.00,0.00,0.52,0.56,0.46,0.54,0.58
0.01,0.60,0.99,76 to 100 percentage,0.99,0.00,0.01,0.00,0.00,0.60,0.59,0.50,0.41,0.75
0.02,0.62,0.99,76 to 100 percentage,0.99,0.00,0.01,0.00,0.00,0.67,0.65,0.50,0.47,0.56
0.03,0.54,0.97,76 to 100 percentage,0.97,0.00,0.03,0.00,0.00,0.63,0.48,0.53,0.42,0.52
0.01,0.68,1.00,76 to 100 percentage,1.00,0.00,0.00,0.00,0.00,0.64,0.75,0.60,0.39,0.56
0.02,0.74,0.99,76 to 100 percentage,0.99,0.00,0.01,0.00,0.00,0.73,0.83,0.56,0.50,1.00
0.02,0.71,0.97,76 to 100 percentage,0.97,0.00,0.03,0.00,0.00,0.33,0.79,0.64,0.45,0.70
0.01,0.75,1.00,76 to 100 percentage,1.00,0.00,0.00,0.00,0.00,0.67,0.60,0.75,0.46,0.89
0.03,0.70,0.97,76 to 100 percentage,0.97,0.00,0.03,0.00,0.00,0.50,0.75,0.60,0.56,1.00
0.36,0.51,0.70,51 to 75 percentage,0.70,0.00,0.30,0.00,0.00,0.52,0.49,0.74,0.00,0.50
0.30,0.45,0.75,51 to 75 percentage,0.75,0.00,0.25,0.00,0.00,0.49,0.48,0.61,0.00,0.20
0.27,0.49,0.77,76 to 100 percentage,0.77,0.00,0.23,0.00,0.00,0.56,0.50,0.57,0.00,0.45
0.23,0.52,0.81,76 to 100 percentage,0.81,0.00,0.19,0.00,0.00,0.53,0.49,0.80,0.00,0.52
0.22,0.57,0.82,76 to 100 percentage,0.82,0.00,0.17,0.00,0.00,0.68,0.50,0.74,0.00,0.56
0.27,0.48,0.77,76 to 100 percentage,0.77,0.00,0.23,0.00,0.00,0.42,0.50,0.49,0.29,0.49
0.29,0.51,0.74,51 to 75 percentage,0.74,0.00,0.26,0.00,0.00,0.46,0.51,0.59,0.48,0.50
0.28,0.61,0.72,51 to 75 percentage,0.72,0.00,0.28,0.00,0.00,0.53,0.64,0.83,0.55,0.70
0.28,0.57,0.73,51 to 75 percentage,0.73,0.00,0.27,0.00,0.00,0.48,0.57,0.67,0.38,0.59
0.32,0.64,0.70,51 to 75 percentage,0.70,0.00,0.30,0.00,0.00,0.65,0.62,0.72,0.47,0.61
0.20,0.55,0.84,76 to 100 percentage,0.84,0.00,0.16,0.00,0.00,0.57,0.47,0.55,0.30,0.60
0.12,0.41,0.88,76 to 100 percentage,0.88,0.00,0.12,0.00,0.00,0.53,0.42,0.34,0.56,0.20
0.19,0.44,0.83,76 to 100 percentage,0.83,0.00,0.17,0.00,0.00,0.52,0.46,0.43,0.47,0.18
0.11,0.46,0.90,76 to 100 percentage,0.90,0.00,0.10,0.00,0.00,0.48,0.46,0.58,0.62,0.33
0.11,0.58,0.90,76 to 100 percentage,0.90,0.00,0.10,0.00,0.00,0.55,0.56,0.58,0.34,0.44
0.08,0.60,0.92,76 to 100 percentage,0.92,0.00,0.08,0.00,0.00,0.70,0.58,0.58,0.43,0.41
0.07,0.55,0.95,76 to 100 percentage,0.95,0.00,0.05,0.00,0.00,0.52,0.50,0.62,0.41,0.45
0.03,0.59,0.97,76 to 100 percentage,0.97,0.00,0.03,0.00,0.00,0.63,0.59,0.57,0.37,0.52
0.13,0.54,0.87,76 to 100 percentage,0.87,0.00,0.13,0.00,0.00,0.51,0.45,0.57,0.60,0.61
0.22,0.51,0.77,76 to 100 percentage,0.77,0.00,0.23,0.00,0.00,0.41,0.56,0.49,0.67,0.43
0.36,0.59,0.62,51 to 75 percentage,0.62,0.00,0.38,0.00,0.00,0.57,0.52,0.69,0.45,0.50
0.16,0.64,0.81,76 to 100 percentage,0.81,0.00,0.19,0.00,0.00,0.33,0.57,0.63,0.55,0.75
1.00,0.73,0.03,0 to 25 percentage,0.03,0.00,0.97,0.00,0.00,0.33,0.92,0.75,0.00,0.50
0.67,0.63,0.33,26 to 50 percentage,0.33,0.00,0.67,0.00,0.00,0.44,0.63,0.70,0.00,0.72
0.78,0.59,0.34,26 to 50 percentage,0.34,0.00,0.66,0.00,0.00,0.46,0.63,0.58,0.00,0.53
0.72,0.56,0.44,26 to 50 percentage,0.44,0.00,0.56,0.00,0.00,0.67,0.60,0.50,0.00,0.40
0.08,0.54,0.99,76 to 100 percentage,0.99,0.00,0.01,0.00,0.00,0.56,0.62,0.50,0.40,0.44
0.12,0.52,0.97,76 to 100 percentage,0.97,0.00,0.03,0.00,0.00,0.61,0.59,0.54,0.69,0.38
0.12,0.37,0.99,76 to 100 percentage,0.99,0.00,0.01,0.00,0.00,0.36,0.46,0.38,0.58,0.60
0.06,0.54,0.99,76 to 100 percentage,0.99,0.00,0.01,0.00,0.00,0.53,0.61,0.48,0.30,0.33
0.10,0.65,0.97,76 to 100 percentage,0.97,0.00,0.03,0.00,0.00,0.61,0.73,0.49,0.73,1.00
0.15,0.50,0.93,76 to 100 percentage,0.93,0.00,0.07,0.00,0.00,0.61,0.52,0.33,0.56,0.67
0.09,0.55,0.99,76 to 100 percentage,0.99,0.00,0.01,0.00,0.00,0.59,0.57,0.38,0.50,0.50
0.12,0.59,0.99,76 to 100 percentage,0.99,0.00,0.01,0.00,0.00,0.54,0.69,0.55,0.58,0.50
0.11,0.60,1.00,76 to 100 percentage,1.00,0.00,0.00,0.00,0.00,0.65,0.64,0.47,0.42,1.00
0.09,0.69,0.95,76 to 100 percentage,0.95,0.00,0.05,0.00,0.00,0.69,0.68,0.71,0.56,0.00
0.16,0.73,0.88,76 to 100 percentage,0.88,0.00,0.13,0.00,0.00,0.64,0.76,0.70,0.33,0.00
0.25,0.54,0.85,76 to 100 percentage,0.85,0.00,0.15,0.00,0.00,0.55,0.55,0.55,0.25,0.33
0.23,0.48,0.88,76 to 100 percentage,0.88,0.00,0.12,0.00,0.00,0.58,0.44,0.30,1.00,0.33
0.26,0.45,0.84,76 to 100 percentage,0.84,0.00,0.16,0.00,0.00,0.46,0.44,0.53,0.00,0.20
0.21,0.52,0.87,76 to 100 percentage,0.87,0.00,0.13,0.00,0.00,0.51,0.53,0.82,0.00,1.00
0.20,0.51,0.89,76 to 100 percentage,0.89,0.00,0.11,0.00,0.00,0.44,0.54,0.46,0.00,0.67
0.17,0.58,0.91,76 to 100 percentage,0.91,0.00,0.09,0.00,0.00,0.61,0.52,0.54,0.00,0.83
0.23,0.57,0.84,76 to 100 percentage,0.84,0.00,0.16,0.00,0.00,0.64,0.52,0.58,0.00,0.00
0.23,0.56,0.81,76 to 100 percentage,0.81,0.00,0.19,0.00,0.00,0.55,0.52,0.75,0.00,0.67
0.17,0.44,0.86,76 to 100 percentage,0.86,0.00,0.14,0.00,0.00,0.37,0.42,0.56,0.00,0.33
0.20,0.59,0.82,76 to 100 percentage,0.82,0.00,0.17,0.01,0.00,0.57,0.55,0.66,0.00,0.00
0.11,0.52,0.93,76 to 100 percentage,0.93,0.00,0.07,0.00,0.00,0.41,0.50,0.57,0.00,0.00
0.25,0.55,0.81,76 to 100 percentage,0.81,0.00,0.19,0.00,0.00,0.56,0.47,0.65,0.46,0.40
0.15,0.45,0.90,76 to 100 percentage,0.90,0.00,0.10,0.00,0.00,0.36,0.48,0.44,0.50,0.51
0.13,0.53,0.90,76 to 100 percentage,0.90,0.00,0.10,0.00,0.00,0.67,0.40,0.33,0.46,0.51
0.16,0.55,0.88,76 to 100 percentage,0.88,0.00,0.12,0.00,0.00,0.33,0.41,0.50,0.51,0.63
0.20,0.59,0.85,76 to 100 percentage,0.85,0.00,0.15,0.00,0.00,0.50,0.61,0.54,0.59,0.58
0.19,0.53,0.85,76 to 100 percentage,0.85,0.00,0.15,0.00,0.00,0.54,0.55,0.57,0.60,0.55
0.10,0.53,0.91,76 to 100 percentage,0.91,0.00,0.09,0.00,0.00,0.45,0.59,0.47,0.40,0.38
0.28,0.70,0.78,76 to 100 percentage,0.78,0.00,0.22,0.00,0.00,0.64,0.67,0.67,0.61,0.69
0.26,0.54,0.76,76 to 100 percentage,0.76,0.00,0.24,0.00,0.00,0.58,0.57,0.45,0.52,0.32
0.33,0.70,0.76,76 to 100 percentage,0.76,0.00,0.24,0.00,0.00,0.77,0.90,0.66,0.69,0.63
0.23,0.60,0.80,76 to 100 percentage,0.80,0.00,0.20,0.00,0.00,0.00,0.67,1.00,0.58,0.67
0.14,0.51,0.86,76 to 100 percentage,0.86,0.00,0.14,0.00,0.00,0.57,0.51,0.51,0.00,0.00
0.17,0.45,0.86,76 to 100 percentage,0.86,0.00,0.14,0.00,0.00,0.48,0.48,0.50,0.00,0.00
0.17,0.38,0.86,76 to 100 percentage,0.86,0.00,0.14,0.00,0.00,0.39,0.42,0.46,0.00,0.00
0.07,0.53,0.93,76 to 100 percentage,0.93,0.00,0.07,0.00,0.00,0.55,0.50,0.57,0.00,0.00
0.07,0.55,0.94,76 to 100 percentage,0.94,0.00,0.06,0.00,0.00,0.55,0.54,0.55,0.00,0.00
0.12,0.50,0.88,76 to 100 percentage,0.88,0.00,0.12,0.00,0.00,0.54,0.51,0.49,0.00,0.00
0.14,0.53,0.87,76 to 100 percentage,0.87,0.00,0.13,0.00,0.00,0.56,0.52,0.48,0.00,0.00
0.18,0.43,0.84,76 to 100 percentage,0.84,0.00,0.16,0.00,0.00,0.42,0.36,0.43,0.00,0.00
0.16,0.53,0.87,76 to 100 percentage,0.87,0.00,0.13,0.00,0.00,0.60,0.45,0.54,0.00,0.00
0.26,0.62,0.76,76 to 100 percentage,0.76,0.00,0.24,0.00,0.00,0.69,0.61,0.63,0.00,0.00
0.10,0.63,0.86,76 to 100 percentage,0.86,0.00,0.13,0.01,0.00,0.73,0.65,0.75,0.00,0.00
0.14,0.50,0.86,76 to 100 percentage,0.86,0.00,0.14,0.00,0.00,0.55,0.43,0.71,0.44,0.47
0.17,0.44,0.83,76 to 100 percentage,0.83,0.00,0.17,0.00,0.00,0.47,0.41,0.52,0.44,0.43
0.13,0.46,0.88,76 to 100 percentage,0.88,0.00,0.12,0.00,0.00,0.48,0.52,0.50,0.58,0.32
0.14,0.53,0.86,76 to 100 percentage,0.86,0.00,0.14,0.00,0.00,0.40,0.62,0.55,0.61,0.48
0.12,0.54,0.89,76 to 100 percentage,0.89,0.00,0.11,0.00,0.00,0.48,0.48,0.78,0.64,0.60
0.15,0.54,0.86,76 to 100 percentage,0.86,0.00,0.14,0.00,0.00,0.51,0.46,0.76,0.64,0.63
0.16,0.52,0.83,76 to 100 percentage,0.83,0.00,0.17,0.00,0.00,0.51,0.43,0.59,0.63,0.58
0.14,0.57,0.87,76 to 100 percentage,0.87,0.00,0.13,0.00,0.00,0.56,0.54,0.90,0.43,0.61
0.14,0.46,0.86,76 to 100 percentage,0.86,0.00,0.14,0.00,0.00,0.46,0.42,0.46,0.54,0.31
0.15,0.49,0.86,76 to 100 percentage,0.86,0.00,0.14,0.00,0.00,0.40,0.45,0.54,0.63,0.64
0.09,0.56,0.95,76 to 100 percentage,0.95,0.00,0.05,0.00,0.00,0.29,0.76,1.00,0.43,0.57
0.25,0.49,0.81,76 to 100 percentage,0.81,0.00,0.19,0.00,0.00,0.56,0.46,0.46,0.45,0.54
0.27,0.52,0.77,76 to 100 percentage,0.77,0.00,0.23,0.00,0.00,0.33,0.49,0.44,0.47,0.70
0.33,0.46,0.72,51 to 75 percentage,0.72,0.00,0.28,0.00,0.00,0.33,0.52,0.52,0.40,0.46
0.30,0.55,0.72,51 to 75 percentage,0.72,0.00,0.28,0.00,0.00,0.00,0.58,0.50,0.71,0.44
0.25,0.58,0.77,76 to 100 percentage,0.77,0.00,0.23,0.00,0.00,0.00,0.65,0.52,0.53,0.50
0.32,0.63,0.74,51 to 75 percentage,0.74,0.00,0.26,0.00,0.00,0.44,0.64,0.73,0.42,0.42
0.23,0.64,0.80,76 to 100 percentage,0.80,0.00,0.20,0.00,0.00,0.69,0.63,0.69,0.42,0.50
0.33,0.59,0.71,51 to 75 percentage,0.71,0.00,0.29,0.00,0.00,0.62,0.64,0.52,0.38,0.71
0.28,0.63,0.79,76 to 100 percentage,0.79,0.00,0.21,0.00,0.00,0.66,0.66,0.64,0.66,0.50
0.31,0.65,0.78,76 to 100 percentage,0.78,0.00,0.22,0.00,0.00,0.62,0.71,0.59,0.47,0.63
0.29,0.72,0.75,76 to 100 percentage,0.75,0.00,0.25,0.00,0.00,0.56,0.81,0.80,0.45,0.40
