,ds,y
1,1/1/2010,101
2,1/2/2010,108
3,1/3/2010,87
4,1/4/2010,131
5,1/5/2010,89
6,1/6/2010,103
7,1/7/2010,98
8,1/8/2010,93
9,1/9/2010,62
10,1/10/2010,73
11,1/11/2010,100
12,1/12/2010,110
13,1/13/2010,102
14,1/14/2010,99
15,1/15/2010,117
16,1/16/2010,105
17,1/17/2010,99
18,1/18/2010,112
19,1/19/2010,115
20,1/20/2010,115
21,1/21/2010,96
22,1/22/2010,98
23,1/23/2010,103
24,1/24/2010,105
25,1/25/2010,92
26,1/26/2010,104
27,1/27/2010,97
28,1/28/2010,105
29,1/29/2010,95
30,1/30/2010,104
31,1/31/2010,92
32,2/1/2010,110
33,2/2/2010,106
34,2/3/2010,86
35,2/4/2010,117
36,2/5/2010,105
37,2/6/2010,90
38,2/7/2010,90
39,2/8/2010,99
40,2/9/2010,99
41,2/10/2010,102
42,2/11/2010,119
43,2/12/2010,83
44,2/13/2010,101
45,2/14/2010,108
46,2/15/2010,132
47,2/16/2010,122
48,2/17/2010,120
49,2/18/2010,112
50,2/19/2010,109
51,2/20/2010,114
52,2/21/2010,117
53,2/22/2010,135
54,2/23/2010,130
55,2/24/2010,105
56,2/25/2010,112
57,2/26/2010,114
58,2/27/2010,99
59,2/28/2010,99
60,3/1/2010,127
61,3/2/2010,115
62,3/3/2010,102
63,3/4/2010,115
64,3/5/2010,106
65,3/6/2010,112
66,3/7/2010,106
67,3/8/2010,132
68,3/9/2010,118
69,3/10/2010,118
70,3/11/2010,114
71,3/12/2010,112
72,3/13/2010,128
73,3/14/2010,104
74,3/15/2010,132
75,3/16/2010,134
76,3/17/2010,133
77,3/18/2010,114
78,3/19/2010,115
79,3/20/2010,113
80,3/21/2010,123
81,3/22/2010,135
82,3/23/2010,135
83,3/24/2010,131
84,3/25/2010,123
85,3/26/2010,107
86,3/27/2010,131
87,3/28/2010,99
88,3/29/2010,103
89,3/30/2010,111
90,3/31/2010,111
91,4/1/2010,114
92,4/2/2010,134
93,4/3/2010,104
94,4/4/2010,124
95,4/5/2010,121
96,4/6/2010,122
97,4/7/2010,96
98,4/8/2010,107
99,4/9/2010,109
100,4/10/2010,100
101,4/11/2010,109
102,4/12/2010,122
103,4/13/2010,105
104,4/14/2010,114
105,4/15/2010,118
106,4/16/2010,116
107,4/17/2010,125
108,4/18/2010,90
109,4/19/2010,134
110,4/20/2010,101
111,4/21/2010,120
112,4/22/2010,99
113,4/23/2010,91
114,4/24/2010,113
115,4/25/2010,107
116,4/26/2010,125
117,4/27/2010,96
118,4/28/2010,112
119,4/29/2010,106
120,4/30/2010,96
121,5/1/2010,93
122,5/2/2010,100
123,5/3/2010,128
124,5/4/2010,118
125,5/5/2010,109
126,5/6/2010,116
127,5/7/2010,117
128,5/8/2010,108
129,5/9/2010,85
130,5/10/2010,122
131,5/11/2010,122
132,5/12/2010,89
133,5/13/2010,111
134,5/14/2010,92
135,5/15/2010,105
136,5/16/2010,110
137,5/17/2010,111
138,5/18/2010,119
139,5/19/2010,107
140,5/20/2010,106
141,5/21/2010,110
142,5/22/2010,110
143,5/23/2010,108
144,5/24/2010,128
145,5/25/2010,127
146,5/26/2010,104
147,5/27/2010,119
148,5/28/2010,108
149,5/29/2010,104
150,5/30/2010,114
151,5/31/2010,129
152,6/1/2010,122
153,6/2/2010,103
154,6/3/2010,105
155,6/4/2010,114
156,6/5/2010,117
157,6/6/2010,106
158,6/7/2010,115
159,6/8/2010,87
160,6/9/2010,103
161,6/10/2010,97
162,6/11/2010,110
163,6/12/2010,97
164,6/13/2010,104
165,6/14/2010,111
166,6/15/2010,113
167,6/16/2010,119
168,6/17/2010,121
169,6/18/2010,121
170,6/19/2010,100
171,6/20/2010,90
172,6/21/2010,107
173,6/22/2010,111
174,6/23/2010,102
175,6/24/2010,88
176,6/25/2010,98
177,6/26/2010,94
178,6/27/2010,117
179,6/28/2010,127
180,6/29/2010,113
181,6/30/2010,103
182,7/1/2010,98
183,7/2/2010,106
184,7/3/2010,105
185,7/4/2010,96
186,7/5/2010,121
187,7/6/2010,121
188,7/7/2010,98
189,7/8/2010,113
190,7/9/2010,121
191,7/10/2010,97
192,7/11/2010,109
193,7/12/2010,127
194,7/13/2010,111
195,7/14/2010,115
196,7/15/2010,97
197,7/16/2010,103
198,7/17/2010,106
199,7/18/2010,94
200,7/19/2010,115
201,7/20/2010,110
202,7/21/2010,113
203,7/22/2010,82
204,7/23/2010,95
205,7/24/2010,88
206,7/25/2010,111
207,7/26/2010,109
208,7/27/2010,119
209,7/28/2010,123
210,7/29/2010,113
211,7/30/2010,98
212,7/31/2010,105
213,8/1/2010,109
214,8/2/2010,107
215,8/3/2010,102
216,8/4/2010,96
217,8/5/2010,111
218,8/6/2010,104
219,8/7/2010,98
220,8/8/2010,98
221,8/9/2010,111
222,8/10/2010,113
223,8/11/2010,96
224,8/12/2010,112
225,8/13/2010,81
226,8/14/2010,109
227,8/15/2010,91
228,8/16/2010,111
229,8/17/2010,129
230,8/18/2010,116
231,8/19/2010,83
232,8/20/2010,104
233,8/21/2010,82
234,8/22/2010,94
235,8/23/2010,112
236,8/24/2010,112
237,8/25/2010,122
238,8/26/2010,87
239,8/27/2010,118
240,8/28/2010,100
241,8/29/2010,107
242,8/30/2010,116
243,8/31/2010,117
244,9/1/2010,107
245,9/2/2010,89
246,9/3/2010,104
247,9/4/2010,90
248,9/5/2010,103
249,9/6/2010,111
250,9/7/2010,124
251,9/8/2010,115
252,9/9/2010,106
253,9/10/2010,90
254,9/11/2010,109
255,9/12/2010,93
256,9/13/2010,118
257,9/14/2010,127
258,9/15/2010,113
259,9/16/2010,102
260,9/17/2010,99
261,9/18/2010,103
262,9/19/2010,97
263,9/20/2010,128
264,9/21/2010,100
265,9/22/2010,104
266,9/23/2010,108
267,9/24/2010,111
268,9/25/2010,102
269,9/26/2010,112
270,9/27/2010,127
271,9/28/2010,99
272,9/29/2010,107
273,9/30/2010,116
274,10/1/2010,95
275,10/2/2010,83
276,10/3/2010,110
277,10/4/2010,109
278,10/5/2010,100
279,10/6/2010,115
280,10/7/2010,102
281,10/8/2010,110
282,10/9/2010,93
283,10/10/2010,91
284,10/11/2010,121
285,10/12/2010,117
286,10/13/2010,114
287,10/14/2010,112
288,10/15/2010,95
289,10/16/2010,118
290,10/17/2010,100
291,10/18/2010,143
292,10/19/2010,120
293,10/20/2010,114
294,10/21/2010,96
295,10/22/2010,87
296,10/23/2010,93
297,10/24/2010,99
298,10/25/2010,118
299,10/26/2010,103
300,10/27/2010,107
301,10/28/2010,96
302,10/29/2010,96
303,10/30/2010,100
304,10/31/2010,89
305,11/1/2010,128
306,11/2/2010,93
307,11/3/2010,90
308,11/4/2010,103
309,11/5/2010,118
310,11/6/2010,90
311,11/7/2010,113
312,11/8/2010,121
313,11/9/2010,115
314,11/10/2010,113
315,11/11/2010,110
316,11/12/2010,106
317,11/13/2010,98
318,11/14/2010,127
319,11/15/2010,107
320,11/16/2010,122
321,11/17/2010,117
322,11/18/2010,101
323,11/19/2010,102
324,11/20/2010,101
325,11/21/2010,96
326,11/22/2010,97
327,11/23/2010,101
328,11/24/2010,88
329,11/25/2010,99
330,11/26/2010,98
331,11/27/2010,95
332,11/28/2010,105
333,11/29/2010,124
334,11/30/2010,108
335,12/1/2010,122
336,12/2/2010,91
337,12/3/2010,89
338,12/4/2010,90
339,12/5/2010,111
340,12/6/2010,106
341,12/7/2010,77
342,12/8/2010,94
343,12/9/2010,113
344,12/10/2010,102
345,12/11/2010,94
346,12/12/2010,93
347,12/13/2010,119
348,12/14/2010,95
349,12/15/2010,104
350,12/16/2010,105
351,12/17/2010,108
352,12/18/2010,112
353,12/19/2010,105
354,12/20/2010,115
355,12/21/2010,107
356,12/22/2010,115
357,12/23/2010,115
358,12/24/2010,97
359,12/25/2010,119
360,12/26/2010,121
361,12/27/2010,117
362,12/28/2010,105
363,12/29/2010,117
364,12/30/2010,127
365,12/31/2010,125
366,1/1/2011,123
367,1/2/2011,112
368,1/3/2011,122
369,1/4/2011,118
370,1/5/2011,111
371,1/6/2011,109
372,1/7/2011,114
373,1/8/2011,106
374,1/9/2011,101
375,1/10/2011,123
376,1/11/2011,111
377,1/12/2011,94
378,1/13/2011,101
379,1/14/2011,103
380,1/15/2011,109
381,1/16/2011,101
382,1/17/2011,119
383,1/18/2011,116
384,1/19/2011,114
385,1/20/2011,102
386,1/21/2011,95
387,1/22/2011,115
388,1/23/2011,98
389,1/24/2011,112
390,1/25/2011,108
391,1/26/2011,110
392,1/27/2011,105
393,1/28/2011,87
394,1/29/2011,102
395,1/30/2011,93
396,1/31/2011,125
397,2/1/2011,117
398,2/2/2011,112
399,2/3/2011,126
400,2/4/2011,120
401,2/5/2011,90
402,2/6/2011,101
403,2/7/2011,126
404,2/8/2011,108
405,2/9/2011,113
406,2/10/2011,107
407,2/11/2011,99
408,2/12/2011,92
409,2/13/2011,91
410,2/14/2011,102
411,2/15/2011,100
412,2/16/2011,109
413,2/17/2011,108
414,2/18/2011,109
415,2/19/2011,112
416,2/20/2011,108
417,2/21/2011,122
418,2/22/2011,122
419,2/23/2011,121
420,2/24/2011,113
421,2/25/2011,107
422,2/26/2011,106
423,2/27/2011,112
424,2/28/2011,123
425,3/1/2011,123
426,3/2/2011,115
427,3/3/2011,96
428,3/4/2011,110
429,3/5/2011,122
430,3/6/2011,108
431,3/7/2011,137
432,3/8/2011,111
433,3/9/2011,95
434,3/10/2011,98
435,3/11/2011,124
436,3/12/2011,89
437,3/13/2011,107
438,3/14/2011,126
439,3/15/2011,122
440,3/16/2011,116
441,3/17/2011,119
442,3/18/2011,105
443,3/19/2011,113
444,3/20/2011,96
445,3/21/2011,133
446,3/22/2011,113
447,3/23/2011,110
448,3/24/2011,98
449,3/25/2011,109
450,3/26/2011,119
451,3/27/2011,111
452,3/28/2011,118
453,3/29/2011,111
454,3/30/2011,121
455,3/31/2011,106
456,4/1/2011,126
457,4/2/2011,123
458,4/3/2011,113
459,4/4/2011,128
460,4/5/2011,118
461,4/6/2011,124
462,4/7/2011,103
463,4/8/2011,116
464,4/9/2011,111
465,4/10/2011,109
466,4/11/2011,121
467,4/12/2011,121
468,4/13/2011,103
469,4/14/2011,107
470,4/15/2011,101
471,4/16/2011,110
472,4/17/2011,109
473,4/18/2011,116
474,4/19/2011,114
475,4/20/2011,99
476,4/21/2011,107
477,4/22/2011,113
478,4/23/2011,99
479,4/24/2011,100
480,4/25/2011,128
481,4/26/2011,125
482,4/27/2011,128
483,4/28/2011,103
484,4/29/2011,110
485,4/30/2011,84
486,5/1/2011,107
487,5/2/2011,121
488,5/3/2011,113
489,5/4/2011,119
490,5/5/2011,102
491,5/6/2011,103
492,5/7/2011,110
493,5/8/2011,91
494,5/9/2011,129
495,5/10/2011,126
496,5/11/2011,105
497,5/12/2011,102
498,5/13/2011,105
499,5/14/2011,110
500,5/15/2011,109
501,5/16/2011,121
502,5/17/2011,124
503,5/18/2011,101
504,5/19/2011,95
505,5/20/2011,100
506,5/21/2011,104
507,5/22/2011,118
508,5/23/2011,125
509,5/24/2011,124
510,5/25/2011,108
511,5/26/2011,102
512,5/27/2011,101
513,5/28/2011,116
514,5/29/2011,115
515,5/30/2011,107
516,5/31/2011,124
517,6/1/2011,117
518,6/2/2011,113
519,6/3/2011,97
520,6/4/2011,97
521,6/5/2011,97
522,6/6/2011,123
523,6/7/2011,117
524,6/8/2011,106
525,6/9/2011,99
526,6/10/2011,86
527,6/11/2011,109
528,6/12/2011,100
529,6/13/2011,138
530,6/14/2011,109
531,6/15/2011,97
532,6/16/2011,103
533,6/17/2011,102
534,6/18/2011,104
535,6/19/2011,93
536,6/20/2011,130
537,6/21/2011,102
538,6/22/2011,105
539,6/23/2011,105
540,6/24/2011,97
541,6/25/2011,102
542,6/26/2011,100
543,6/27/2011,104
544,6/28/2011,87
545,6/29/2011,101
546,6/30/2011,85
547,7/1/2011,101
548,7/2/2011,108
549,7/3/2011,104
550,7/4/2011,99
551,7/5/2011,115
552,7/6/2011,116
553,7/7/2011,96
554,7/8/2011,113
555,7/9/2011,96
556,7/10/2011,107
557,7/11/2011,114
558,7/12/2011,102
559,7/13/2011,103
560,7/14/2011,118
561,7/15/2011,84
562,7/16/2011,99
563,7/17/2011,104
564,7/18/2011,117
565,7/19/2011,110
566,7/20/2011,100
567,7/21/2011,88
568,7/22/2011,87
569,7/23/2011,97
570,7/24/2011,109
571,7/25/2011,114
572,7/26/2011,112
573,7/27/2011,115
574,7/28/2011,102
575,7/29/2011,104
576,7/30/2011,104
577,7/31/2011,105
578,8/1/2011,113
579,8/2/2011,107
580,8/3/2011,111
581,8/4/2011,110
582,8/5/2011,93
583,8/6/2011,90
584,8/7/2011,112
585,8/8/2011,115
586,8/9/2011,93
587,8/10/2011,107
588,8/11/2011,98
589,8/12/2011,128
590,8/13/2011,92
591,8/14/2011,89
592,8/15/2011,125
593,8/16/2011,107
594,8/17/2011,98
595,8/18/2011,94
596,8/19/2011,109
597,8/20/2011,106
598,8/21/2011,110
599,8/22/2011,100
600,8/23/2011,101
601,8/24/2011,82
602,8/25/2011,114
603,8/26/2011,113
604,8/27/2011,98
605,8/28/2011,98
606,8/29/2011,105
607,8/30/2011,118
608,8/31/2011,111
609,9/1/2011,104
610,9/2/2011,125
611,9/3/2011,108
612,9/4/2011,109
613,9/5/2011,125
614,9/6/2011,132
615,9/7/2011,119
616,9/8/2011,113
617,9/9/2011,112
618,9/10/2011,125
619,9/11/2011,114
620,9/12/2011,136
621,9/13/2011,112
622,9/14/2011,126
623,9/15/2011,111
624,9/16/2011,105
625,9/17/2011,103
626,9/18/2011,120
627,9/19/2011,108
628,9/20/2011,136
629,9/21/2011,111
630,9/22/2011,113
631,9/23/2011,112
632,9/24/2011,98
633,9/25/2011,98
634,9/26/2011,117
635,9/27/2011,125
636,9/28/2011,102
637,9/29/2011,115
638,9/30/2011,111
639,10/1/2011,123
640,10/2/2011,111
641,10/3/2011,119
642,10/4/2011,100
643,10/5/2011,103
644,10/6/2011,118
645,10/7/2011,105
646,10/8/2011,68
647,10/9/2011,94
648,10/10/2011,112
649,10/11/2011,119
650,10/12/2011,123
651,10/13/2011,101
652,10/14/2011,119
653,10/15/2011,101
654,10/16/2011,111
655,10/17/2011,140
656,10/18/2011,112
657,10/19/2011,120
658,10/20/2011,123
659,10/21/2011,91
660,10/22/2011,99
661,10/23/2011,92
662,10/24/2011,100
663,10/25/2011,107
664,10/26/2011,101
665,10/27/2011,114
666,10/28/2011,107
667,10/29/2011,104
668,10/30/2011,100
669,10/31/2011,113
670,11/1/2011,130
671,11/2/2011,117
672,11/3/2011,104
673,11/4/2011,101
674,11/5/2011,109
675,11/6/2011,123
676,11/7/2011,144
677,11/8/2011,135
678,11/9/2011,111
679,11/10/2011,103
680,11/11/2011,122
681,11/12/2011,110
682,11/13/2011,121
683,11/14/2011,115
684,11/15/2011,115
685,11/16/2011,110
686,11/17/2011,139
687,11/18/2011,107
688,11/19/2011,93
689,11/20/2011,123
690,11/21/2011,115
691,11/22/2011,107
692,11/23/2011,111
693,11/24/2011,87
694,11/25/2011,111
695,11/26/2011,109
696,11/27/2011,97
697,11/28/2011,121
698,11/29/2011,107
699,11/30/2011,118
700,12/1/2011,111
701,12/2/2011,113
702,12/3/2011,97
703,12/4/2011,107
704,12/5/2011,127
705,12/6/2011,111
706,12/7/2011,112
707,12/8/2011,91
708,12/9/2011,86
709,12/10/2011,91
710,12/11/2011,114
711,12/12/2011,123
712,12/13/2011,117
713,12/14/2011,90
714,12/15/2011,107
715,12/16/2011,94
716,12/17/2011,121
717,12/18/2011,110
718,12/19/2011,114
719,12/20/2011,105
720,12/21/2011,105
721,12/22/2011,109
722,12/23/2011,88
723,12/24/2011,82
724,12/25/2011,109
725,12/26/2011,122
726,12/27/2011,138
727,12/28/2011,105
728,12/29/2011,127
729,12/30/2011,116
730,12/31/2011,100
731,1/1/2012,130
732,1/2/2012,134
733,1/3/2012,119
734,1/4/2012,113
735,1/5/2012,127
736,1/6/2012,117
737,1/7/2012,119
738,1/8/2012,105
739,1/9/2012,121
740,1/10/2012,110
741,1/11/2012,133
742,1/12/2012,103
743,1/13/2012,120
744,1/14/2012,104
745,1/15/2012,103
746,1/16/2012,128
747,1/17/2012,129
748,1/18/2012,119
749,1/19/2012,125
750,1/20/2012,127
751,1/21/2012,106
752,1/22/2012,113
753,1/23/2012,136
754,1/24/2012,125
755,1/25/2012,116
756,1/26/2012,123
757,1/27/2012,108
758,1/28/2012,98
759,1/29/2012,106
760,1/30/2012,127
761,1/31/2012,116
762,2/1/2012,127
763,2/2/2012,107
764,2/3/2012,122
765,2/4/2012,112
766,2/5/2012,117
767,2/6/2012,134
768,2/7/2012,119
769,2/8/2012,118
770,2/9/2012,123
771,2/10/2012,118
772,2/11/2012,120
773,2/12/2012,96
774,2/13/2012,123
775,2/14/2012,116
776,2/15/2012,146
777,2/16/2012,101
778,2/17/2012,130
779,2/18/2012,111
780,2/19/2012,132
781,2/20/2012,148
782,2/21/2012,133
783,2/22/2012,124
784,2/23/2012,125
785,2/24/2012,145
786,2/25/2012,131
787,2/26/2012,138
788,2/27/2012,135
789,2/28/2012,127
790,2/29/2012,139
791,3/1/2012,131
792,3/2/2012,132
793,3/3/2012,116
794,3/4/2012,117
795,3/5/2012,158
796,3/6/2012,124
797,3/7/2012,108
798,3/8/2012,130
799,3/9/2012,121
800,3/10/2012,111
801,3/11/2012,123
802,3/12/2012,139
803,3/13/2012,129
804,3/14/2012,132
805,3/15/2012,129
806,3/16/2012,134
807,3/17/2012,110
808,3/18/2012,122
809,3/19/2012,134
810,3/20/2012,116
811,3/21/2012,121
812,3/22/2012,109
813,3/23/2012,113
814,3/24/2012,102
815,3/25/2012,133
816,3/26/2012,129
817,3/27/2012,137
818,3/28/2012,122
819,3/29/2012,127
820,3/30/2012,122
821,3/31/2012,105
822,4/1/2012,127
823,4/2/2012,142
824,4/3/2012,125
825,4/4/2012,123
826,4/5/2012,97
827,4/6/2012,126
828,4/7/2012,92
829,4/8/2012,123
830,4/9/2012,133
831,4/10/2012,130
832,4/11/2012,125
833,4/12/2012,107
834,4/13/2012,116
835,4/14/2012,106
836,4/15/2012,117
837,4/16/2012,138
838,4/17/2012,142
839,4/18/2012,113
840,4/19/2012,122
841,4/20/2012,115
842,4/21/2012,104
843,4/22/2012,123
844,4/23/2012,137
845,4/24/2012,133
846,4/25/2012,117
847,4/26/2012,109
848,4/27/2012,119
849,4/28/2012,104
850,4/29/2012,106
851,4/30/2012,137
852,5/1/2012,133
853,5/2/2012,106
854,5/3/2012,123
855,5/4/2012,115
856,5/5/2012,105
857,5/6/2012,113
858,5/7/2012,139
859,5/8/2012,126
860,5/9/2012,124
861,5/10/2012,109
862,5/11/2012,129
863,5/12/2012,111
864,5/13/2012,94
865,5/14/2012,122
866,5/15/2012,123
867,5/16/2012,113
868,5/17/2012,125
869,5/18/2012,109
870,5/19/2012,109
871,5/20/2012,113
872,5/21/2012,132
873,5/22/2012,115
874,5/23/2012,131
875,5/24/2012,119
876,5/25/2012,129
877,5/26/2012,122
878,5/27/2012,125
879,5/28/2012,139
880,5/29/2012,113
881,5/30/2012,130
882,5/31/2012,129
883,6/1/2012,109
884,6/2/2012,120
885,6/3/2012,108
886,6/4/2012,131
887,6/5/2012,108
888,6/6/2012,112
889,6/7/2012,112
890,6/8/2012,108
891,6/9/2012,100
892,6/10/2012,122
893,6/11/2012,98
894,6/12/2012,112
895,6/13/2012,113
896,6/14/2012,102
897,6/15/2012,105
898,6/16/2012,117
899,6/17/2012,97
900,6/18/2012,120
901,6/19/2012,110
902,6/20/2012,105
903,6/21/2012,113
904,6/22/2012,93
905,6/23/2012,100
906,6/24/2012,104
907,6/25/2012,126
908,6/26/2012,101
909,6/27/2012,111
910,6/28/2012,102
911,6/29/2012,97
912,6/30/2012,100
913,7/1/2012,110
914,7/2/2012,121
915,7/3/2012,118
916,7/4/2012,108
917,7/5/2012,113
918,7/6/2012,118
919,7/7/2012,112
920,7/8/2012,118
921,7/9/2012,142
922,7/10/2012,126
923,7/11/2012,101
924,7/12/2012,118
925,7/13/2012,105
926,7/14/2012,103
927,7/15/2012,94
928,7/16/2012,138
929,7/17/2012,112
930,7/18/2012,110
931,7/19/2012,107
932,7/20/2012,112
933,7/21/2012,103
934,7/22/2012,118
935,7/23/2012,117
936,7/24/2012,116
937,7/25/2012,106
938,7/26/2012,119
939,7/27/2012,103
940,7/28/2012,113
941,7/29/2012,101
942,7/30/2012,113
943,7/31/2012,121
944,8/1/2012,111
945,8/2/2012,106
946,8/3/2012,97
947,8/4/2012,103
948,8/5/2012,115
949,8/6/2012,115
950,8/7/2012,104
951,8/8/2012,111
952,8/9/2012,109
953,8/10/2012,102
954,8/11/2012,107
955,8/12/2012,109
956,8/13/2012,129
957,8/14/2012,117
958,8/15/2012,110
959,8/16/2012,94
960,8/17/2012,106
961,8/18/2012,104
962,8/19/2012,104
963,8/20/2012,123
964,8/21/2012,95
965,8/22/2012,118
966,8/23/2012,105
967,8/24/2012,116
968,8/25/2012,86
969,8/26/2012,87
970,8/27/2012,129
971,8/28/2012,129
972,8/29/2012,120
973,8/30/2012,118
974,8/31/2012,107
975,9/1/2012,114
976,9/2/2012,104
977,9/3/2012,124
978,9/4/2012,131
979,9/5/2012,116
980,9/6/2012,115
981,9/7/2012,109
982,9/8/2012,126
983,9/9/2012,106
984,9/10/2012,135
985,9/11/2012,124
986,9/12/2012,105
987,9/13/2012,126
988,9/14/2012,98
989,9/15/2012,108
990,9/16/2012,115
991,9/17/2012,123
992,9/18/2012,111
993,9/19/2012,122
994,9/20/2012,125
995,9/21/2012,135
996,9/22/2012,116
997,9/23/2012,114
998,9/24/2012,134
999,9/25/2012,116
1000,9/26/2012,127
1001,9/27/2012,113
1002,9/28/2012,136
1003,9/29/2012,92
1004,9/30/2012,92
1005,10/1/2012,127
1006,10/2/2012,125
1007,10/3/2012,123
1008,10/4/2012,121
1009,10/5/2012,129
1010,10/6/2012,111
1011,10/7/2012,104
1012,10/8/2012,133
1013,10/9/2012,115
1014,10/10/2012,136
1015,10/11/2012,119
1016,10/12/2012,115
1017,10/13/2012,107
1018,10/14/2012,118
1019,10/15/2012,129
1020,10/16/2012,121
1021,10/17/2012,118
1022,10/18/2012,100
1023,10/19/2012,120
1024,10/20/2012,124
1025,10/21/2012,123
1026,10/22/2012,122
1027,10/23/2012,116
1028,10/24/2012,108
1029,10/25/2012,123
1030,10/26/2012,115
1031,10/27/2012,114
1032,10/28/2012,118
1033,10/29/2012,120
1034,10/30/2012,111
1035,10/31/2012,82
1036,11/1/2012,111
1037,11/2/2012,128
1038,11/3/2012,113
1039,11/4/2012,133
1040,11/5/2012,123
1041,11/6/2012,111
1042,11/7/2012,114
1043,11/8/2012,104
1044,11/9/2012,113
1045,11/10/2012,102
1046,11/11/2012,100
1047,11/12/2012,125
1048,11/13/2012,130
1049,11/14/2012,126
1050,11/15/2012,123
1051,11/16/2012,121
1052,11/17/2012,110
1053,11/18/2012,106
1054,11/19/2012,126
1055,11/20/2012,110
1056,11/21/2012,111
1057,11/22/2012,83
1058,11/23/2012,116
1059,11/24/2012,112
1060,11/25/2012,108
1061,11/26/2012,125
1062,11/27/2012,129
1063,11/28/2012,117
1064,11/29/2012,114
1065,11/30/2012,125
1066,12/1/2012,96
1067,12/2/2012,130
1068,12/3/2012,131
1069,12/4/2012,130
1070,12/5/2012,121
1071,12/6/2012,120
1072,12/7/2012,118
1073,12/8/2012,90
1074,12/9/2012,110
1075,12/10/2012,134
1076,12/11/2012,126
1077,12/12/2012,132
1078,12/13/2012,125
1079,12/14/2012,121
1080,12/15/2012,117
1081,12/16/2012,122
1082,12/17/2012,134
1083,12/18/2012,137
1084,12/19/2012,124
1085,12/20/2012,113
1086,12/21/2012,105
1087,12/22/2012,115
1088,12/23/2012,114
1089,12/24/2012,118
1090,12/25/2012,122
1091,12/26/2012,143
1092,12/27/2012,138
1093,12/28/2012,132
1094,12/29/2012,145
1095,12/30/2012,144
1096,12/31/2012,128
1097,1/1/2013,169
1098,1/2/2013,179
1099,1/3/2013,157
1100,1/4/2013,134
1101,1/5/2013,123
1102,1/6/2013,141
1103,1/7/2013,142
1104,1/8/2013,159
1105,1/9/2013,155
1106,1/10/2013,153
1107,1/11/2013,151
1108,1/12/2013,119
1109,1/13/2013,114
1110,1/14/2013,138
1111,1/15/2013,130
1112,1/16/2013,120
1113,1/17/2013,120
1114,1/18/2013,112
1115,1/19/2013,115
1116,1/20/2013,112
1117,1/21/2013,122
1118,1/22/2013,127
1119,1/23/2013,134
1120,1/24/2013,120
1121,1/25/2013,126
1122,1/26/2013,102
1123,1/27/2013,116
1124,1/28/2013,158
1125,1/29/2013,127
1126,1/30/2013,135
1127,1/31/2013,134
1128,2/1/2013,106
1129,2/2/2013,103
1130,2/3/2013,102
1131,2/4/2013,143
1132,2/5/2013,112
1133,2/6/2013,128
1134,2/7/2013,154
1135,2/8/2013,139
1136,2/9/2013,125
1137,2/10/2013,133
1138,2/11/2013,131
1139,2/12/2013,140
1140,2/13/2013,117
1141,2/14/2013,105
1142,2/15/2013,111
1143,2/16/2013,120
1144,2/17/2013,107
1145,2/18/2013,153
1146,2/19/2013,127
1147,2/20/2013,132
1148,2/21/2013,128
1149,2/22/2013,139
1150,2/23/2013,128
1151,2/24/2013,111
1152,2/25/2013,141
1153,2/26/2013,119
1154,2/27/2013,133
1155,2/28/2013,127
1156,3/1/2013,128
1157,3/2/2013,124
1158,3/3/2013,133
1159,3/4/2013,154
1160,3/5/2013,147
1161,3/6/2013,133
1162,3/7/2013,128
1163,3/8/2013,121
1164,3/9/2013,101
1165,3/10/2013,119
1166,3/11/2013,176
1167,3/12/2013,135
1168,3/13/2013,155
1169,3/14/2013,141
1170,3/15/2013,139
1171,3/16/2013,129
1172,3/17/2013,129
1173,3/18/2013,154
1174,3/19/2013,163
1175,3/20/2013,145
1176,3/21/2013,145
1177,3/22/2013,130
1178,3/23/2013,135
1179,3/24/2013,112
1180,3/25/2013,141
1181,3/26/2013,126
1182,3/27/2013,129
1183,3/28/2013,121
1184,3/29/2013,137
1185,3/30/2013,132
1186,3/31/2013,133
1187,4/1/2013,174
1188,4/2/2013,175
1189,4/3/2013,131
1190,4/4/2013,132
1191,4/5/2013,138
1192,4/6/2013,121
1193,4/7/2013,117
1194,4/8/2013,156
1195,4/9/2013,148
1196,4/10/2013,147
1197,4/11/2013,129
1198,4/12/2013,128
1199,4/13/2013,117
1200,4/14/2013,114
1201,4/15/2013,151
1202,4/16/2013,137
1203,4/17/2013,134
1204,4/18/2013,129
1205,4/19/2013,122
1206,4/20/2013,83
1207,4/21/2013,121
1208,4/22/2013,148
1209,4/23/2013,140
1210,4/24/2013,116
1211,4/25/2013,129
1212,4/26/2013,122
1213,4/27/2013,94
1214,4/28/2013,123
1215,4/29/2013,141
1216,4/30/2013,119
1217,5/1/2013,135
1218,5/2/2013,103
1219,5/3/2013,113
1220,5/4/2013,99
1221,5/5/2013,138
1222,5/6/2013,124
1223,5/7/2013,116
1224,5/8/2013,116
1225,5/9/2013,135
1226,5/10/2013,134
1227,5/11/2013,109
1228,5/12/2013,85
1229,5/13/2013,143
1230,5/14/2013,139
1231,5/15/2013,116
1232,5/16/2013,137
1233,5/17/2013,117
1234,5/18/2013,117
1235,5/19/2013,105
1236,5/20/2013,143
1237,5/21/2013,128
1238,5/22/2013,141
1239,5/23/2013,121
1240,5/24/2013,109
1241,5/25/2013,88
1242,5/26/2013,118
1243,5/27/2013,135
1244,5/28/2013,157
1245,5/29/2013,134
1246,5/30/2013,112
1247,5/31/2013,121
1248,6/1/2013,125
1249,6/2/2013,112
1250,6/3/2013,144
1251,6/4/2013,134
1252,6/5/2013,126
1253,6/6/2013,120
1254,6/7/2013,131
1255,6/8/2013,119
1256,6/9/2013,129
1257,6/10/2013,156
1258,6/11/2013,131
1259,6/12/2013,137
1260,6/13/2013,117
1261,6/14/2013,125
1262,6/15/2013,99
1263,6/16/2013,99
1264,6/17/2013,144
1265,6/18/2013,124
1266,6/19/2013,129
1267,6/20/2013,120
1268,6/21/2013,93
1269,6/22/2013,118
1270,6/23/2013,97
1271,6/24/2013,121
1272,6/25/2013,126
1273,6/26/2013,114
1274,6/27/2013,119
1275,6/28/2013,123
1276,6/29/2013,129
1277,6/30/2013,115
1278,7/1/2013,139
1279,7/2/2013,115
1280,7/3/2013,108
1281,7/4/2013,90
1282,7/5/2013,131
1283,7/6/2013,104
1284,7/7/2013,107
1285,7/8/2013,143
1286,7/9/2013,136
1287,7/10/2013,139
1288,7/11/2013,134
1289,7/12/2013,134
1290,7/13/2013,120
1291,7/14/2013,132
1292,7/15/2013,130
1293,7/16/2013,122
1294,7/17/2013,139
1295,7/18/2013,126
1296,7/19/2013,111
1297,7/20/2013,128
1298,7/21/2013,123
1299,7/22/2013,135
1300,7/23/2013,114
1301,7/24/2013,123
1302,7/25/2013,120
1303,7/26/2013,102
1304,7/27/2013,106
1305,7/28/2013,106
1306,7/29/2013,127
1307,7/30/2013,121
1308,7/31/2013,118
1309,8/1/2013,119
1310,8/2/2013,133
1311,8/3/2013,114
1312,8/4/2013,116
1313,8/5/2013,136
1314,8/6/2013,127
1315,8/7/2013,120
1316,8/8/2013,126
1317,8/9/2013,116
1318,8/10/2013,125
1319,8/11/2013,108
1320,8/12/2013,129
1321,8/13/2013,124
1322,8/14/2013,122
1323,8/15/2013,129
1324,8/16/2013,115
1325,8/17/2013,109
1326,8/18/2013,118
1327,8/19/2013,134
1328,8/20/2013,127
1329,8/21/2013,120
1330,8/22/2013,103
1331,8/23/2013,141
1332,8/24/2013,113
1333,8/25/2013,99
1334,8/26/2013,123
1335,8/27/2013,132
1336,8/28/2013,118
1337,8/29/2013,132
1338,8/30/2013,115
1339,8/31/2013,113
1340,9/1/2013,114
1341,9/2/2013,122
1342,9/3/2013,131
1343,9/4/2013,139
1344,9/5/2013,128
1345,9/6/2013,125
1346,9/7/2013,122
1347,9/8/2013,118
1348,9/9/2013,135
1349,9/10/2013,115
1350,9/11/2013,112
1351,9/12/2013,118
1352,9/13/2013,116
1353,9/14/2013,107
1354,9/15/2013,133
1355,9/16/2013,130
1356,9/17/2013,130
1357,9/18/2013,114
1358,9/19/2013,131
1359,9/20/2013,115
1360,9/21/2013,120
1361,9/22/2013,110
1362,9/23/2013,142
1363,9/24/2013,140
1364,9/25/2013,142
1365,9/26/2013,124
1366,9/27/2013,115
1367,9/28/2013,111
1368,9/29/2013,113
1369,9/30/2013,141
1370,10/1/2013,126
1371,10/2/2013,133
1372,10/3/2013,125
1373,10/4/2013,109
1374,10/5/2013,95
1375,10/6/2013,99
1376,10/7/2013,135
1377,10/8/2013,121
1378,10/9/2013,119
1379,10/10/2013,119
1380,10/11/2013,121
1381,10/12/2013,106
1382,10/13/2013,118
1383,10/14/2013,133
1384,10/15/2013,129
1385,10/16/2013,126
1386,10/17/2013,136
1387,10/18/2013,124
1388,10/19/2013,112
1389,10/20/2013,110
1390,10/21/2013,153
1391,10/22/2013,127
1392,10/23/2013,127
1393,10/24/2013,126
1394,10/25/2013,110
1395,10/26/2013,110
1396,10/27/2013,91
1397,10/28/2013,141
1398,10/29/2013,146
1399,10/30/2013,129
1400,10/31/2013,115
1401,11/1/2013,124
1402,11/2/2013,120
1403,11/3/2013,134
1404,11/4/2013,160
1405,11/5/2013,132
1406,11/6/2013,133
1407,11/7/2013,130
1408,11/8/2013,96
1409,11/9/2013,124
1410,11/10/2013,116
1411,11/11/2013,128
1412,11/12/2013,132
1413,11/13/2013,129
1414,11/14/2013,128
1415,11/15/2013,123
1416,11/16/2013,94
1417,11/17/2013,114
1418,11/18/2013,149
1419,11/19/2013,136
1420,11/20/2013,125
1421,11/21/2013,125
1422,11/22/2013,118
1423,11/23/2013,107
1424,11/24/2013,107
1425,11/25/2013,143
1426,11/26/2013,106
1427,11/27/2013,97
1428,11/28/2013,78
1429,11/29/2013,122
1430,11/30/2013,113
1431,12/1/2013,132
1432,12/2/2013,139
1433,12/3/2013,118
1434,12/4/2013,126
1435,12/5/2013,116
1436,12/6/2013,132
1437,12/7/2013,114
1438,12/8/2013,128
1439,12/9/2013,148
1440,12/10/2013,141
1441,12/11/2013,124
1442,12/12/2013,110
1443,12/13/2013,112
1444,12/14/2013,112
1445,12/15/2013,119
1446,12/16/2013,118
1447,12/17/2013,118
1448,12/18/2013,128
1449,12/19/2013,129
1450,12/20/2013,88
1451,12/21/2013,125
1452,12/22/2013,122
1453,12/23/2013,131
1454,12/24/2013,92
1455,12/25/2013,102
1456,12/26/2013,139
1457,12/27/2013,134
1458,12/28/2013,145
1459,12/29/2013,156
1460,12/30/2013,145
1461,12/31/2013,130
1462,1/1/2014,109
1463,1/2/2014,140
1464,1/3/2014,119
1465,1/4/2014,120
1466,1/5/2014,140
1467,1/6/2014,123
1468,1/7/2014,119
1469,1/8/2014,132
1470,1/9/2014,129
1471,1/10/2014,131
1472,1/11/2014,127
1473,1/12/2014,110
1474,1/13/2014,154
1475,1/14/2014,144
1476,1/15/2014,124
1477,1/16/2014,105
1478,1/17/2014,97
1479,1/18/2014,115
1480,1/19/2014,123
1481,1/20/2014,125
1482,1/21/2014,129
1483,1/22/2014,122
1484,1/23/2014,121
1485,1/24/2014,115
1486,1/25/2014,117
1487,1/26/2014,128
1488,1/27/2014,174
1489,1/28/2014,167
1490,1/29/2014,140
1491,1/30/2014,110
1492,1/31/2014,139
1493,2/1/2014,138
1494,2/2/2014,124
1495,2/3/2014,147
1496,2/4/2014,141
1497,2/5/2014,138
1498,2/6/2014,148
1499,2/7/2014,133
1500,2/8/2014,110
1501,2/9/2014,132
1502,2/10/2014,138
1503,2/11/2014,130
1504,2/12/2014,142
1505,2/13/2014,130
1506,2/14/2014,104
1507,2/15/2014,113
1508,2/16/2014,118
1509,2/17/2014,136
1510,2/18/2014,147
1511,2/19/2014,133
1512,2/20/2014,131
1513,2/21/2014,126
1514,2/22/2014,123
1515,2/23/2014,124
1516,2/24/2014,143
1517,2/25/2014,145
1518,2/26/2014,136
1519,2/27/2014,115
1520,2/28/2014,137
1521,3/1/2014,143
1522,3/2/2014,106
1523,3/3/2014,147
1524,3/4/2014,145
1525,3/5/2014,140
1526,3/6/2014,143
1527,3/7/2014,127
1528,3/8/2014,118
1529,3/9/2014,126
1530,3/10/2014,152
1531,3/11/2014,143
1532,3/12/2014,143
1533,3/13/2014,131
1534,3/14/2014,129
1535,3/15/2014,124
1536,3/16/2014,125
1537,3/17/2014,138
1538,3/18/2014,158
1539,3/19/2014,127
1540,3/20/2014,118
1541,3/21/2014,139
1542,3/22/2014,144
1543,3/23/2014,133
1544,3/24/2014,151
1545,3/25/2014,146
1546,3/26/2014,125
1547,3/27/2014,135
1548,3/28/2014,122
1549,3/29/2014,127
1550,3/30/2014,126
1551,3/31/2014,145
1552,4/1/2014,128
1553,4/2/2014,133
1554,4/3/2014,123
1555,4/4/2014,128
1556,4/5/2014,121
1557,4/6/2014,144
1558,4/7/2014,147
1559,4/8/2014,142
1560,4/9/2014,136
1561,4/10/2014,128
1562,4/11/2014,140
1563,4/12/2014,132
1564,4/13/2014,130
1565,4/14/2014,156
1566,4/15/2014,144
1567,4/16/2014,127
1568,4/17/2014,122
1569,4/18/2014,137
1570,4/19/2014,117
1571,4/20/2014,127
1572,4/21/2014,151
1573,4/22/2014,135
1574,4/23/2014,140
1575,4/24/2014,121
1576,4/25/2014,131
1577,4/26/2014,120
1578,4/27/2014,132
1579,4/28/2014,135
1580,4/29/2014,140
1581,4/30/2014,126
1582,5/1/2014,131
1583,5/2/2014,116
1584,5/3/2014,105
1585,5/4/2014,134
1586,5/5/2014,157
1587,5/6/2014,146
1588,5/7/2014,140
1589,5/8/2014,126
1590,5/9/2014,149
1591,5/10/2014,113
1592,5/11/2014,124
1593,5/12/2014,155
1594,5/13/2014,133
1595,5/14/2014,145
1596,5/15/2014,138
1597,5/16/2014,122
1598,5/17/2014,126
1599,5/18/2014,135
1600,5/19/2014,152
1601,5/20/2014,140
1602,5/21/2014,135
1603,5/22/2014,117
1604,5/23/2014,128
1605,5/24/2014,104
1606,5/25/2014,121
1607,5/26/2014,142
1608,5/27/2014,150
1609,5/28/2014,166
1610,5/29/2014,124
1611,5/30/2014,148
1612,5/31/2014,128
1613,6/1/2014,131
1614,6/2/2014,146
1615,6/3/2014,139
1616,6/4/2014,138
1617,6/5/2014,134
1618,6/6/2014,131
1619,6/7/2014,116
1620,6/8/2014,132
1621,6/9/2014,150
1622,6/10/2014,130
1623,6/11/2014,143
1624,6/12/2014,129
1625,6/13/2014,120
1626,6/14/2014,130
1627,6/15/2014,121
1628,6/16/2014,132
1629,6/17/2014,132
1630,6/18/2014,125
1631,6/19/2014,118
1632,6/20/2014,107
1633,6/21/2014,131
1634,6/22/2014,126
1635,6/23/2014,141
1636,6/24/2014,119
1637,6/25/2014,125
1638,6/26/2014,136
1639,6/27/2014,103
1640,6/28/2014,126
1641,6/29/2014,118
1642,6/30/2014,119
1643,7/1/2014,131
1644,7/2/2014,124
1645,7/3/2014,105
1646,7/4/2014,119
1647,7/5/2014,127
1648,7/6/2014,126
1649,7/7/2014,123
1650,7/8/2014,124
1651,7/9/2014,118
1652,7/10/2014,132
1653,7/11/2014,123
1654,7/12/2014,121
1655,7/13/2014,121
1656,7/14/2014,116
1657,7/15/2014,142
1658,7/16/2014,141
1659,7/17/2014,131
1660,7/18/2014,124
1661,7/19/2014,112
1662,7/20/2014,111
1663,7/21/2014,159
1664,7/22/2014,109
1665,7/23/2014,129
1666,7/24/2014,127
1667,7/25/2014,132
1668,7/26/2014,111
1669,7/27/2014,136
1670,7/28/2014,139
1671,7/29/2014,122
1672,7/30/2014,118
1673,7/31/2014,118
1674,8/1/2014,120
1675,8/2/2014,109
1676,8/3/2014,122
1677,8/4/2014,146
1678,8/5/2014,135
1679,8/6/2014,130
1680,8/7/2014,125
1681,8/8/2014,139
1682,8/9/2014,127
1683,8/10/2014,126
1684,8/11/2014,163
1685,8/12/2014,137
1686,8/13/2014,150
1687,8/14/2014,101
1688,8/15/2014,136
1689,8/16/2014,140
1690,8/17/2014,151
1691,8/18/2014,144
1692,8/19/2014,140
1693,8/20/2014,152
1694,8/21/2014,128
1695,8/22/2014,130
1696,8/23/2014,129
1697,8/24/2014,125
1698,8/25/2014,164
1699,8/26/2014,136
1700,8/27/2014,140
1701,8/28/2014,145
1702,8/29/2014,111
1703,8/30/2014,129
1704,8/31/2014,146
1705,9/1/2014,145
1706,9/2/2014,180
1707,9/3/2014,143
1708,9/4/2014,113
1709,9/5/2014,125
1710,9/6/2014,118
1711,9/7/2014,129
1712,9/8/2014,138
1713,9/9/2014,156
1714,9/10/2014,155
1715,9/11/2014,150
1716,9/12/2014,123
1717,9/13/2014,99
1718,9/14/2014,135
1719,9/15/2014,153
1720,9/16/2014,142
1721,9/17/2014,153
1722,9/18/2014,146
1723,9/19/2014,118
1724,9/20/2014,133
1725,9/21/2014,129
1726,9/22/2014,136
1727,9/23/2014,164
1728,9/24/2014,149
1729,9/25/2014,133
1730,9/26/2014,138
1731,9/27/2014,127
1732,9/28/2014,126
1733,9/29/2014,148
1734,9/30/2014,133
1735,10/1/2014,149
1736,10/2/2014,157
1737,10/3/2014,132
1738,10/4/2014,137
1739,10/5/2014,129
1740,10/6/2014,168
1741,10/7/2014,140
1742,10/8/2014,154
1743,10/9/2014,135
1744,10/10/2014,153
1745,10/11/2014,124
1746,10/12/2014,148
1747,10/13/2014,166
1748,10/14/2014,147
1749,10/15/2014,158
1750,10/16/2014,141
1751,10/17/2014,148
1752,10/18/2014,118
1753,10/19/2014,125
1754,10/20/2014,168
1755,10/21/2014,163
1756,10/22/2014,144
1757,10/23/2014,131
1758,10/24/2014,131
1759,10/25/2014,122
1760,10/26/2014,119
1761,10/27/2014,173
1762,10/28/2014,141
1763,10/29/2014,145
1764,10/30/2014,136
1765,10/31/2014,113
1766,11/1/2014,106
1767,11/2/2014,108
1768,11/3/2014,137
1769,11/4/2014,149
1770,11/5/2014,153
1771,11/6/2014,147
1772,11/7/2014,130
1773,11/8/2014,122
1774,11/9/2014,119
1775,11/10/2014,164
1776,11/11/2014,140
1777,11/12/2014,126
1778,11/13/2014,151
1779,11/14/2014,129
1780,11/15/2014,145
1781,11/16/2014,132
1782,11/17/2014,162
1783,11/18/2014,118
1784,11/19/2014,123
1785,11/20/2014,120
1786,11/21/2014,123
1787,11/22/2014,109
1788,11/23/2014,139
1789,11/24/2014,145
1790,11/25/2014,136
1791,11/26/2014,120
1792,11/27/2014,97
1793,11/28/2014,147
1794,11/29/2014,142
1795,11/30/2014,133
1796,12/1/2014,134
1797,12/2/2014,155
1798,12/3/2014,150
1799,12/4/2014,140
1800,12/5/2014,148
1801,12/6/2014,125
1802,12/7/2014,138
1803,12/8/2014,151
1804,12/9/2014,134
1805,12/10/2014,158
1806,12/11/2014,138
1807,12/12/2014,120
1808,12/13/2014,100
1809,12/14/2014,115
1810,12/15/2014,150
1811,12/16/2014,145
1812,12/17/2014,157
1813,12/18/2014,150
1814,12/19/2014,126
1815,12/20/2014,129
1816,12/21/2014,146
1817,12/22/2014,165
1818,12/23/2014,148
1819,12/24/2014,109
1820,12/25/2014,140
1821,12/26/2014,198
1822,12/27/2014,183
1823,12/28/2014,160
1824,12/29/2014,195
1825,12/30/2014,166
1826,12/31/2014,127
1827,1/1/2015,158
1828,1/2/2015,183
1829,1/3/2015,154
1830,1/4/2015,151
1831,1/5/2015,174
1832,1/6/2015,151
1833,1/7/2015,141
1834,1/8/2015,135
1835,1/9/2015,132
1836,1/10/2015,110
1837,1/11/2015,143
1838,1/12/2015,149
1839,1/13/2015,179
1840,1/14/2015,143
1841,1/15/2015,131
1842,1/16/2015,135
1843,1/17/2015,126
1844,1/18/2015,125
1845,1/19/2015,149
1846,1/20/2015,156
1847,1/21/2015,133
1848,1/22/2015,163
1849,1/23/2015,128
1850,1/24/2015,121
1851,1/25/2015,118
1852,1/26/2015,143
1853,1/27/2015,154
1854,1/28/2015,144
1855,1/29/2015,165
1856,1/30/2015,121
1857,1/31/2015,94
1858,2/1/2015,118
1859,2/2/2015,158
1860,2/3/2015,164
1861,2/4/2015,144
1862,2/5/2015,149
1863,2/6/2015,137
1864,2/7/2015,124
1865,2/8/2015,138
1866,2/9/2015,170
1867,2/10/2015,137
1868,2/11/2015,159
1869,2/12/2015,141
1870,2/13/2015,131
1871,2/14/2015,105
1872,2/15/2015,154
1873,2/16/2015,155
1874,2/17/2015,135
1875,2/18/2015,131
1876,2/19/2015,109
1877,2/20/2015,108
1878,2/21/2015,131
1879,2/22/2015,126
1880,2/23/2015,174
1881,2/24/2015,178
1882,2/25/2015,173
1883,2/26/2015,149
1884,2/27/2015,143
1885,2/28/2015,121
1886,3/1/2015,135
1887,3/2/2015,169
1888,3/3/2015,147
1889,3/4/2015,149
1890,3/5/2015,156
1891,3/6/2015,130
1892,3/7/2015,161
1893,3/8/2015,132
1894,3/9/2015,163
1895,3/10/2015,164
1896,3/11/2015,160
1897,3/12/2015,155
1898,3/13/2015,161
1899,3/14/2015,128
1900,3/15/2015,128
1901,3/16/2015,182
1902,3/17/2015,155
1903,3/18/2015,153
1904,3/19/2015,156
1905,3/20/2015,143
1906,3/21/2015,145
1907,3/22/2015,133
1908,3/23/2015,142
1909,3/24/2015,153
1910,3/25/2015,129
1911,3/26/2015,151
1912,3/27/2015,129
1913,3/28/2015,140
1914,3/29/2015,138
1915,3/30/2015,162
1916,3/31/2015,143
1917,4/1/2015,157
1918,4/2/2015,155
1919,4/3/2015,135
1920,4/4/2015,153
1921,4/5/2015,138
1922,4/6/2015,168
1923,4/7/2015,183
1924,4/8/2015,161
1925,4/9/2015,167
1926,4/10/2015,151
1927,4/11/2015,124
1928,4/12/2015,129
1929,4/13/2015,161
1930,4/14/2015,162
1931,4/15/2015,142
1932,4/16/2015,170
1933,4/17/2015,162
1934,4/18/2015,127
1935,4/19/2015,131
1936,4/20/2015,155
1937,4/21/2015,154
1938,4/22/2015,156
1939,4/23/2015,159
1940,4/24/2015,152
1941,4/25/2015,135
1942,4/26/2015,150
1943,4/27/2015,163
1944,4/28/2015,130
1945,4/29/2015,158
1946,4/30/2015,152
1947,5/1/2015,147
1948,5/2/2015,112
1949,5/3/2015,141
1950,5/4/2015,164
1951,5/5/2015,151
1952,5/6/2015,162
1953,5/7/2015,155
1954,5/8/2015,145
1955,5/9/2015,135
1956,5/10/2015,121
1957,5/11/2015,166
1958,5/12/2015,141
1959,5/13/2015,155
1960,5/14/2015,142
1961,5/15/2015,138
1962,5/16/2015,116
1963,5/17/2015,124
1964,5/18/2015,161
1965,5/19/2015,141
1966,5/20/2015,145
1967,5/21/2015,159
1968,5/22/2015,143
1969,5/23/2015,132
1970,5/24/2015,123
1971,5/25/2015,125
1972,5/26/2015,158
1973,5/27/2015,166
1974,5/28/2015,146
1975,5/29/2015,142
1976,5/30/2015,122
1977,5/31/2015,123
1978,6/1/2015,159
1979,6/2/2015,139
1980,6/3/2015,138
1981,6/4/2015,147
1982,6/5/2015,137
1983,6/6/2015,120
1984,6/7/2015,134
1985,6/8/2015,160
1986,6/9/2015,156
1987,6/10/2015,130
1988,6/11/2015,139
1989,6/12/2015,132
1990,6/13/2015,113
1991,6/14/2015,145
1992,6/15/2015,175
1993,6/16/2015,139
1994,6/17/2015,153
1995,6/18/2015,133
1996,6/19/2015,125
1997,6/20/2015,139
1998,6/21/2015,97
1999,6/22/2015,162
2000,6/23/2015,165
2001,6/24/2015,142
2002,6/25/2015,130
2003,6/26/2015,139
2004,6/27/2015,127
2005,6/28/2015,117
2006,6/29/2015,138
2007,6/30/2015,156
2008,7/1/2015,154
2009,7/2/2015,139
2010,7/3/2015,133
2011,7/4/2015,113
2012,7/5/2015,124
2013,7/6/2015,172
2014,7/7/2015,150
2015,7/8/2015,147
2016,7/9/2015,155
2017,7/10/2015,137
2018,7/11/2015,131
2019,7/12/2015,142
2020,7/13/2015,171
2021,7/14/2015,142
2022,7/15/2015,137
2023,7/16/2015,150
2024,7/17/2015,132
2025,7/18/2015,138
2026,7/19/2015,139
2027,7/20/2015,170
2028,7/21/2015,157
2029,7/22/2015,142
2030,7/23/2015,138
2031,7/24/2015,146
2032,7/25/2015,133
2033,7/26/2015,138
2034,7/27/2015,155
2035,7/28/2015,119
2036,7/29/2015,148
2037,7/30/2015,138
2038,7/31/2015,125
2039,8/1/2015,144
2040,8/2/2015,133
2041,8/3/2015,167
2042,8/4/2015,136
2043,8/5/2015,155
2044,8/6/2015,146
2045,8/7/2015,149
2046,8/8/2015,152
2047,8/9/2015,136
2048,8/10/2015,185
2049,8/11/2015,162
2050,8/12/2015,148
2051,8/13/2015,130
2052,8/14/2015,146
2053,8/15/2015,105
2054,8/16/2015,144
2055,8/17/2015,158
2056,8/18/2015,162
2057,8/19/2015,130
2058,8/20/2015,126
2059,8/21/2015,145
2060,8/22/2015,137
2061,8/23/2015,121
2062,8/24/2015,154
2063,8/25/2015,154
2064,8/26/2015,166
2065,8/27/2015,151
2066,8/28/2015,132
2067,8/29/2015,132
2068,8/30/2015,123
2069,8/31/2015,166
2070,9/1/2015,164
2071,9/2/2015,154
2072,9/3/2015,179
2073,9/4/2015,147
2074,9/5/2015,143
2075,9/6/2015,135
2076,9/7/2015,153
2077,9/8/2015,159
2078,9/9/2015,180
2079,9/10/2015,163
2080,9/11/2015,173
2081,9/12/2015,135
2082,9/13/2015,154
2083,9/14/2015,190
2084,9/15/2015,153
2085,9/16/2015,139
2086,9/17/2015,166
2087,9/18/2015,149
2088,9/19/2015,143
2089,9/20/2015,141
2090,9/21/2015,185
2091,9/22/2015,161
2092,9/23/2015,161
2093,9/24/2015,165
2094,9/25/2015,147
2095,9/26/2015,144
2096,9/27/2015,127
2097,9/28/2015,191
2098,9/29/2015,151
2099,9/30/2015,185
2100,10/1/2015,173
2101,10/2/2015,146
2102,10/3/2015,133
2103,10/4/2015,124
2104,10/5/2015,180
2105,10/6/2015,167
2106,10/7/2015,152
2107,10/8/2015,162
2108,10/9/2015,185
2109,10/10/2015,137
2110,10/11/2015,127
2111,10/12/2015,196
2112,10/13/2015,154
2113,10/14/2015,152
2114,10/15/2015,166
2115,10/16/2015,161
2116,10/17/2015,143
2117,10/18/2015,152
2118,10/19/2015,195
2119,10/20/2015,172
2120,10/21/2015,148
2121,10/22/2015,145
2122,10/23/2015,141
2123,10/24/2015,136
2124,10/25/2015,139
2125,10/26/2015,178
2126,10/27/2015,189
2127,10/28/2015,149
2128,10/29/2015,158
2129,10/30/2015,154
2130,10/31/2015,138
2131,11/1/2015,133
2132,11/2/2015,162
2133,11/3/2015,167
2134,11/4/2015,200
2135,11/5/2015,153
2136,11/6/2015,141
2137,11/7/2015,149
2138,11/8/2015,147
2139,11/9/2015,171
2140,11/10/2015,173
2141,11/11/2015,144
2142,11/12/2015,168
2143,11/13/2015,131
2144,11/14/2015,117
2145,11/15/2015,127
2146,11/16/2015,171
2147,11/17/2015,182
2148,11/18/2015,172
2149,11/19/2015,168
2150,11/20/2015,151
2151,11/21/2015,143
2152,11/22/2015,166
2153,11/23/2015,167
2154,11/24/2015,135
2155,11/25/2015,145
2156,11/26/2015,111
2157,11/27/2015,147
2158,11/28/2015,159
2159,11/29/2015,161
2160,11/30/2015,200
2161,12/1/2015,207
2162,12/2/2015,169
2163,12/3/2015,167
2164,12/4/2015,149
2165,12/5/2015,132
2166,12/6/2015,158
2167,12/7/2015,177
2168,12/8/2015,154
2169,12/9/2015,157
2170,12/10/2015,156
2171,12/11/2015,159
2172,12/12/2015,132
2173,12/13/2015,146
2174,12/14/2015,193
2175,12/15/2015,178
2176,12/16/2015,156
2177,12/17/2015,154
2178,12/18/2015,142
2179,12/19/2015,141
2180,12/20/2015,148
2181,12/21/2015,146
2182,12/22/2015,176
2183,12/23/2015,164
2184,12/24/2015,107
2185,12/25/2015,137
2186,12/26/2015,179
2187,12/27/2015,166
2188,12/28/2015,191
2189,12/29/2015,158
2190,12/30/2015,198
2191,12/31/2015,127
2192,1/1/2016,172
2193,1/2/2016,186
2194,1/3/2016,153
2195,1/4/2016,165
2196,1/5/2016,178
2197,1/6/2016,146
2198,1/7/2016,157
2199,1/8/2016,166
2200,1/9/2016,155
2201,1/10/2016,158
2202,1/11/2016,190
2203,1/12/2016,173
2204,1/13/2016,164
2205,1/14/2016,174
2206,1/15/2016,146
2207,1/16/2016,136
2208,1/17/2016,168
2209,1/18/2016,134
2210,1/19/2016,182
2211,1/20/2016,145
2212,1/21/2016,143
2213,1/22/2016,170
2214,1/23/2016,141
2215,1/24/2016,149
2216,1/25/2016,184
2217,1/26/2016,172
2218,1/27/2016,177
2219,1/28/2016,160
2220,1/29/2016,164
2221,1/30/2016,145
2222,1/31/2016,151
2223,2/1/2016,192
2224,2/2/2016,187
2225,2/3/2016,186
2226,2/4/2016,177
2227,2/5/2016,160
2228,2/6/2016,148
2229,2/7/2016,167
2230,2/8/2016,198
2231,2/9/2016,194
2232,2/10/2016,174
2233,2/11/2016,189
2234,2/12/2016,175
2235,2/13/2016,186
2236,2/14/2016,150
2237,2/15/2016,209
2238,2/16/2016,195
2239,2/17/2016,190
2240,2/18/2016,190
2241,2/19/2016,175
2242,2/20/2016,155
2243,2/21/2016,166
2244,2/22/2016,213
2245,2/23/2016,200
2246,2/24/2016,218
2247,2/25/2016,175
2248,2/26/2016,168
2249,2/27/2016,189
2250,2/28/2016,153
2251,2/29/2016,182
2252,3/1/2016,218
2253,3/2/2016,196
2254,3/3/2016,179
2255,3/4/2016,205
2256,3/5/2016,173
2257,3/6/2016,151
2258,3/7/2016,204
2259,3/8/2016,182
2260,3/9/2016,197
2261,3/10/2016,178
2262,3/11/2016,182
2263,3/12/2016,144
2264,3/13/2016,147
2265,3/14/2016,206
2266,3/15/2016,212
2267,3/16/2016,164
2268,3/17/2016,171
2269,3/18/2016,171
2270,3/19/2016,174
2271,3/20/2016,161
2272,3/21/2016,187
2273,3/22/2016,179
2274,3/23/2016,178
2275,3/24/2016,177
2276,3/25/2016,172
2277,3/26/2016,176
2278,3/27/2016,146
2279,3/28/2016,182
2280,3/29/2016,181
2281,3/30/2016,182
2282,3/31/2016,167
2283,4/1/2016,178
2284,4/2/2016,130
2285,4/3/2016,167
2286,4/4/2016,159
2287,4/5/2016,174
2288,4/6/2016,181
2289,4/7/2016,180
2290,4/8/2016,171
2291,4/9/2016,156
2292,4/10/2016,143
2293,4/11/2016,168
2294,4/12/2016,180
2295,4/13/2016,169
2296,4/14/2016,155
2297,4/15/2016,153
2298,4/16/2016,128
2299,4/17/2016,155
2300,4/18/2016,176
2301,4/19/2016,168
2302,4/20/2016,165
2303,4/21/2016,174
2304,4/22/2016,166
2305,4/23/2016,164
2306,4/24/2016,147
2307,4/25/2016,195
2308,4/26/2016,179
2309,4/27/2016,169
2310,4/28/2016,162
2311,4/29/2016,155
2312,4/30/2016,137
2313,5/1/2016,166
2314,5/2/2016,174
2315,5/3/2016,163
2316,5/4/2016,158
2317,5/5/2016,186
2318,5/6/2016,150
2319,5/7/2016,146
2320,5/8/2016,128
2321,5/9/2016,200
2322,5/10/2016,156
2323,5/11/2016,159
2324,5/12/2016,173
2325,5/13/2016,163
2326,5/14/2016,146
2327,5/15/2016,149
2328,5/16/2016,169
2329,5/17/2016,176
2330,5/18/2016,171
2331,5/19/2016,153
2332,5/20/2016,168
2333,5/21/2016,159
2334,5/22/2016,138
2335,5/23/2016,191
2336,5/24/2016,166
2337,5/25/2016,148
2338,5/26/2016,178
2339,5/27/2016,140
2340,5/28/2016,123
2341,5/29/2016,146
2342,5/30/2016,176
2343,5/31/2016,182
2344,6/1/2016,172
2345,6/2/2016,167
2346,6/3/2016,147
2347,6/4/2016,141
2348,6/5/2016,153
2349,6/6/2016,179
2350,6/7/2016,159
2351,6/8/2016,129
2352,6/9/2016,151
2353,6/10/2016,160
2354,6/11/2016,138
2355,6/12/2016,155
2356,6/13/2016,141
2357,6/14/2016,153
2358,6/15/2016,156
2359,6/16/2016,157
2360,6/17/2016,145
2361,6/18/2016,139
2362,6/19/2016,138
2363,6/20/2016,168
2364,6/21/2016,156
2365,6/22/2016,175
2366,6/23/2016,157
2367,6/24/2016,167
2368,6/25/2016,142
2369,6/26/2016,146
2370,6/27/2016,155
2371,6/28/2016,160
2372,6/29/2016,142
2373,6/30/2016,155
2374,7/1/2016,133
2375,7/2/2016,142
2376,7/3/2016,147
2377,7/4/2016,134
2378,7/5/2016,201
2379,7/6/2016,164
2380,7/7/2016,161
2381,7/8/2016,165
2382,7/9/2016,134
2383,7/10/2016,146
2384,7/11/2016,168
2385,7/12/2016,149
2386,7/13/2016,153
2387,7/14/2016,168
2388,7/15/2016,149
2389,7/16/2016,160
2390,7/17/2016,144
2391,7/18/2016,157
2392,7/19/2016,158
2393,7/20/2016,163
2394,7/21/2016,152
2395,7/22/2016,143
2396,7/23/2016,154
2397,7/24/2016,169
2398,7/25/2016,184
2399,7/26/2016,159
2400,7/27/2016,163
2401,7/28/2016,152
2402,7/29/2016,144
2403,7/30/2016,144
2404,7/31/2016,159
2405,8/1/2016,173
2406,8/2/2016,174
2407,8/3/2016,144
2408,8/4/2016,140
2409,8/5/2016,168
2410,8/6/2016,146
2411,8/7/2016,130
2412,8/8/2016,165
2413,8/9/2016,153
2414,8/10/2016,157
2415,8/11/2016,140
2416,8/12/2016,131
2417,8/13/2016,125
2418,8/14/2016,144
2419,8/15/2016,161
2420,8/16/2016,138
2421,8/17/2016,154
2422,8/18/2016,152
2423,8/19/2016,173
2424,8/20/2016,132
2425,8/21/2016,173
2426,8/22/2016,178
2427,8/23/2016,173
2428,8/24/2016,155
2429,8/25/2016,173
2430,8/26/2016,176
2431,8/27/2016,156
2432,8/28/2016,157
2433,8/29/2016,183
2434,8/30/2016,195
2435,8/31/2016,172
2436,9/1/2016,143
2437,9/2/2016,153
2438,9/3/2016,150
2439,9/4/2016,148
2440,9/5/2016,153
2441,9/6/2016,189
2442,9/7/2016,156
2443,9/8/2016,169
2444,9/9/2016,164
2445,9/10/2016,157
2446,9/11/2016,164
2447,9/12/2016,204
2448,9/13/2016,152
2449,9/14/2016,158
2450,9/15/2016,148
2451,9/16/2016,156
2452,9/17/2016,157
2453,9/18/2016,136
2454,9/19/2016,194
2455,9/20/2016,176
2456,9/21/2016,165
2457,9/22/2016,165
2458,9/23/2016,176
2459,9/24/2016,140
2460,9/25/2016,153
2461,9/26/2016,150
2462,9/27/2016,163
2463,9/28/2016,144
2464,9/29/2016,165
2465,9/30/2016,163
2466,10/1/2016,160
2467,10/2/2016,141
2468,10/3/2016,159
2469,10/4/2016,149
2470,10/5/2016,158
2471,10/6/2016,95
2472,10/7/2016,88
2473,10/8/2016,187
2474,10/9/2016,172
2475,10/10/2016,171
2476,10/11/2016,161
2477,10/12/2016,165
2478,10/13/2016,183
2479,10/14/2016,146
2480,10/15/2016,156
2481,10/16/2016,164
2482,10/17/2016,178
2483,10/18/2016,169
2484,10/19/2016,172
2485,10/20/2016,172
2486,10/21/2016,140
2487,10/22/2016,131
2488,10/23/2016,140
2489,10/24/2016,180
2490,10/25/2016,168
2491,10/26/2016,160
2492,10/27/2016,163
2493,10/28/2016,141
2494,10/29/2016,137
2495,10/30/2016,131
2496,10/31/2016,139
2497,11/1/2016,184
2498,11/2/2016,174
2499,11/3/2016,164
2500,11/4/2016,143
2501,11/5/2016,131
2502,11/6/2016,148
2503,11/7/2016,181
2504,11/8/2016,151
2505,11/9/2016,174
2506,11/10/2016,166
2507,11/11/2016,147
2508,11/12/2016,152
2509,11/13/2016,150
2510,11/14/2016,191
2511,11/15/2016,174
2512,11/16/2016,153
2513,11/17/2016,136
2514,11/18/2016,154
2515,11/19/2016,127
2516,11/20/2016,140
2517,11/21/2016,165
2518,11/22/2016,145
2519,11/23/2016,151
2520,11/24/2016,117
2521,11/25/2016,183
2522,11/26/2016,162
2523,11/27/2016,169
2524,11/28/2016,202
2525,11/29/2016,191
2526,11/30/2016,179
2527,12/1/2016,155
2528,12/2/2016,164
2529,12/3/2016,141
2530,12/4/2016,140
2531,12/5/2016,174
2532,12/6/2016,189
2533,12/7/2016,163
2534,12/8/2016,161
2535,12/9/2016,150
2536,12/10/2016,111
2537,12/11/2016,144
2538,12/12/2016,203
2539,12/13/2016,183
2540,12/14/2016,156
2541,12/15/2016,169
2542,12/16/2016,150
2543,12/17/2016,162
2544,12/18/2016,149
2545,12/19/2016,165
2546,12/20/2016,175
2547,12/21/2016,155
2548,12/22/2016,169
2549,12/23/2016,146
2550,12/24/2016,111
2551,12/25/2016,171
2552,12/26/2016,211
2553,12/27/2016,184
2554,12/28/2016,193
2555,12/29/2016,192
2556,12/30/2016,160
2557,12/31/2016,121
2558,1/1/2017,216
2559,1/2/2017,200
2560,1/3/2017,203
2561,1/4/2017,202
2562,1/5/2017,170
2563,1/6/2017,166
2564,1/7/2017,173
2565,1/8/2017,145
2566,1/9/2017,168
2567,1/10/2017,166
2568,1/11/2017,167
2569,1/12/2017,188
2570,1/13/2017,174
2571,1/14/2017,165
2572,1/15/2017,174
2573,1/16/2017,181
2574,1/17/2017,212
2575,1/18/2017,166
2576,1/19/2017,190
2577,1/20/2017,190
2578,1/21/2017,165
2579,1/22/2017,147
2580,1/23/2017,195
2581,1/24/2017,172
2582,1/25/2017,176
2583,1/26/2017,193
2584,1/27/2017,188
2585,1/28/2017,147
2586,1/29/2017,163
2587,1/30/2017,169
2588,1/31/2017,175
2589,2/1/2017,176
2590,2/2/2017,184
2591,2/3/2017,180
2592,2/4/2017,168
2593,2/5/2017,163
2594,2/6/2017,187
2595,2/7/2017,192
2596,2/8/2017,189
2597,2/9/2017,185
2598,2/10/2017,166
2599,2/11/2017,164
2600,2/12/2017,182
2601,2/13/2017,201
2602,2/14/2017,183
2603,2/15/2017,189
2604,2/16/2017,179
2605,2/17/2017,164
2606,2/18/2017,181
2607,2/19/2017,178
2608,2/20/2017,212
2609,2/21/2017,182
2610,2/22/2017,178
2611,2/23/2017,195
2612,2/24/2017,179
2613,2/25/2017,155
2614,2/26/2017,164
2615,2/27/2017,203
2616,2/28/2017,185
2617,3/1/2017,188
2618,3/2/2017,189
2619,3/3/2017,180
2620,3/4/2017,145
2621,3/5/2017,160
2622,3/6/2017,196
2623,3/7/2017,183
2624,3/8/2017,194
2625,3/9/2017,180
2626,3/10/2017,179
2627,3/11/2017,161
2628,3/12/2017,168
2629,3/13/2017,217
2630,3/14/2017,190
2631,3/15/2017,154
2632,3/16/2017,166
2633,3/17/2017,176
2634,3/18/2017,145
2635,3/19/2017,154
2636,3/20/2017,194
2637,3/21/2017,181
2638,3/22/2017,174
2639,3/23/2017,173
2640,3/24/2017,164
2641,3/25/2017,169
2642,3/26/2017,173
2643,3/27/2017,210
2644,3/28/2017,192
2645,3/29/2017,181
2646,3/30/2017,196
2647,3/31/2017,152
2648,4/1/2017,176
2649,4/2/2017,181
2650,4/3/2017,204
2651,4/4/2017,175
2652,4/5/2017,192
2653,4/6/2017,161
2654,4/7/2017,156
2655,4/8/2017,151
2656,4/9/2017,169
2657,4/10/2017,201
2658,4/11/2017,173
2659,4/12/2017,166
2660,4/13/2017,171
2661,4/14/2017,158
2662,4/15/2017,167
2663,4/16/2017,162
2664,4/17/2017,213
2665,4/18/2017,179
2666,4/19/2017,159
2667,4/20/2017,165
2668,4/21/2017,170
2669,4/22/2017,163
2670,4/23/2017,182
2671,4/24/2017,209
2672,4/25/2017,179
2673,4/26/2017,173
2674,4/27/2017,172
2675,4/28/2017,178
2676,4/29/2017,137
2677,4/30/2017,143
2678,5/1/2017,198
2679,5/2/2017,182
2680,5/3/2017,157
2681,5/4/2017,171
2682,5/5/2017,140
2683,5/6/2017,144
2684,5/7/2017,138
2685,5/8/2017,195
2686,5/9/2017,190
2687,5/10/2017,175
2688,5/11/2017,178
2689,5/12/2017,153
2690,5/13/2017,164
2691,5/14/2017,143
2692,5/15/2017,206
2693,5/16/2017,179
2694,5/17/2017,162
2695,5/18/2017,160
2696,5/19/2017,147
2697,5/20/2017,157
2698,5/21/2017,157
2699,5/22/2017,180
2700,5/23/2017,156
2701,5/24/2017,166
2702,5/25/2017,152
2703,5/26/2017,156
2704,5/27/2017,171
2705,5/28/2017,167
2706,5/29/2017,166
2707,5/30/2017,167
2708,5/31/2017,185
2709,6/1/2017,177
2710,6/2/2017,173
2711,6/3/2017,135
2712,6/4/2017,163
2713,6/5/2017,210
2714,6/6/2017,153
2715,6/7/2017,180
2716,6/8/2017,160
2717,6/9/2017,169
2718,6/10/2017,154
2719,6/11/2017,147
2720,6/12/2017,164
2721,6/13/2017,169
2722,6/14/2017,170
2723,6/15/2017,160
2724,6/16/2017,147
2725,6/17/2017,135
2726,6/18/2017,158
2727,6/19/2017,180
2728,6/20/2017,150
2729,6/21/2017,160
2730,6/22/2017,159
2731,6/23/2017,176
2732,6/24/2017,145
2733,6/25/2017,162
2734,6/26/2017,166
2735,6/27/2017,173
2736,6/28/2017,147
2737,6/29/2017,152
2738,6/30/2017,132
2739,7/1/2017,129
2740,7/2/2017,153
2741,7/3/2017,172
2742,7/4/2017,126
2743,7/5/2017,185
2744,7/6/2017,175
2745,7/7/2017,136
2746,7/8/2017,143
2747,7/9/2017,156
2748,7/10/2017,188
2749,7/11/2017,159
2750,7/12/2017,179
2751,7/13/2017,162
2752,7/14/2017,161
2753,7/15/2017,147
2754,7/16/2017,141
2755,7/17/2017,154
2756,7/18/2017,157
2757,7/19/2017,165
2758,7/20/2017,148
2759,7/21/2017,145
2760,7/22/2017,146
2761,7/23/2017,147
2762,7/24/2017,191
2763,7/25/2017,151
2764,7/26/2017,184
2765,7/27/2017,181
2766,7/28/2017,166
2767,7/29/2017,158
2768,7/30/2017,153
2769,7/31/2017,184
2770,8/1/2017,167
2771,8/2/2017,180
2772,8/3/2017,160
2773,8/4/2017,142
2774,8/5/2017,135
2775,8/6/2017,178
2776,8/7/2017,162
2777,8/8/2017,181
2778,8/9/2017,177
2779,8/10/2017,152
2780,8/11/2017,170
2781,8/12/2017,162
2782,8/13/2017,157
2783,8/14/2017,175
2784,8/15/2017,188
2785,8/16/2017,147
2786,8/17/2017,134
2787,8/18/2017,152
2788,8/19/2017,148
2789,8/20/2017,189
2790,8/21/2017,195
2791,8/22/2017,160
2792,8/23/2017,183
2793,8/24/2017,180
2794,8/25/2017,169
2795,8/26/2017,154
2796,8/27/2017,153
2797,8/28/2017,202
2798,8/29/2017,161
2799,8/30/2017,168
2800,8/31/2017,193
2801,9/1/2017,173
2802,9/2/2017,154
2803,9/3/2017,152
2804,9/4/2017,148
2805,9/5/2017,180
2806,9/6/2017,195
2807,9/7/2017,155
2808,9/8/2017,132
2809,9/9/2017,130
2810,9/10/2017,63
2811,9/11/2017,138
2812,9/12/2017,188
2813,9/13/2017,193
2814,9/14/2017,180
2815,9/15/2017,166
2816,9/16/2017,156
2817,9/17/2017,172
2818,9/18/2017,198
2819,9/19/2017,171
2820,9/20/2017,166
2821,9/21/2017,161
2822,9/22/2017,160
2823,9/23/2017,142
2824,9/24/2017,170
2825,9/25/2017,188
2826,9/26/2017,174
2827,9/27/2017,168
2828,9/28/2017,162
2829,9/29/2017,155
2830,9/30/2017,172
2831,10/1/2017,151
2832,10/2/2017,197
2833,10/3/2017,171
2834,10/4/2017,158
2835,10/5/2017,176
2836,10/6/2017,168
2837,10/7/2017,154
2838,10/8/2017,154
2839,10/9/2017,186
2840,10/10/2017,174
2841,10/11/2017,189
2842,10/12/2017,180
2843,10/13/2017,158
2844,10/14/2017,150
2845,10/15/2017,165
2846,10/16/2017,199
2847,10/17/2017,185
2848,10/18/2017,174
2849,10/19/2017,175
2850,10/20/2017,166
2851,10/21/2017,154
2852,10/22/2017,147
2853,10/23/2017,198
2854,10/24/2017,193
2855,10/25/2017,181
2856,10/26/2017,160
2857,10/27/2017,169
2858,10/28/2017,179
2859,10/29/2017,170
2860,10/30/2017,181
2861,10/31/2017,172
2862,11/1/2017,202
2863,11/2/2017,196
2864,11/3/2017,174
2865,11/4/2017,156
2866,11/5/2017,164
2867,11/6/2017,193
2868,11/7/2017,198
2869,11/8/2017,197
2870,11/9/2017,185
2871,11/10/2017,175
2872,11/11/2017,167
2873,11/12/2017,182
2874,11/13/2017,219
2875,11/14/2017,176
2876,11/15/2017,193
2877,11/16/2017,190
2878,11/17/2017,158
2879,11/18/2017,172
2880,11/19/2017,179
2881,11/20/2017,210
2882,11/21/2017,193
2883,11/22/2017,168
2884,11/23/2017,133
2885,11/24/2017,198
2886,11/25/2017,200
2887,11/26/2017,164
2888,11/27/2017,232
2889,11/28/2017,204
2890,11/29/2017,167
2891,11/30/2017,193
2892,12/1/2017,198
2893,12/2/2017,167
2894,12/3/2017,172
2895,12/4/2017,229
2896,12/5/2017,208
2897,12/6/2017,200
2898,12/7/2017,163
2899,12/8/2017,176
2900,12/9/2017,158
2901,12/10/2017,168
2902,12/11/2017,186
2903,12/12/2017,212
2904,12/13/2017,179
2905,12/14/2017,183
2906,12/15/2017,176
2907,12/16/2017,167
2908,12/17/2017,152
2909,12/18/2017,224
2910,12/19/2017,208
2911,12/20/2017,181
2912,12/21/2017,187
2913,12/22/2017,206
2914,12/23/2017,187
2915,12/24/2017,180
2916,12/25/2017,176
2917,12/26/2017,226
2918,12/27/2017,217
2919,12/28/2017,226
2920,12/29/2017,188
2921,12/30/2017,201
2922,12/31/2017,151
2923,1/1/2018,212
2924,1/2/2018,222
2925,1/3/2018,205
2926,1/4/2018,202
2927,1/5/2018,210
2928,1/6/2018,189
2929,1/7/2018,224
2930,1/8/2018,237
2931,1/9/2018,247
2932,1/10/2018,230
2933,1/11/2018,225
2934,1/12/2018,211
2935,1/13/2018,210
2936,1/14/2018,174
2937,1/15/2018,228
2938,1/16/2018,234
2939,1/17/2018,245
2940,1/18/2018,214
2941,1/19/2018,189
2942,1/20/2018,167
2943,1/21/2018,229
2944,1/22/2018,220
2945,1/23/2018,237
2946,1/24/2018,257
2947,1/25/2018,233
2948,1/26/2018,207
2949,1/27/2018,219
2950,1/28/2018,224
2951,1/29/2018,260
2952,1/30/2018,251
2953,1/31/2018,224
2954,2/1/2018,207
2955,2/2/2018,200
2956,2/3/2018,197
2957,2/4/2018,195
2958,2/5/2018,237
2959,2/6/2018,257
2960,2/7/2018,237
2961,2/8/2018,217
2962,2/9/2018,194
2963,2/10/2018,182
2964,2/11/2018,233
2965,2/12/2018,245
2966,2/13/2018,231
2967,2/14/2018,187
2968,2/15/2018,216
2969,2/16/2018,181
2970,2/17/2018,184
2971,2/18/2018,187
2972,2/19/2018,222
2973,2/20/2018,202
2974,2/21/2018,230
2975,2/22/2018,213
2976,2/23/2018,205
2977,2/24/2018,153
2978,2/25/2018,181
2979,2/26/2018,218
2980,2/27/2018,227
2981,2/28/2018,178
2982,3/1/2018,189
2983,3/2/2018,183
2984,3/3/2018,182
2985,3/4/2018,201
2986,3/5/2018,201
2987,3/6/2018,197
2988,3/7/2018,179
2989,3/8/2018,167
2990,3/9/2018,182
2991,3/10/2018,151
2992,3/11/2018,159
2993,3/12/2018,196
2994,3/13/2018,199
2995,3/14/2018,221
2996,3/15/2018,196
2997,3/16/2018,165
2998,3/17/2018,184
2999,3/18/2018,151
3000,3/19/2018,208
3001,3/20/2018,184
3002,3/21/2018,207
3003,3/22/2018,174
3004,3/23/2018,184
3005,3/24/2018,167
3006,3/25/2018,186
3007,3/26/2018,230
3008,3/27/2018,200
3009,3/28/2018,210
3010,3/29/2018,182
3011,3/30/2018,168
3012,3/31/2018,179
3013,4/1/2018,175
3014,4/2/2018,219
3015,4/3/2018,228
3016,4/4/2018,213
3017,4/5/2018,184
3018,4/6/2018,205
3019,4/7/2018,189
3020,4/8/2018,176
3021,4/9/2018,222
3022,4/10/2018,172
3023,4/11/2018,183
3024,4/12/2018,180
3025,4/13/2018,160
3026,4/14/2018,171
3027,4/15/2018,181
3028,4/16/2018,178
3029,4/17/2018,196
3030,4/18/2018,196
3031,4/19/2018,190
3032,4/20/2018,166
3033,4/21/2018,160
3034,4/22/2018,168
3035,4/23/2018,237
3036,4/24/2018,211
3037,4/25/2018,177
3038,4/26/2018,183
3039,4/27/2018,172
3040,4/28/2018,154
3041,4/29/2018,179
3042,4/30/2018,232
3043,5/1/2018,193
3044,5/2/2018,181
3045,5/3/2018,182
3046,5/4/2018,170
3047,5/5/2018,168
3048,5/6/2018,179
3049,5/7/2018,201
3050,5/8/2018,191
3051,5/9/2018,186
3052,5/10/2018,174
3053,5/11/2018,195
3054,5/12/2018,158
3055,5/13/2018,133
3056,5/14/2018,196
3057,5/15/2018,166
3058,5/16/2018,184
3059,5/17/2018,154
3060,5/18/2018,178
3061,5/19/2018,163
3062,5/20/2018,175
3063,5/21/2018,203
3064,5/22/2018,173
3065,5/23/2018,174
3066,5/24/2018,194
3067,5/25/2018,177
3068,5/26/2018,161
3069,5/27/2018,167
3070,5/28/2018,183
3071,5/29/2018,214
3072,5/30/2018,196
3073,5/31/2018,156
3074,6/1/2018,175
3075,6/2/2018,178
3076,6/3/2018,161
3077,6/4/2018,207
3078,6/5/2018,170
3079,6/6/2018,195
3080,6/7/2018,198
3081,6/8/2018,180
3082,6/9/2018,178
3083,6/10/2018,166
3084,6/11/2018,177
3085,6/12/2018,156
3086,6/13/2018,158
3087,6/14/2018,179
3088,6/15/2018,153
3089,6/16/2018,160
3090,6/17/2018,166
3091,6/18/2018,200
3092,6/19/2018,184
3093,6/20/2018,156
3094,6/21/2018,177
3095,6/22/2018,154
3096,6/23/2018,188
3097,6/24/2018,148
3098,6/25/2018,208
3099,6/26/2018,187
3100,6/27/2018,165
3101,6/28/2018,145
3102,6/29/2018,169
3103,6/30/2018,172
3104,7/1/2018,155
3105,7/2/2018,181
3106,7/3/2018,165
3107,7/4/2018,130
3108,7/5/2018,178
3109,7/6/2018,155
3110,7/7/2018,176
3111,7/8/2018,164
3112,7/9/2018,209
3113,7/10/2018,187
3114,7/11/2018,199
3115,7/12/2018,181
3116,7/13/2018,189
3117,7/14/2018,162
3118,7/15/2018,157
3119,7/16/2018,200
3120,7/17/2018,182
3121,7/18/2018,189
3122,7/19/2018,170
3123,7/20/2018,168
3124,7/21/2018,166
3125,7/22/2018,152
3126,7/23/2018,191
3127,7/24/2018,158
3128,7/25/2018,197
3129,7/26/2018,164
3130,7/27/2018,175
3131,7/28/2018,153
3132,7/29/2018,170
3133,7/30/2018,190
3134,7/31/2018,192
3135,8/1/2018,166
3136,8/2/2018,185
3137,8/3/2018,167
3138,8/4/2018,153
3139,8/5/2018,152
3140,8/6/2018,207
3141,8/7/2018,174
3142,8/8/2018,177
3143,8/9/2018,171
3144,8/10/2018,179
3145,8/11/2018,160
3146,8/12/2018,151
3147,8/13/2018,206
3148,8/14/2018,199
3149,8/15/2018,155
3150,8/16/2018,169
3151,8/17/2018,167
3152,8/18/2018,185
3153,8/19/2018,160
3154,8/20/2018,204
3155,8/21/2018,182
3156,8/22/2018,174
3157,8/23/2018,183
3158,8/24/2018,176
3159,8/25/2018,171
3160,8/26/2018,142
3161,8/27/2018,216
3162,8/28/2018,158
3163,8/29/2018,177
3164,8/30/2018,197
3165,8/31/2018,190
3166,9/1/2018,168
3167,9/2/2018,164
3168,9/3/2018,152
3169,9/4/2018,219
3170,9/5/2018,198
3171,9/6/2018,176
3172,9/7/2018,177
3173,9/8/2018,170
3174,9/9/2018,153
3175,9/10/2018,191
3176,9/11/2018,204
3177,9/12/2018,199
3178,9/13/2018,181
3179,9/14/2018,193
3180,9/15/2018,160
3181,9/16/2018,163
3182,9/17/2018,225
3183,9/18/2018,200
3184,9/19/2018,183
3185,9/20/2018,162
3186,9/21/2018,156
3187,9/22/2018,144
3188,9/23/2018,151
3189,9/24/2018,230
3190,9/25/2018,187
3191,9/26/2018,188
3192,9/27/2018,161
3193,9/28/2018,167
3194,9/29/2018,157
3195,9/30/2018,140
3196,10/1/2018,199
3197,10/2/2018,177
3198,10/3/2018,187
3199,10/4/2018,213
3200,10/5/2018,205
3201,10/6/2018,177
3202,10/7/2018,157
3203,10/8/2018,184
3204,10/9/2018,162
3205,10/10/2018,172
3206,10/11/2018,184
3207,10/12/2018,163
3208,10/13/2018,171
3209,10/14/2018,190
3210,10/15/2018,204
3211,10/16/2018,193
3212,10/17/2018,187
3213,10/18/2018,198
3214,10/19/2018,195
3215,10/20/2018,164
3216,10/21/2018,137
3217,10/22/2018,183
3218,10/23/2018,211
3219,10/24/2018,191
3220,10/25/2018,153
3221,10/26/2018,161
3222,10/27/2018,147
3223,10/28/2018,156
3224,10/29/2018,187
3225,10/30/2018,169
3226,10/31/2018,143
3227,11/1/2018,190
3228,11/2/2018,166
3229,11/3/2018,135
3230,11/4/2018,167
3231,11/5/2018,186
3232,11/6/2018,173
3233,11/7/2018,200
3234,11/8/2018,195
3235,11/9/2018,163
3236,11/10/2018,148
3237,11/11/2018,189
3238,11/12/2018,188
3239,11/13/2018,196
3240,11/14/2018,181
3241,11/15/2018,139
3242,11/16/2018,165
3243,11/17/2018,146
3244,11/18/2018,142
3245,11/19/2018,192
3246,11/20/2018,165
3247,11/21/2018,147
3248,11/22/2018,123
3249,11/23/2018,198
3250,11/24/2018,185
3251,11/25/2018,187
3252,11/26/2018,212
3253,11/27/2018,205
3254,11/28/2018,180
3255,11/29/2018,164
3256,11/30/2018,170
3257,12/1/2018,166
3258,12/2/2018,172
3259,12/3/2018,191
3260,12/4/2018,180
3261,12/5/2018,168
3262,12/6/2018,183
3263,12/7/2018,153
3264,12/8/2018,170
3265,12/9/2018,146
3266,12/10/2018,180
3267,12/11/2018,167
3268,12/12/2018,182
3269,12/13/2018,157
3270,12/14/2018,168
3271,12/15/2018,162
3272,12/16/2018,145
3273,12/17/2018,187
3274,12/18/2018,203
3275,12/19/2018,190
3276,12/20/2018,156
3277,12/21/2018,159
3278,12/22/2018,161
3279,12/23/2018,152
3280,12/24/2018,147
3281,12/25/2018,173
3282,12/26/2018,211
3283,12/27/2018,208
3284,12/28/2018,221
3285,12/29/2018,214
3286,12/30/2018,181
3287,12/31/2018,146
3288,1/1/2019,197
3289,1/2/2019,222
3290,1/3/2019,207
3291,1/4/2019,195
3292,1/5/2019,174
3293,1/6/2019,169
3294,1/7/2019,202
3295,1/8/2019,199
3296,1/9/2019,194
3297,1/10/2019,181
3298,1/11/2019,161
3299,1/12/2019,162
3300,1/13/2019,165
3301,1/14/2019,210
3302,1/15/2019,184
3303,1/16/2019,183
3304,1/17/2019,168
3305,1/18/2019,177
3306,1/19/2019,163
3307,1/20/2019,152
3308,1/21/2019,152
3309,1/22/2019,195
3310,1/23/2019,186
3311,1/24/2019,169
3312,1/25/2019,184
3313,1/26/2019,134
3314,1/27/2019,141
3315,1/28/2019,187
3316,1/29/2019,208
3317,1/30/2019,169
3318,1/31/2019,158
3319,2/1/2019,182
3320,2/2/2019,164
3321,2/3/2019,178
3322,2/4/2019,224
3323,2/5/2019,182
3324,2/6/2019,186
3325,2/7/2019,209
3326,2/8/2019,189
3327,2/9/2019,153
3328,2/10/2019,158
3329,2/11/2019,218
3330,2/12/2019,212
3331,2/13/2019,168
3332,2/14/2019,173
3333,2/15/2019,164
3334,2/16/2019,161
3335,2/17/2019,164
3336,2/18/2019,219
3337,2/19/2019,198
3338,2/20/2019,190
3339,2/21/2019,159
3340,2/22/2019,173
3341,2/23/2019,163
3342,2/24/2019,166
3343,2/25/2019,198
3344,2/26/2019,168
3345,2/27/2019,186
3346,2/28/2019,198
3347,3/1/2019,175
3348,3/2/2019,155
3349,3/3/2019,152
3350,3/4/2019,183
3351,3/5/2019,174
3352,3/6/2019,176
3353,3/7/2019,185
3354,3/8/2019,163
3355,3/9/2019,143
3356,3/10/2019,149
3357,3/11/2019,184
3358,3/12/2019,175
3359,3/13/2019,172
3360,3/14/2019,168
3361,3/15/2019,187
3362,3/16/2019,158
3363,3/17/2019,168
3364,3/18/2019,172
3365,3/19/2019,175
3366,3/20/2019,137
3367,3/21/2019,170
3368,3/22/2019,161
3369,3/23/2019,157
3370,3/24/2019,153
3371,3/25/2019,170
3372,3/26/2019,177
3373,3/27/2019,154
3374,3/28/2019,176
3375,3/29/2019,157
3376,3/30/2019,115
3377,3/31/2019,143
3378,4/1/2019,179
3379,4/2/2019,177
3380,4/3/2019,165
3381,4/4/2019,156
3382,4/5/2019,166
3383,4/6/2019,157
3384,4/7/2019,162
3385,4/8/2019,177
3386,4/9/2019,162
3387,4/10/2019,160
3388,4/11/2019,170
3389,4/12/2019,142
3390,4/13/2019,137
3391,4/14/2019,145
3392,4/15/2019,167
3393,4/16/2019,180
3394,4/17/2019,168
3395,4/18/2019,163
3396,4/19/2019,157
3397,4/20/2019,144
3398,4/21/2019,133
3399,4/22/2019,170
3400,4/23/2019,147
3401,4/24/2019,151
3402,4/25/2019,173
3403,4/26/2019,155
3404,4/27/2019,129
3405,4/28/2019,123
3406,4/29/2019,193
3407,4/30/2019,162
3408,5/1/2019,173
3409,5/2/2019,156
3410,5/3/2019,143
3411,5/4/2019,159
3412,5/5/2019,129
3413,5/6/2019,157
3414,5/7/2019,171
3415,5/8/2019,142
3416,5/9/2019,140
3417,5/10/2019,158
3418,5/11/2019,147
3419,5/12/2019,113
3420,5/13/2019,181
3421,5/14/2019,168
3422,5/15/2019,158
3423,5/16/2019,154
3424,5/17/2019,159
3425,5/18/2019,132
3426,5/19/2019,164
3427,5/20/2019,169
3428,5/21/2019,173
3429,5/22/2019,139
3430,5/23/2019,132
3431,5/24/2019,140
3432,5/25/2019,141
3433,5/26/2019,137
3434,5/27/2019,171
3435,5/28/2019,145
3436,5/29/2019,148
3437,5/30/2019,163
3438,5/31/2019,132
3439,6/1/2019,136
3440,6/2/2019,151
3441,6/3/2019,154
3442,6/4/2019,153
3443,6/5/2019,136
3444,6/6/2019,123
3445,6/7/2019,147
3446,6/8/2019,127
3447,6/9/2019,135
3448,6/10/2019,164
3449,6/11/2019,144
3450,6/12/2019,137
3451,6/13/2019,134
3452,6/14/2019,134
3453,6/15/2019,130
3454,6/16/2019,143
3455,6/17/2019,185
3456,6/18/2019,163
3457,6/19/2019,117
3458,6/20/2019,160
3459,6/21/2019,154
3460,6/22/2019,157
3461,6/23/2019,125
3462,6/24/2019,151
3463,6/25/2019,142
3464,6/26/2019,145
3465,6/27/2019,137
3466,6/28/2019,146
3467,6/29/2019,128
3468,6/30/2019,150
3469,7/1/2019,170
3470,7/2/2019,125
3471,7/3/2019,172
3472,7/4/2019,123
3473,7/5/2019,134
3474,7/6/2019,134
3475,7/7/2019,120
3476,7/8/2019,170
3477,7/9/2019,170
3478,7/10/2019,147
3479,7/11/2019,144
3480,7/12/2019,161
3481,7/13/2019,139
3482,7/14/2019,138
3483,7/15/2019,145
3484,7/16/2019,159
3485,7/17/2019,152
3486,7/18/2019,130
3487,7/19/2019,150
3488,7/20/2019,129
3489,7/21/2019,134
3490,7/22/2019,167
3491,7/23/2019,156
3492,7/24/2019,123
3493,7/25/2019,120
3494,7/26/2019,133
3495,7/27/2019,128
3496,7/28/2019,144
3497,7/29/2019,132
3498,7/30/2019,162
3499,7/31/2019,133
3500,8/1/2019,137
3501,8/2/2019,144
3502,8/3/2019,150
3503,8/4/2019,127
3504,8/5/2019,174
3505,8/6/2019,146
3506,8/7/2019,146
3507,8/8/2019,154
3508,8/9/2019,147
3509,8/10/2019,136
3510,8/11/2019,120
3511,8/12/2019,137
3512,8/13/2019,157
3513,8/14/2019,135
3514,8/15/2019,144
3515,8/16/2019,160
3516,8/17/2019,136
3517,8/18/2019,149
3518,8/19/2019,174
3519,8/20/2019,155
3520,8/21/2019,172
3521,8/22/2019,140
3522,8/23/2019,146
3523,8/24/2019,148
3524,8/25/2019,149
3525,8/26/2019,189
3526,8/27/2019,178
3527,8/28/2019,163
3528,8/29/2019,153
3529,8/30/2019,147
3530,8/31/2019,128
3531,9/1/2019,136
3532,9/2/2019,117
3533,9/3/2019,129
3534,9/4/2019,153
3535,9/5/2019,186
3536,9/6/2019,178
3537,9/7/2019,127
3538,9/8/2019,168
3539,9/9/2019,184
3540,9/10/2019,174
3541,9/11/2019,164
3542,9/12/2019,146
3543,9/13/2019,147
3544,9/14/2019,135
3545,9/15/2019,141
3546,9/16/2019,175
3547,9/17/2019,167
3548,9/18/2019,159
3549,9/19/2019,154
3550,9/20/2019,150
3551,9/21/2019,123
3552,9/22/2019,122
3553,9/23/2019,186
3554,9/24/2019,163
3555,9/25/2019,129
3556,9/26/2019,168
3557,9/27/2019,153
3558,9/28/2019,120
3559,9/29/2019,144
3560,9/30/2019,169
3561,10/1/2019,172
3562,10/2/2019,168
3563,10/3/2019,161
3564,10/4/2019,136
3565,10/5/2019,127
3566,10/6/2019,147
3567,10/7/2019,169
3568,10/8/2019,188
3569,10/9/2019,158
3570,10/10/2019,164
3571,10/11/2019,160
3572,10/12/2019,112
3573,10/13/2019,157
3574,10/14/2019,183
3575,10/15/2019,147
3576,10/16/2019,149
3577,10/17/2019,133
3578,10/18/2019,169
3579,10/19/2019,134
3580,10/20/2019,141
3581,10/21/2019,163
3582,10/22/2019,156
3583,10/23/2019,146
3584,10/24/2019,161
3585,10/25/2019,158
3586,10/26/2019,134
3587,10/27/2019,117
3588,10/28/2019,165
3589,10/29/2019,145
3590,10/30/2019,162
3591,10/31/2019,159
3592,11/1/2019,138
3593,11/2/2019,140
3594,11/3/2019,147
3595,11/4/2019,176
3596,11/5/2019,159
3597,11/6/2019,150
3598,11/7/2019,183
3599,11/8/2019,167
3600,11/9/2019,140
3601,11/10/2019,142
3602,11/11/2019,177
3603,11/12/2019,154
3604,11/13/2019,149
3605,11/14/2019,150
3606,11/15/2019,129
3607,11/16/2019,116
3608,11/17/2019,139
3609,11/18/2019,174
3610,11/19/2019,141
3611,11/20/2019,168
3612,11/21/2019,142
3613,11/22/2019,160
3614,11/23/2019,132
3615,11/24/2019,144
3616,11/25/2019,165
3617,11/26/2019,142
3618,11/27/2019,145
3619,11/28/2019,124
3620,11/29/2019,169
3621,11/30/2019,161
3622,12/1/2019,168
3623,12/2/2019,186
3624,12/3/2019,162
3625,12/4/2019,153
3626,12/5/2019,152
3627,12/6/2019,163
3628,12/7/2019,141
3629,12/8/2019,144
3630,12/9/2019,167
3631,12/10/2019,156
3632,12/11/2019,168
3633,12/12/2019,140
3634,12/13/2019,157
3635,12/14/2019,133
3636,12/15/2019,142
3637,12/16/2019,174
3638,12/17/2019,162
3639,12/18/2019,133
3640,12/19/2019,127
3641,12/20/2019,145
3642,12/21/2019,133
3643,12/22/2019,162
3644,12/23/2019,154
3645,12/24/2019,122
3646,12/25/2019,139
3647,12/26/2019,181
3648,12/27/2019,200
3649,12/28/2019,173
3650,12/29/2019,162
3651,12/30/2019,188
3652,12/31/2019,131
